2026-10-06 21:58:14.093 +00:00 [WRN] Slow request /api/orders took 5033ms (threshold 1000ms) user="edsger"
2026-10-06 21:58:15.777 +00:00 [INF] HTTP GET /api/orders/{id} responded 200 in 237ms user="margaret" trace=3ae56408-0001-0002-0304-050607080902
2026-10-06 21:58:17.098 +00:00 [DBG] Cache lookup key="order:67f56915-0001-0002-0304-050607080903" hit=False elapsed=18ms
2026-10-06 21:58:18.947 +00:00 [INF] HTTP POST /api/orders/{id} responded 201 in 397ms user="grace" trace=66893902-0001-0002-0304-050607080904
2026-10-06 21:58:20.835 +00:00 [WRN] Slow request /health took 1950ms (threshold 1000ms) user="linus"
2026-10-06 21:58:22.332 +00:00 [INF] HTTP GET /api/orders responded 404 in 327ms user="linus" trace=7601fea7-0001-0002-0304-050607080906
2026-10-06 21:58:23.539 +00:00 [VRB] Dispatching OrderService.Tick sequence=7
2026-10-06 21:58:24.164 +00:00 [VRB] Dispatching AuthProvider.Tick sequence=8
2026-10-06 21:58:25.066 +00:00 [DBG] Cache lookup key="order:1f0fa11a-0001-0002-0304-050607080909" hit=True elapsed=36ms
2026-10-06 21:58:26.706 +00:00 [INF] HTTP GET /api/orders responded 204 in 400ms user="grace" trace=052c2ff6-0001-0002-0304-05060708090a
2026-10-06 21:58:28.411 +00:00 [WRN] Slow request /health took 3165ms (threshold 1000ms) user="margaret"
2026-10-06 21:58:30.095 +00:00 [DBG] Cache lookup key="order:1cebaaf6-0001-0002-0304-05060708090c" hit=False elapsed=31ms
2026-10-06 21:58:30.304 +00:00 [INF] HTTP GET /api/payments responded 404 in 250ms user="barbara" trace=0385e527-0001-0002-0304-05060708090d
2026-10-06 21:58:32.676 +00:00 [INF] HTTP PUT /api/orders/{id} responded 200 in 311ms user="edsger" trace=30b529a4-0001-0002-0304-05060708090e
2026-10-06 21:58:34.293 +00:00 [WRN] Slow request /api/orders/{id} took 1584ms (threshold 1000ms) user="barbara"
2026-10-06 21:58:36.165 +00:00 [ERR] Payment failed for order 615c9a2f-0001-0002-0304-050607080910 user="barbara" amount=105.52 attempt=3
System.Net.Http.HttpRequestException: Response status code does not indicate success: 502 (Bad Gateway).
   at Contoso.Orders.PaymentGateway.ChargeAsync(Order order, CancellationToken token) in C:\src\Orders\PaymentGateway.cs:line 118
   at Contoso.Orders.OrderService.CompleteAsync(Guid orderId) in C:\src\Orders\OrderService.cs:line 64
   at Contoso.Web.Endpoints.OrdersEndpoint.Post(HttpContext context) in C:\src\Web\OrdersEndpoint.cs:line 37
   at Microsoft.AspNetCore.Routing.EndpointMiddleware.Invoke(HttpContext httpContext)
--- End of stack trace from previous location ---
   at Microsoft.AspNetCore.Diagnostics.ExceptionHandlerMiddlewareImpl.Invoke(HttpContext context)
2026-10-06 21:58:36.810 +00:00 [FTL] Unhandled exception in OrderService; the host is shutting down
System.InvalidOperationException: Sequence contains no elements
   at Contoso.Orders.PaymentGateway.ChargeAsync(Order order, CancellationToken token) in C:\src\Orders\PaymentGateway.cs:line 118
   at Contoso.Orders.OrderService.CompleteAsync(Guid orderId) in C:\src\Orders\OrderService.cs:line 64
   at Contoso.Web.Endpoints.OrdersEndpoint.Post(HttpContext context) in C:\src\Web\OrdersEndpoint.cs:line 37
   at Microsoft.AspNetCore.Routing.EndpointMiddleware.Invoke(HttpContext httpContext)
--- End of stack trace from previous location ---
   at Microsoft.AspNetCore.Diagnostics.ExceptionHandlerMiddlewareImpl.Invoke(HttpContext context)
2026-10-06 21:58:37.180 +00:00 [INF] HTTP GET /api/orders/{id} responded 204 in 168ms user="margaret" trace=137f73d8-0001-0002-0304-050607080912
2026-10-06 21:58:38.769 +00:00 [INF] HTTP POST /api/orders/{id} responded 201 in 10ms user="grace" trace=3fdda0e1-0001-0002-0304-050607080913
2026-10-06 21:58:39.215 +00:00 [INF] HTTP GET /api/orders responded 200 in 84ms user="grace" trace=62f2a9c2-0001-0002-0304-050607080914
2026-10-06 21:58:40.273 +00:00 [INF] HTTP PUT /api/search responded 200 in 318ms user="barbara" trace=6770cb46-0001-0002-0304-050607080915
2026-10-06 21:58:41.160 +00:00 [DBG] Cache lookup key="order:55d268e4-0001-0002-0304-050607080916" hit=False elapsed=15ms
2026-10-06 21:58:42.352 +00:00 [DBG] Cache lookup key="order:461671b1-0001-0002-0304-050607080917" hit=True elapsed=15ms
2026-10-06 21:58:43.620 +00:00 [INF] HTTP PUT /api/orders responded 200 in 236ms user="ada" trace=109df7c3-0001-0002-0304-050607080918
2026-10-06 21:58:45.286 +00:00 [INF] HTTP PUT /health responded 201 in 385ms user="margaret" trace=56f79e38-0001-0002-0304-050607080919
2026-10-06 21:58:45.873 +00:00 [VRB] Dispatching Scheduler.Tick sequence=26
2026-10-06 21:58:47.611 +00:00 [WRN] Slow request /api/customers/{id} took 5424ms (threshold 1000ms) user="ada"
2026-10-06 21:58:49.579 +00:00 [DBG] Cache lookup key="order:3f857c4a-0001-0002-0304-05060708091c" hit=True elapsed=33ms
2026-10-06 21:58:51.176 +00:00 [INF] HTTP POST /api/payments responded 404 in 41ms user="alan" trace=37b466ca-0001-0002-0304-05060708091d
2026-10-06 21:58:52.498 +00:00 [INF] HTTP GET /api/search responded 404 in 392ms user="alan" trace=39c99cb5-0001-0002-0304-05060708091e
2026-10-06 21:58:54.552 +00:00 [WRN] Slow request /api/orders took 6149ms (threshold 1000ms) user="alan"
2026-10-06 21:58:56.481 +00:00 [VRB] Dispatching PaymentGateway.Tick sequence=32
2026-10-06 21:58:58.699 +00:00 [DBG] Cache lookup key="order:63689fca-0001-0002-0304-050607080921" hit=True elapsed=3ms
2026-10-06 21:59:00.756 +00:00 [WRN] Slow request /api/orders/{id} took 7869ms (threshold 1000ms) user="ada"
2026-10-06 21:59:01.687 +00:00 [INF] HTTP PUT /health responded 200 in 381ms user="barbara" trace=17d76f0d-0001-0002-0304-050607080923
2026-10-06 21:59:03.408 +00:00 [INF] HTTP PUT /api/customers/{id} responded 201 in 412ms user="grace" trace=26ccc563-0001-0002-0304-050607080924
2026-10-06 21:59:03.486 +00:00 [INF] HTTP GET /api/customers/{id} responded 204 in 481ms user="barbara" trace=3a6f91a7-0001-0002-0304-050607080925
2026-10-06 21:59:04.251 +00:00 [WRN] Slow request /api/orders/{id} took 7279ms (threshold 1000ms) user="alan"
2026-10-06 21:59:06.210 +00:00 [INF] HTTP POST /health responded 200 in 270ms user="edsger" trace=1c338feb-0001-0002-0304-050607080927
2026-10-06 21:59:08.405 +00:00 [WRN] Slow request /api/customers/{id} took 2933ms (threshold 1000ms) user="linus"
2026-10-06 21:59:08.639 +00:00 [INF] HTTP POST /api/orders responded 200 in 133ms user="alan" trace=32727580-0001-0002-0304-050607080929
2026-10-06 21:59:09.145 +00:00 [INF] HTTP POST /api/search responded 201 in 499ms user="margaret" trace=4fdd2204-0001-0002-0304-05060708092a
2026-10-06 21:59:09.942 +00:00 [DBG] Cache lookup key="order:77fdecfa-0001-0002-0304-05060708092b" hit=True elapsed=12ms
2026-10-06 21:59:11.508 +00:00 [INF] HTTP PUT /api/search responded 201 in 261ms user="ada" trace=23a02c33-0001-0002-0304-05060708092c
2026-10-06 21:59:11.871 +00:00 [VRB] Dispatching Scheduler.Tick sequence=45
2026-10-06 21:59:12.805 +00:00 [WRN] Slow request /api/orders took 6635ms (threshold 1000ms) user="barbara"
2026-10-06 21:59:14.239 +00:00 [INF] HTTP PUT /api/orders responded 404 in 349ms user="alan" trace=3556f195-0001-0002-0304-05060708092f
2026-10-06 21:59:14.443 +00:00 [INF] HTTP POST /health responded 200 in 168ms user="ada" trace=2f54a2ee-0001-0002-0304-050607080930
2026-10-06 21:59:15.199 +00:00 [DBG] Cache lookup key="order:160bbbb6-0001-0002-0304-050607080931" hit=True elapsed=13ms
2026-10-06 21:59:17.063 +00:00 [INF] HTTP GET /api/payments responded 404 in 425ms user="barbara" trace=2e5279fe-0001-0002-0304-050607080932
2026-10-06 21:59:19.022 +00:00 [VRB] Dispatching PaymentGateway.Tick sequence=51
2026-10-06 21:59:20.515 +00:00 [INF] HTTP POST /api/orders responded 404 in 484ms user="grace" trace=15808e3c-0001-0002-0304-050607080934
2026-10-06 21:59:22.033 +00:00 [WRN] Slow request /api/search took 8212ms (threshold 1000ms) user="alan"
2026-10-06 21:59:22.303 +00:00 [INF] HTTP PUT /api/orders/{id} responded 200 in 535ms user="grace" trace=572d27f0-0001-0002-0304-050607080936
2026-10-06 21:59:23.036 +00:00 [INF] HTTP GET /api/payments responded 200 in 591ms user="barbara" trace=6c30c547-0001-0002-0304-050607080937
2026-10-06 21:59:24.585 +00:00 [DBG] Cache lookup key="order:0603ac68-0001-0002-0304-050607080938" hit=False elapsed=21ms
2026-10-06 21:59:24.851 +00:00 [DBG] Cache lookup key="order:1b2bd664-0001-0002-0304-050607080939" hit=False elapsed=21ms
2026-10-06 21:59:25.201 +00:00 [INF] HTTP GET /api/payments responded 200 in 539ms user="barbara" trace=54ec4a6e-0001-0002-0304-05060708093a
2026-10-06 21:59:26.713 +00:00 [INF] HTTP GET /api/payments responded 204 in 147ms user="grace" trace=059e9282-0001-0002-0304-05060708093b
2026-10-06 21:59:28.231 +00:00 [INF] HTTP POST /api/payments responded 201 in 487ms user="alan" trace=73a086b9-0001-0002-0304-05060708093c
2026-10-06 21:59:29.134 +00:00 [INF] HTTP PUT /health responded 200 in 448ms user="edsger" trace=4a8ff6bf-0001-0002-0304-05060708093d
2026-10-06 21:59:30.812 +00:00 [INF] HTTP POST /health responded 404 in 34ms user="margaret" trace=6a05b532-0001-0002-0304-05060708093e
2026-10-06 21:59:32.564 +00:00 [INF] HTTP PUT /api/orders responded 200 in 274ms user="linus" trace=78d49467-0001-0002-0304-05060708093f
2026-10-06 21:59:32.768 +00:00 [INF] HTTP POST /api/orders responded 201 in 300ms user="barbara" trace=2a1fdb4b-0001-0002-0304-050607080940
2026-10-06 21:59:35.164 +00:00 [INF] HTTP GET /api/orders/{id} responded 204 in 363ms user="linus" trace=15f1bad3-0001-0002-0304-050607080941
2026-10-06 21:59:37.252 +00:00 [INF] HTTP PUT /health responded 201 in 456ms user="linus" trace=232f6329-0001-0002-0304-050607080942
2026-10-06 21:59:39.104 +00:00 [INF] HTTP GET /api/search responded 201 in 60ms user="grace" trace=7a1f88e9-0001-0002-0304-050607080943
2026-10-06 21:59:41.260 +00:00 [DBG] Cache lookup key="order:6ac72fdc-0001-0002-0304-050607080944" hit=False elapsed=20ms
2026-10-06 21:59:42.216 +00:00 [WRN] Slow request /health took 7612ms (threshold 1000ms) user="edsger"
2026-10-06 21:59:43.620 +00:00 [INF] HTTP GET /api/orders responded 204 in 256ms user="margaret" trace=78a4b41d-0001-0002-0304-050607080946
2026-10-06 21:59:45.862 +00:00 [INF] HTTP GET /api/customers/{id} responded 204 in 323ms user="barbara" trace=3bc2e21f-0001-0002-0304-050607080947
2026-10-06 21:59:46.874 +00:00 [WRN] Slow request /health took 2697ms (threshold 1000ms) user="grace"
2026-10-06 21:59:47.533 +00:00 [WRN] Slow request /api/orders took 4072ms (threshold 1000ms) user="linus"
2026-10-06 21:59:47.779 +00:00 [DBG] Cache lookup key="order:5db61e17-0001-0002-0304-05060708094a" hit=True elapsed=37ms
2026-10-06 21:59:48.203 +00:00 [DBG] Cache lookup key="order:1d9768ae-0001-0002-0304-05060708094b" hit=True elapsed=21ms
2026-10-06 21:59:49.308 +00:00 [INF] HTTP PUT /health responded 200 in 438ms user="grace" trace=12d03b3d-0001-0002-0304-05060708094c
2026-10-06 21:59:51.574 +00:00 [INF] HTTP GET /api/orders responded 200 in 237ms user="edsger" trace=42524a0f-0001-0002-0304-05060708094d
2026-10-06 21:59:52.309 +00:00 [INF] HTTP POST /api/orders/{id} responded 204 in 417ms user="edsger" trace=7528780d-0001-0002-0304-05060708094e
2026-10-06 21:59:52.628 +00:00 [INF] HTTP POST /api/payments responded 200 in 116ms user="edsger" trace=166c18be-0001-0002-0304-05060708094f
2026-10-06 21:59:53.739 +00:00 [INF] HTTP GET /api/orders/{id} responded 200 in 155ms user="ada" trace=27d6fef9-0001-0002-0304-050607080950
2026-10-06 21:59:55.275 +00:00 [VRB] Dispatching InventorySync.Tick sequence=81
2026-10-06 21:59:55.523 +00:00 [INF] HTTP PUT /api/payments responded 404 in 347ms user="linus" trace=71a3cf21-0001-0002-0304-050607080952
2026-10-06 21:59:57.347 +00:00 [INF] HTTP POST /api/orders responded 200 in 213ms user="margaret" trace=11fd5f4e-0001-0002-0304-050607080953
2026-10-06 21:59:58.667 +00:00 [WRN] Slow request /api/payments took 1638ms (threshold 1000ms) user="edsger"
2026-10-06 21:59:59.567 +00:00 [VRB] Dispatching OrderService.Tick sequence=85
2026-10-06 22:00:00.448 +00:00 [VRB] Dispatching PaymentGateway.Tick sequence=86
2026-10-06 22:00:00.651 +00:00 [WRN] Slow request /api/orders/{id} took 3441ms (threshold 1000ms) user="ada"
2026-10-06 22:00:02.596 +00:00 [INF] HTTP PUT /api/orders/{id} responded 204 in 104ms user="ada" trace=4e6fcf98-0001-0002-0304-050607080958
2026-10-06 22:00:03.946 +00:00 [WRN] Slow request /api/orders took 3073ms (threshold 1000ms) user="grace"
2026-10-06 22:00:05.973 +00:00 [INF] HTTP GET /api/orders responded 200 in 254ms user="ada" trace=05d1b355-0001-0002-0304-05060708095a
2026-10-06 22:00:07.678 +00:00 [WRN] Slow request /api/customers/{id} took 4887ms (threshold 1000ms) user="grace"
2026-10-06 22:00:07.821 +00:00 [DBG] Cache lookup key="order:7ef092d2-0001-0002-0304-05060708095c" hit=False elapsed=11ms
2026-10-06 22:00:08.605 +00:00 [WRN] Slow request /api/payments took 5853ms (threshold 1000ms) user="linus"
2026-10-06 22:00:08.868 +00:00 [INF] HTTP GET /api/orders/{id} responded 200 in 21ms user="margaret" trace=08b08210-0001-0002-0304-05060708095e
2026-10-06 22:00:09.919 +00:00 [DBG] Cache lookup key="order:7df977a2-0001-0002-0304-05060708095f" hit=True elapsed=8ms
2026-10-06 22:00:10.247 +00:00 [VRB] Dispatching InventorySync.Tick sequence=96
2026-10-06 22:00:10.775 +00:00 [DBG] Cache lookup key="order:0e774b5a-0001-0002-0304-050607080961" hit=False elapsed=5ms
2026-10-06 22:00:11.379 +00:00 [INF] HTTP PUT /api/orders/{id} responded 200 in 415ms user="margaret" trace=75137713-0001-0002-0304-050607080962
2026-10-06 22:00:13.105 +00:00 [INF] HTTP POST /health responded 404 in 180ms user="edsger" trace=4f5a449e-0001-0002-0304-050607080963
2026-10-06 22:00:14.523 +00:00 [ERR] Payment failed for order 20a25085-0001-0002-0304-050607080964 user="margaret" amount=11.32 attempt=3
System.Net.Http.HttpRequestException: Response status code does not indicate success: 502 (Bad Gateway).
   at Contoso.Orders.PaymentGateway.ChargeAsync(Order order, CancellationToken token) in C:\src\Orders\PaymentGateway.cs:line 118
   at Contoso.Orders.OrderService.CompleteAsync(Guid orderId) in C:\src\Orders\OrderService.cs:line 64
   at Contoso.Web.Endpoints.OrdersEndpoint.Post(HttpContext context) in C:\src\Web\OrdersEndpoint.cs:line 37
   at Microsoft.AspNetCore.Routing.EndpointMiddleware.Invoke(HttpContext httpContext)
--- End of stack trace from previous location ---
   at Microsoft.AspNetCore.Diagnostics.ExceptionHandlerMiddlewareImpl.Invoke(HttpContext context)
2026-10-06 22:00:16.680 +00:00 [WRN] Slow request /api/payments took 4685ms (threshold 1000ms) user="alan"
2026-10-06 22:00:17.009 +00:00 [INF] HTTP POST /api/search responded 404 in 412ms user="linus" trace=39d298f7-0001-0002-0304-050607080966
2026-10-06 22:00:17.871 +00:00 [WRN] Slow request /api/search took 3483ms (threshold 1000ms) user="edsger"
2026-10-06 22:00:17.918 +00:00 [DBG] Cache lookup key="order:628e6050-0001-0002-0304-050607080968" hit=False elapsed=39ms
2026-10-06 22:00:19.723 +00:00 [INF] HTTP GET /api/orders responded 404 in 597ms user="barbara" trace=5f143a0d-0001-0002-0304-050607080969
2026-10-06 22:00:21.909 +00:00 [INF] HTTP PUT /api/customers/{id} responded 204 in 169ms user="alan" trace=3396edc3-0001-0002-0304-05060708096a
2026-10-06 22:00:23.411 +00:00 [WRN] Slow request /api/orders took 8981ms (threshold 1000ms) user="ada"
2026-10-06 22:00:25.665 +00:00 [INF] HTTP POST /api/orders/{id} responded 204 in 395ms user="linus" trace=7d38c266-0001-0002-0304-05060708096c
2026-10-06 22:00:27.058 +00:00 [DBG] Cache lookup key="order:3b99e8a0-0001-0002-0304-05060708096d" hit=True elapsed=9ms
2026-10-06 22:00:29.155 +00:00 [INF] HTTP PUT /health responded 404 in 395ms user="ada" trace=4be2fd9e-0001-0002-0304-05060708096e
2026-10-06 22:00:29.487 +00:00 [DBG] Cache lookup key="order:14c40a38-0001-0002-0304-05060708096f" hit=True elapsed=29ms
2026-10-06 22:00:30.966 +00:00 [INF] Reconciled inventory batch: warehouse="MEL-02" skus=3689 adjusted=60 notes="Batch includes back-ordered items carried over from the previous cycle; the reconciliation rules treat partially shipped lines as open until the courier confirms delivery, which can take several hours for regional addresses."
2026-10-06 22:00:33.321 +00:00 [WRN] Slow request /api/customers/{id} took 4427ms (threshold 1000ms) user="linus"
2026-10-06 22:00:35.140 +00:00 [DBG] Cache lookup key="order:681a44c4-0001-0002-0304-050607080972" hit=False elapsed=20ms
2026-10-06 22:00:35.236 +00:00 [VRB] Dispatching AuthProvider.Tick sequence=115
2026-10-06 22:00:36.337 +00:00 [INF] HTTP GET /api/orders responded 200 in 75ms user="grace" trace=1c969bbf-0001-0002-0304-050607080974
2026-10-06 22:00:36.814 +00:00 [INF] HTTP GET /health responded 200 in 328ms user="barbara" trace=056ab98c-0001-0002-0304-050607080975
2026-10-06 22:00:39.072 +00:00 [DBG] Cache lookup key="order:1775bc5d-0001-0002-0304-050607080976" hit=True elapsed=39ms
2026-10-06 22:00:40.050 +00:00 [WRN] Slow request /api/orders/{id} took 2008ms (threshold 1000ms) user="barbara"
2026-10-06 22:00:40.899 +00:00 [WRN] Slow request /api/customers/{id} took 4461ms (threshold 1000ms) user="linus"
2026-10-06 22:00:41.530 +00:00 [INF] HTTP PUT /api/payments responded 204 in 127ms user="margaret" trace=43f4084e-0001-0002-0304-050607080979
2026-10-06 22:00:42.540 +00:00 [INF] HTTP PUT /api/payments responded 200 in 575ms user="grace" trace=1afa64fa-0001-0002-0304-05060708097a
2026-10-06 22:00:42.778 +00:00 [WRN] Slow request /api/orders/{id} took 4958ms (threshold 1000ms) user="edsger"
2026-10-06 22:00:43.912 +00:00 [WRN] Slow request /api/orders took 8550ms (threshold 1000ms) user="edsger"
2026-10-06 22:00:45.759 +00:00 [WRN] Slow request /api/payments took 7049ms (threshold 1000ms) user="edsger"
2026-10-06 22:00:46.207 +00:00 [DBG] Cache lookup key="order:3477ccf7-0001-0002-0304-05060708097e" hit=True elapsed=2ms
2026-10-06 22:00:48.189 +00:00 [INF] HTTP PUT /api/customers/{id} responded 200 in 574ms user="barbara" trace=7b886999-0001-0002-0304-05060708097f
2026-10-06 22:00:49.874 +00:00 [VRB] Dispatching Scheduler.Tick sequence=128
2026-10-06 22:00:51.608 +00:00 [DBG] Cache lookup key="order:09aa80da-0001-0002-0304-050607080981" hit=True elapsed=33ms
2026-10-06 22:00:53.894 +00:00 [INF] HTTP POST /api/orders responded 404 in 448ms user="linus" trace=3843c462-0001-0002-0304-050607080982
2026-10-06 22:00:54.386 +00:00 [DBG] Cache lookup key="order:11a8f41a-0001-0002-0304-050607080983" hit=True elapsed=23ms
2026-10-06 22:00:55.819 +00:00 [ERR] Payment failed for order 76788d62-0001-0002-0304-050607080984 user="edsger" amount=460.28 attempt=3
System.Net.Http.HttpRequestException: Response status code does not indicate success: 502 (Bad Gateway).
   at Contoso.Orders.PaymentGateway.ChargeAsync(Order order, CancellationToken token) in C:\src\Orders\PaymentGateway.cs:line 118
   at Contoso.Orders.OrderService.CompleteAsync(Guid orderId) in C:\src\Orders\OrderService.cs:line 64
   at Contoso.Web.Endpoints.OrdersEndpoint.Post(HttpContext context) in C:\src\Web\OrdersEndpoint.cs:line 37
   at Microsoft.AspNetCore.Routing.EndpointMiddleware.Invoke(HttpContext httpContext)
--- End of stack trace from previous location ---
   at Microsoft.AspNetCore.Diagnostics.ExceptionHandlerMiddlewareImpl.Invoke(HttpContext context)
2026-10-06 22:00:56.762 +00:00 [DBG] Cache lookup key="order:1ecb7fdc-0001-0002-0304-050607080985" hit=False elapsed=2ms
2026-10-06 22:00:57.459 +00:00 [INF] HTTP POST /api/orders/{id} responded 200 in 349ms user="margaret" trace=41c6c9dd-0001-0002-0304-050607080986
2026-10-06 22:00:58.856 +00:00 [DBG] Cache lookup key="order:14d7e526-0001-0002-0304-050607080987" hit=False elapsed=4ms
2026-10-06 22:01:00.700 +00:00 [INF] HTTP POST /api/payments responded 200 in 428ms user="linus" trace=632f1013-0001-0002-0304-050607080988
2026-10-06 22:01:00.976 +00:00 [INF] HTTP POST /api/payments responded 200 in 473ms user="edsger" trace=6d4ecece-0001-0002-0304-050607080989
2026-10-06 22:01:02.617 +00:00 [DBG] Cache lookup key="order:265e3a67-0001-0002-0304-05060708098a" hit=True elapsed=25ms
2026-10-06 22:01:02.628 +00:00 [INF] HTTP PUT /api/search responded 200 in 188ms user="margaret" trace=7f7d1f2b-0001-0002-0304-05060708098b
2026-10-06 22:01:04.113 +00:00 [INF] Reconciled inventory batch: warehouse="MEL-02" skus=1833 adjusted=66 notes="Batch includes back-ordered items carried over from the previous cycle; the reconciliation rules treat partially shipped lines as open until the courier confirms delivery, which can take several hours for regional addresses."
2026-10-06 22:01:05.999 +00:00 [DBG] Cache lookup key="order:0f27f1d6-0001-0002-0304-05060708098d" hit=True elapsed=23ms
2026-10-06 22:01:06.821 +00:00 [WRN] Slow request /api/customers/{id} took 6906ms (threshold 1000ms) user="alan"
2026-10-06 22:01:07.171 +00:00 [INF] HTTP GET /api/customers/{id} responded 404 in 80ms user="edsger" trace=1e442cff-0001-0002-0304-05060708098f
2026-10-06 22:01:08.522 +00:00 [INF] HTTP GET /health responded 200 in 482ms user="alan" trace=45b6e9a1-0001-0002-0304-050607080990
2026-10-06 22:01:08.705 +00:00 [DBG] Cache lookup key="order:14cd19ec-0001-0002-0304-050607080991" hit=True elapsed=24ms
2026-10-06 22:01:08.716 +00:00 [INF] Reconciled inventory batch: warehouse="MEL-02" skus=2409 adjusted=0 notes="Batch includes back-ordered items carried over from the previous cycle; the reconciliation rules treat partially shipped lines as open until the courier confirms delivery, which can take several hours for regional addresses."
2026-10-06 22:01:09.434 +00:00 [INF] HTTP POST /api/search responded 200 in 122ms user="margaret" trace=1cc49227-0001-0002-0304-050607080993
2026-10-06 22:01:11.133 +00:00 [VRB] Dispatching AuthProvider.Tick sequence=148
2026-10-06 22:01:11.893 +00:00 [DBG] Cache lookup key="order:2452c807-0001-0002-0304-050607080995" hit=False elapsed=33ms
2026-10-06 22:01:13.035 +00:00 [INF] HTTP POST /api/payments responded 200 in 443ms user="barbara" trace=7ce01404-0001-0002-0304-050607080996
2026-10-06 22:01:14.318 +00:00 [INF] HTTP GET /api/customers/{id} responded 200 in 499ms user="grace" trace=6188448e-0001-0002-0304-050607080997
2026-10-06 22:01:15.782 +00:00 [INF] HTTP GET /api/customers/{id} responded 200 in 60ms user="margaret" trace=128a46fb-0001-0002-0304-050607080998
2026-10-06 22:01:17.445 +00:00 [INF] HTTP PUT /api/search responded 200 in 73ms user="linus" trace=23e180ac-0001-0002-0304-050607080999
2026-10-06 22:01:18.214 +00:00 [WRN] Slow request /health took 8820ms (threshold 1000ms) user="ada"
2026-10-06 22:01:18.731 +00:00 [INF] HTTP POST /api/customers/{id} responded 200 in 373ms user="alan" trace=3fdb4efb-0001-0002-0304-05060708099b
2026-10-06 22:01:19.135 +00:00 [INF] HTTP POST /api/customers/{id} responded 200 in 9ms user="linus" trace=3df1953c-0001-0002-0304-05060708099c
2026-10-06 22:01:21.005 +00:00 [DBG] Cache lookup key="order:38a25d61-0001-0002-0304-05060708099d" hit=False elapsed=28ms
2026-10-06 22:01:21.202 +00:00 [DBG] Cache lookup key="order:18263bee-0001-0002-0304-05060708099e" hit=True elapsed=4ms
2026-10-06 22:01:22.267 +00:00 [ERR] Payment failed for order 30975b47-0001-0002-0304-05060708099f user="grace" amount=73.66 attempt=3
System.Net.Http.HttpRequestException: Response status code does not indicate success: 502 (Bad Gateway).
   at Contoso.Orders.PaymentGateway.ChargeAsync(Order order, CancellationToken token) in C:\src\Orders\PaymentGateway.cs:line 118
   at Contoso.Orders.OrderService.CompleteAsync(Guid orderId) in C:\src\Orders\OrderService.cs:line 64
   at Contoso.Web.Endpoints.OrdersEndpoint.Post(HttpContext context) in C:\src\Web\OrdersEndpoint.cs:line 37
   at Microsoft.AspNetCore.Routing.EndpointMiddleware.Invoke(HttpContext httpContext)
--- End of stack trace from previous location ---
   at Microsoft.AspNetCore.Diagnostics.ExceptionHandlerMiddlewareImpl.Invoke(HttpContext context)
2026-10-06 22:01:23.811 +00:00 [INF] HTTP PUT /api/customers/{id} responded 200 in 46ms user="grace" trace=46b72eca-0001-0002-0304-0506070809a0
2026-10-06 22:01:25.622 +00:00 [INF] HTTP PUT /api/customers/{id} responded 204 in 187ms user="alan" trace=18e05392-0001-0002-0304-0506070809a1
2026-10-06 22:01:26.434 +00:00 [INF] HTTP PUT /health responded 201 in 488ms user="margaret" trace=2899af47-0001-0002-0304-0506070809a2
2026-10-06 22:01:27.490 +00:00 [DBG] Cache lookup key="order:35f7d275-0001-0002-0304-0506070809a3" hit=False elapsed=6ms
2026-10-06 22:01:28.181 +00:00 [INF] HTTP POST /health responded 201 in 138ms user="linus" trace=02eaaa01-0001-0002-0304-0506070809a4
2026-10-06 22:01:29.054 +00:00 [DBG] Cache lookup key="order:1aea918d-0001-0002-0304-0506070809a5" hit=True elapsed=10ms
2026-10-06 22:01:29.612 +00:00 [INF] HTTP POST /health responded 200 in 175ms user="barbara" trace=1bbc099b-0001-0002-0304-0506070809a6
2026-10-06 22:01:30.982 +00:00 [INF] HTTP GET /api/orders responded 200 in 362ms user="alan" trace=101f8744-0001-0002-0304-0506070809a7
2026-10-06 22:01:32.385 +00:00 [DBG] Cache lookup key="order:4fcacf33-0001-0002-0304-0506070809a8" hit=True elapsed=37ms
2026-10-06 22:01:34.263 +00:00 [INF] HTTP POST /api/customers/{id} responded 200 in 351ms user="ada" trace=07a5f1d2-0001-0002-0304-0506070809a9
2026-10-06 22:01:35.380 +00:00 [INF] HTTP POST /health responded 201 in 187ms user="edsger" trace=3f7f5ec0-0001-0002-0304-0506070809aa
2026-10-06 22:01:37.647 +00:00 [FTL] Unhandled exception in InventorySync; the host is shutting down
System.InvalidOperationException: Sequence contains no elements
   at Contoso.Orders.PaymentGateway.ChargeAsync(Order order, CancellationToken token) in C:\src\Orders\PaymentGateway.cs:line 118
   at Contoso.Orders.OrderService.CompleteAsync(Guid orderId) in C:\src\Orders\OrderService.cs:line 64
   at Contoso.Web.Endpoints.OrdersEndpoint.Post(HttpContext context) in C:\src\Web\OrdersEndpoint.cs:line 37
   at Microsoft.AspNetCore.Routing.EndpointMiddleware.Invoke(HttpContext httpContext)
--- End of stack trace from previous location ---
   at Microsoft.AspNetCore.Diagnostics.ExceptionHandlerMiddlewareImpl.Invoke(HttpContext context)
2026-10-06 22:01:39.226 +00:00 [WRN] Slow request /api/payments took 2083ms (threshold 1000ms) user="barbara"
2026-10-06 22:01:41.051 +00:00 [INF] HTTP GET /api/orders/{id} responded 204 in 52ms user="edsger" trace=2849c13c-0001-0002-0304-0506070809ad
2026-10-06 22:01:43.047 +00:00 [DBG] Cache lookup key="order:5417ffec-0001-0002-0304-0506070809ae" hit=True elapsed=29ms
2026-10-06 22:01:45.413 +00:00 [DBG] Cache lookup key="order:46aaf037-0001-0002-0304-0506070809af" hit=True elapsed=31ms
2026-10-06 22:01:46.709 +00:00 [INF] HTTP PUT /api/customers/{id} responded 200 in 322ms user="grace" trace=1c96824c-0001-0002-0304-0506070809b0
2026-10-06 22:01:47.012 +00:00 [INF] HTTP GET /health responded 404 in 566ms user="edsger" trace=5f249de2-0001-0002-0304-0506070809b1
2026-10-06 22:01:48.884 +00:00 [DBG] Cache lookup key="order:68f0afb3-0001-0002-0304-0506070809b2" hit=False elapsed=20ms
2026-10-06 22:01:51.067 +00:00 [DBG] Cache lookup key="order:316d2887-0001-0002-0304-0506070809b3" hit=True elapsed=11ms
2026-10-06 22:01:52.083 +00:00 [VRB] Dispatching InventorySync.Tick sequence=180
2026-10-06 22:01:53.719 +00:00 [INF] HTTP POST /api/orders responded 200 in 72ms user="alan" trace=2efe79d1-0001-0002-0304-0506070809b5
2026-10-06 22:01:55.523 +00:00 [INF] HTTP PUT /api/customers/{id} responded 201 in 569ms user="grace" trace=45f9110e-0001-0002-0304-0506070809b6
2026-10-06 22:01:55.630 +00:00 [INF] HTTP PUT /api/orders responded 200 in 571ms user="linus" trace=26210c04-0001-0002-0304-0506070809b7
2026-10-06 22:01:55.900 +00:00 [INF] HTTP GET /health responded 200 in 572ms user="barbara" trace=2c83f943-0001-0002-0304-0506070809b8
2026-10-06 22:01:57.536 +00:00 [DBG] Cache lookup key="order:3636590a-0001-0002-0304-0506070809b9" hit=True elapsed=23ms
2026-10-06 22:01:58.303 +00:00 [INF] HTTP POST /api/customers/{id} responded 201 in 371ms user="ada" trace=5a22a988-0001-0002-0304-0506070809ba
2026-10-06 22:02:00.352 +00:00 [INF] HTTP POST /api/payments responded 404 in 373ms user="grace" trace=27e8a15e-0001-0002-0304-0506070809bb
2026-10-06 22:02:01.952 +00:00 [DBG] Cache lookup key="order:7926e3e4-0001-0002-0304-0506070809bc" hit=False elapsed=30ms
2026-10-06 22:02:04.342 +00:00 [INF] HTTP GET /api/search responded 200 in 308ms user="margaret" trace=519e3a72-0001-0002-0304-0506070809bd
2026-10-06 22:02:05.102 +00:00 [DBG] Cache lookup key="order:3bbf1e19-0001-0002-0304-0506070809be" hit=False elapsed=23ms
2026-10-06 22:02:05.518 +00:00 [DBG] Cache lookup key="order:42160386-0001-0002-0304-0506070809bf" hit=False elapsed=20ms
2026-10-06 22:02:07.539 +00:00 [INF] HTTP PUT /api/customers/{id} responded 404 in 39ms user="ada" trace=7e90ad07-0001-0002-0304-0506070809c0
2026-10-06 22:02:08.731 +00:00 [WRN] Slow request /api/orders/{id} took 5511ms (threshold 1000ms) user="alan"
2026-10-06 22:02:10.437 +00:00 [VRB] Dispatching PaymentGateway.Tick sequence=194
2026-10-06 22:02:11.318 +00:00 [INF] HTTP GET /api/search responded 200 in 399ms user="linus" trace=3663f35a-0001-0002-0304-0506070809c3
2026-10-06 22:02:13.154 +00:00 [INF] HTTP GET /health responded 201 in 554ms user="barbara" trace=1f5ae892-0001-0002-0304-0506070809c4
2026-10-06 22:02:13.806 +00:00 [INF] HTTP GET /health responded 204 in 12ms user="margaret" trace=73a22a53-0001-0002-0304-0506070809c5
2026-10-06 22:02:14.235 +00:00 [DBG] Cache lookup key="order:12d90e63-0001-0002-0304-0506070809c6" hit=True elapsed=34ms
2026-10-06 22:02:16.218 +00:00 [DBG] Cache lookup key="order:17c14576-0001-0002-0304-0506070809c7" hit=True elapsed=29ms
2026-10-06 22:02:17.421 +00:00 [DBG] Cache lookup key="order:5de973e6-0001-0002-0304-0506070809c8" hit=True elapsed=10ms
2026-10-06 22:02:19.450 +00:00 [INF] HTTP PUT /api/customers/{id} responded 200 in 378ms user="ada" trace=725f8d7f-0001-0002-0304-0506070809c9
2026-10-06 22:02:20.509 +00:00 [INF] HTTP GET /api/search responded 204 in 197ms user="ada" trace=0048c453-0001-0002-0304-0506070809ca
2026-10-06 22:02:21.107 +00:00 [INF] HTTP GET /api/customers/{id} responded 404 in 82ms user="grace" trace=61f7edc0-0001-0002-0304-0506070809cb
2026-10-06 22:02:21.600 +00:00 [INF] HTTP POST /health responded 404 in 58ms user="margaret" trace=028af1fe-0001-0002-0304-0506070809cc
2026-10-06 22:02:21.800 +00:00 [WRN] Slow request /api/search took 3411ms (threshold 1000ms) user="margaret"
2026-10-06 22:02:22.715 +00:00 [INF] HTTP POST /api/orders/{id} responded 200 in 26ms user="edsger" trace=014a0cf2-0001-0002-0304-0506070809ce
2026-10-06 22:02:23.094 +00:00 [DBG] Cache lookup key="order:165087e7-0001-0002-0304-0506070809cf" hit=False elapsed=8ms
2026-10-06 22:02:24.512 +00:00 [WRN] Slow request /api/search took 8282ms (threshold 1000ms) user="grace"
2026-10-06 22:02:26.168 +00:00 [WRN] Slow request /api/orders/{id} took 4871ms (threshold 1000ms) user="barbara"
2026-10-06 22:02:28.528 +00:00 [INF] HTTP PUT /api/payments responded 204 in 578ms user="alan" trace=7b407204-0001-0002-0304-0506070809d2
2026-10-06 22:02:29.578 +00:00 [DBG] Cache lookup key="order:01fd8991-0001-0002-0304-0506070809d3" hit=False elapsed=18ms
2026-10-06 22:02:31.675 +00:00 [DBG] Cache lookup key="order:3e1d5e55-0001-0002-0304-0506070809d4" hit=False elapsed=10ms
2026-10-06 22:02:33.875 +00:00 [INF] HTTP PUT /api/orders/{id} responded 404 in 42ms user="barbara" trace=0343f01f-0001-0002-0304-0506070809d5
2026-10-06 22:02:35.302 +00:00 [DBG] Cache lookup key="order:06cff1b4-0001-0002-0304-0506070809d6" hit=True elapsed=38ms
2026-10-06 22:02:35.744 +00:00 [DBG] Cache lookup key="order:18c218cb-0001-0002-0304-0506070809d7" hit=False elapsed=2ms
2026-10-06 22:02:37.720 +00:00 [WRN] Slow request /api/search took 2712ms (threshold 1000ms) user="margaret"
2026-10-06 22:02:38.878 +00:00 [INF] HTTP POST /api/orders/{id} responded 200 in 574ms user="ada" trace=431afa1b-0001-0002-0304-0506070809d9
2026-10-06 22:02:40.210 +00:00 [INF] HTTP GET /api/customers/{id} responded 404 in 172ms user="barbara" trace=728dbdda-0001-0002-0304-0506070809da
2026-10-06 22:02:41.101 +00:00 [WRN] Slow request /api/orders/{id} took 5176ms (threshold 1000ms) user="ada"
2026-10-06 22:02:41.761 +00:00 [INF] HTTP GET /api/payments responded 200 in 497ms user="ada" trace=3ca449bd-0001-0002-0304-0506070809dc
2026-10-06 22:02:43.508 +00:00 [DBG] Cache lookup key="order:54db89a5-0001-0002-0304-0506070809dd" hit=False elapsed=27ms
2026-10-06 22:02:43.591 +00:00 [WRN] Slow request /health took 7806ms (threshold 1000ms) user="alan"
2026-10-06 22:02:44.562 +00:00 [INF] HTTP GET /api/payments responded 200 in 324ms user="margaret" trace=1c95d089-0001-0002-0304-0506070809df
2026-10-06 22:02:46.287 +00:00 [INF] HTTP PUT /api/orders/{id} responded 404 in 271ms user="grace" trace=61314a85-0001-0002-0304-0506070809e0
2026-10-06 22:02:47.435 +00:00 [INF] HTTP POST /health responded 204 in 142ms user="alan" trace=1132bfd1-0001-0002-0304-0506070809e1
2026-10-06 22:02:49.237 +00:00 [INF] HTTP GET /api/orders/{id} responded 200 in 522ms user="barbara" trace=703ef23a-0001-0002-0304-0506070809e2
2026-10-06 22:02:50.157 +00:00 [VRB] Dispatching Scheduler.Tick sequence=227
2026-10-06 22:02:52.134 +00:00 [VRB] Dispatching AuthProvider.Tick sequence=228
2026-10-06 22:02:52.400 +00:00 [WRN] Slow request /health took 4610ms (threshold 1000ms) user="ada"
2026-10-06 22:02:53.392 +00:00 [INF] HTTP GET /api/orders/{id} responded 201 in 407ms user="edsger" trace=7eee113c-0001-0002-0304-0506070809e6
2026-10-06 22:02:55.577 +00:00 [INF] HTTP PUT /api/orders/{id} responded 201 in 252ms user="barbara" trace=5279071c-0001-0002-0304-0506070809e7
2026-10-06 22:02:56.607 +00:00 [DBG] Cache lookup key="order:4f1c9a54-0001-0002-0304-0506070809e8" hit=True elapsed=27ms
2026-10-06 22:02:58.254 +00:00 [INF] HTTP POST /api/customers/{id} responded 201 in 408ms user="barbara" trace=2f1cdcc9-0001-0002-0304-0506070809e9
2026-10-06 22:02:58.763 +00:00 [VRB] Dispatching InventorySync.Tick sequence=234
2026-10-06 22:03:00.368 +00:00 [INF] HTTP PUT /api/payments responded 200 in 409ms user="grace" trace=567fa8ae-0001-0002-0304-0506070809eb
2026-10-06 22:03:00.796 +00:00 [VRB] Dispatching OrderService.Tick sequence=236
2026-10-06 22:03:02.233 +00:00 [INF] HTTP GET /api/customers/{id} responded 200 in 447ms user="edsger" trace=578f2fc1-0001-0002-0304-0506070809ed
2026-10-06 22:03:04.386 +00:00 [INF] HTTP GET /api/orders responded 204 in 141ms user="barbara" trace=69d16523-0001-0002-0304-0506070809ee
2026-10-06 22:03:05.291 +00:00 [WRN] Slow request /api/orders took 6033ms (threshold 1000ms) user="alan"
2026-10-06 22:03:06.996 +00:00 [DBG] Cache lookup key="order:4cbd6da5-0001-0002-0304-0506070809f0" hit=True elapsed=18ms
2026-10-06 22:03:09.365 +00:00 [INF] HTTP POST /api/orders responded 200 in 555ms user="linus" trace=65e8602a-0001-0002-0304-0506070809f1
2026-10-06 22:03:09.402 +00:00 [INF] HTTP POST /health responded 204 in 462ms user="linus" trace=599f5bc7-0001-0002-0304-0506070809f2
2026-10-06 22:03:11.228 +00:00 [INF] HTTP POST /health responded 200 in 148ms user="edsger" trace=30735e75-0001-0002-0304-0506070809f3
2026-10-06 22:03:13.293 +00:00 [INF] HTTP PUT /api/orders responded 200 in 246ms user="alan" trace=7d43ca74-0001-0002-0304-0506070809f4
2026-10-06 22:03:14.479 +00:00 [WRN] Slow request /api/customers/{id} took 6326ms (threshold 1000ms) user="margaret"
2026-10-06 22:03:14.888 +00:00 [INF] HTTP GET /health responded 404 in 111ms user="edsger" trace=11424d73-0001-0002-0304-0506070809f6
2026-10-06 22:03:15.565 +00:00 [INF] HTTP POST /api/search responded 204 in 116ms user="margaret" trace=786d7638-0001-0002-0304-0506070809f7
2026-10-06 22:03:15.732 +00:00 [INF] HTTP PUT /api/payments responded 204 in 43ms user="edsger" trace=078599e3-0001-0002-0304-0506070809f8
2026-10-06 22:03:17.997 +00:00 [INF] HTTP GET /api/search responded 200 in 231ms user="barbara" trace=79742703-0001-0002-0304-0506070809f9
2026-10-06 22:03:18.320 +00:00 [WRN] Slow request /health took 3024ms (threshold 1000ms) user="edsger"
2026-10-06 22:03:18.876 +00:00 [INF] HTTP POST /api/orders responded 200 in 27ms user="barbara" trace=56e24a85-0001-0002-0304-0506070809fb
2026-10-06 22:03:21.269 +00:00 [DBG] Cache lookup key="order:26b825a0-0001-0002-0304-0506070809fc" hit=False elapsed=9ms
2026-10-06 22:03:22.901 +00:00 [INF] HTTP GET /api/orders/{id} responded 201 in 394ms user="margaret" trace=34740728-0001-0002-0304-0506070809fd
2026-10-06 22:03:23.727 +00:00 [INF] HTTP POST /health responded 200 in 212ms user="alan" trace=71441fb7-0001-0002-0304-0506070809fe
2026-10-06 22:03:24.054 +00:00 [WRN] Slow request /api/orders/{id} took 7105ms (threshold 1000ms) user="barbara"
2026-10-06 22:03:25.411 +00:00 [DBG] Cache lookup key="order:7f852731-0001-0002-0304-050607080901" hit=True elapsed=36ms
2026-10-06 22:03:26.769 +00:00 [DBG] Cache lookup key="order:73c61f17-0001-0002-0304-050607080902" hit=False elapsed=30ms
2026-10-06 22:03:28.459 +00:00 [INF] HTTP POST /api/orders responded 200 in 345ms user="linus" trace=2295c26e-0001-0002-0304-050607080903
2026-10-06 22:03:29.921 +00:00 [INF] HTTP GET /api/orders/{id} responded 201 in 389ms user="edsger" trace=5dc372e2-0001-0002-0304-050607080904
2026-10-06 22:03:30.096 +00:00 [DBG] Cache lookup key="order:1de7568c-0001-0002-0304-050607080905" hit=True elapsed=36ms
2026-10-06 22:03:30.132 +00:00 [INF] HTTP POST /api/orders responded 200 in 28ms user="grace" trace=2668ffd4-0001-0002-0304-050607080906
2026-10-06 22:03:30.816 +00:00 [WRN] Slow request /health took 3171ms (threshold 1000ms) user="barbara"
2026-10-06 22:03:33.139 +00:00 [INF] HTTP PUT /api/orders responded 204 in 523ms user="barbara" trace=1e207425-0001-0002-0304-050607080908
2026-10-06 22:03:34.468 +00:00 [INF] Reconciled inventory batch: warehouse="MEL-02" skus=2715 adjusted=73 notes="Batch includes back-ordered items carried over from the previous cycle; the reconciliation rules treat partially shipped lines as open until the courier confirms delivery, which can take several hours for regional addresses."
2026-10-06 22:03:35.022 +00:00 [DBG] Cache lookup key="order:0c2794d0-0001-0002-0304-05060708090a" hit=True elapsed=31ms
2026-10-06 22:03:36.325 +00:00 [INF] HTTP POST /api/payments responded 204 in 341ms user="ada" trace=20d2f723-0001-0002-0304-05060708090b
2026-10-06 22:03:37.311 +00:00 [INF] HTTP PUT /health responded 404 in 126ms user="grace" trace=23938511-0001-0002-0304-05060708090c
2026-10-06 22:03:39.088 +00:00 [INF] HTTP PUT /api/search responded 200 in 515ms user="barbara" trace=16aaec95-0001-0002-0304-05060708090d
2026-10-06 22:03:39.834 +00:00 [VRB] Dispatching AuthProvider.Tick sequence=269
2026-10-06 22:03:40.016 +00:00 [ERR] Payment failed for order 728218d9-0001-0002-0304-05060708090f user="barbara" amount=882.73 attempt=3
System.Net.Http.HttpRequestException: Response status code does not indicate success: 502 (Bad Gateway).
   at Contoso.Orders.PaymentGateway.ChargeAsync(Order order, CancellationToken token) in C:\src\Orders\PaymentGateway.cs:line 118
   at Contoso.Orders.OrderService.CompleteAsync(Guid orderId) in C:\src\Orders\OrderService.cs:line 64
   at Contoso.Web.Endpoints.OrdersEndpoint.Post(HttpContext context) in C:\src\Web\OrdersEndpoint.cs:line 37
   at Microsoft.AspNetCore.Routing.EndpointMiddleware.Invoke(HttpContext httpContext)
--- End of stack trace from previous location ---
   at Microsoft.AspNetCore.Diagnostics.ExceptionHandlerMiddlewareImpl.Invoke(HttpContext context)
2026-10-06 22:03:40.142 +00:00 [INF] HTTP GET /api/customers/{id} responded 200 in 278ms user="linus" trace=537324f9-0001-0002-0304-050607080910
2026-10-06 22:03:42.347 +00:00 [DBG] Cache lookup key="order:2f760658-0001-0002-0304-050607080911" hit=True elapsed=10ms
2026-10-06 22:03:42.406 +00:00 [INF] HTTP POST /api/payments responded 200 in 6ms user="linus" trace=537862fe-0001-0002-0304-050607080912
2026-10-06 22:03:42.755 +00:00 [INF] HTTP GET /api/payments responded 204 in 362ms user="grace" trace=11b7f273-0001-0002-0304-050607080913
2026-10-06 22:03:44.472 +00:00 [VRB] Dispatching Scheduler.Tick sequence=275
2026-10-06 22:03:45.302 +00:00 [INF] Reconciled inventory batch: warehouse="MEL-02" skus=3716 adjusted=15 notes="Batch includes back-ordered items carried over from the previous cycle; the reconciliation rules treat partially shipped lines as open until the courier confirms delivery, which can take several hours for regional addresses."
2026-10-06 22:03:46.936 +00:00 [INF] HTTP PUT /api/search responded 404 in 474ms user="edsger" trace=4c65c31b-0001-0002-0304-050607080916
2026-10-06 22:03:48.390 +00:00 [INF] HTTP PUT /api/orders responded 200 in 431ms user="margaret" trace=1e88dd0d-0001-0002-0304-050607080917
2026-10-06 22:03:49.267 +00:00 [INF] Reconciled inventory batch: warehouse="MEL-02" skus=3332 adjusted=10 notes="Batch includes back-ordered items carried over from the previous cycle; the reconciliation rules treat partially shipped lines as open until the courier confirms delivery, which can take several hours for regional addresses."
2026-10-06 22:03:50.031 +00:00 [INF] HTTP POST /health responded 201 in 26ms user="linus" trace=396a0fe3-0001-0002-0304-050607080919
2026-10-06 22:03:51.056 +00:00 [DBG] Cache lookup key="order:686f1358-0001-0002-0304-05060708091a" hit=True elapsed=1ms
2026-10-06 22:03:52.302 +00:00 [VRB] Dispatching PaymentGateway.Tick sequence=282
2026-10-06 22:03:54.614 +00:00 [INF] HTTP GET /api/search responded 404 in 351ms user="alan" trace=73eb626e-0001-0002-0304-05060708091c
2026-10-06 22:03:56.118 +00:00 [WRN] Slow request /api/search took 4028ms (threshold 1000ms) user="barbara"
2026-10-06 22:03:57.450 +00:00 [INF] HTTP POST /api/orders/{id} responded 201 in 69ms user="ada" trace=223f537f-0001-0002-0304-05060708091e
2026-10-06 22:03:58.808 +00:00 [DBG] Cache lookup key="order:413e91b6-0001-0002-0304-05060708091f" hit=False elapsed=23ms
2026-10-06 22:03:58.888 +00:00 [DBG] Cache lookup key="order:12658e02-0001-0002-0304-050607080920" hit=True elapsed=22ms
2026-10-06 22:04:00.965 +00:00 [VRB] Dispatching OrderService.Tick sequence=288
2026-10-06 22:04:02.166 +00:00 [INF] HTTP PUT /health responded 404 in 445ms user="ada" trace=06ae7ad3-0001-0002-0304-050607080922
2026-10-06 22:04:03.256 +00:00 [DBG] Cache lookup key="order:349e5bd6-0001-0002-0304-050607080923" hit=False elapsed=30ms
2026-10-06 22:04:04.955 +00:00 [WRN] Slow request /health took 3859ms (threshold 1000ms) user="margaret"
2026-10-06 22:04:06.480 +00:00 [INF] HTTP POST /api/payments responded 200 in 496ms user="linus" trace=469ea481-0001-0002-0304-050607080925
2026-10-06 22:04:07.506 +00:00 [INF] HTTP POST /api/orders responded 200 in 28ms user="grace" trace=2ab043c0-0001-0002-0304-050607080926
2026-10-06 22:04:08.218 +00:00 [WRN] Slow request /health took 7199ms (threshold 1000ms) user="edsger"
2026-10-06 22:04:09.909 +00:00 [INF] Reconciled inventory batch: warehouse="MEL-02" skus=3732 adjusted=31 notes="Batch includes back-ordered items carried over from the previous cycle; the reconciliation rules treat partially shipped lines as open until the courier confirms delivery, which can take several hours for regional addresses."
2026-10-06 22:04:12.254 +00:00 [INF] HTTP POST /api/customers/{id} responded 200 in 425ms user="ada" trace=1d74a804-0001-0002-0304-050607080929
2026-10-06 22:04:12.480 +00:00 [INF] HTTP POST /api/orders/{id} responded 404 in 573ms user="edsger" trace=764a1376-0001-0002-0304-05060708092a
2026-10-06 22:04:12.502 +00:00 [ERR] Payment failed for order 7feece8b-0001-0002-0304-05060708092b user="alan" amount=650.69 attempt=3
System.Net.Http.HttpRequestException: Response status code does not indicate success: 502 (Bad Gateway).
   at Contoso.Orders.PaymentGateway.ChargeAsync(Order order, CancellationToken token) in C:\src\Orders\PaymentGateway.cs:line 118
   at Contoso.Orders.OrderService.CompleteAsync(Guid orderId) in C:\src\Orders\OrderService.cs:line 64
   at Contoso.Web.Endpoints.OrdersEndpoint.Post(HttpContext context) in C:\src\Web\OrdersEndpoint.cs:line 37
   at Microsoft.AspNetCore.Routing.EndpointMiddleware.Invoke(HttpContext httpContext)
--- End of stack trace from previous location ---
   at Microsoft.AspNetCore.Diagnostics.ExceptionHandlerMiddlewareImpl.Invoke(HttpContext context)
2026-10-06 22:04:14.324 +00:00 [INF] HTTP POST /api/orders responded 404 in 567ms user="edsger" trace=375a58cb-0001-0002-0304-05060708092c
2026-10-06 22:04:16.382 +00:00 [INF] HTTP PUT /api/payments responded 404 in 557ms user="ada" trace=0328de36-0001-0002-0304-05060708092d
2026-10-06 22:04:18.221 +00:00 [DBG] Cache lookup key="order:28822b6e-0001-0002-0304-05060708092e" hit=True elapsed=32ms
2026-10-06 22:04:19.263 +00:00 [INF] HTTP POST /api/payments responded 204 in 415ms user="alan" trace=760f2be0-0001-0002-0304-05060708092f
2026-10-06 22:04:21.357 +00:00 [INF] HTTP PUT /api/customers/{id} responded 200 in 83ms user="edsger" trace=27f5374c-0001-0002-0304-050607080930
2026-10-06 22:04:23.185 +00:00 [INF] HTTP POST /health responded 404 in 247ms user="edsger" trace=12c48ddc-0001-0002-0304-050607080931
2026-10-06 22:04:23.332 +00:00 [VRB] Dispatching PaymentGateway.Tick sequence=305
2026-10-06 22:04:24.998 +00:00 [INF] HTTP PUT /api/search responded 200 in 316ms user="linus" trace=5b83c9cb-0001-0002-0304-050607080933
2026-10-06 22:04:26.411 +00:00 [INF] Reconciled inventory batch: warehouse="MEL-02" skus=750 adjusted=61 notes="Batch includes back-ordered items carried over from the previous cycle; the reconciliation rules treat partially shipped lines as open until the courier confirms delivery, which can take several hours for regional addresses."
2026-10-06 22:04:26.864 +00:00 [VRB] Dispatching PaymentGateway.Tick sequence=308
2026-10-06 22:04:27.525 +00:00 [INF] HTTP PUT /api/orders/{id} responded 204 in 267ms user="barbara" trace=6ccf57ff-0001-0002-0304-050607080936
2026-10-06 22:04:29.592 +00:00 [INF] HTTP GET /api/payments responded 200 in 109ms user="alan" trace=07bf73a5-0001-0002-0304-050607080937
2026-10-06 22:04:30.713 +00:00 [DBG] Cache lookup key="order:67895127-0001-0002-0304-050607080938" hit=True elapsed=30ms
2026-10-06 22:04:32.181 +00:00 [DBG] Cache lookup key="order:23e0ff2f-0001-0002-0304-050607080939" hit=True elapsed=18ms
2026-10-06 22:04:32.725 +00:00 [INF] HTTP GET /health responded 200 in 365ms user="ada" trace=42f08b66-0001-0002-0304-05060708093a
2026-10-06 22:04:33.285 +00:00 [INF] HTTP PUT /api/orders responded 404 in 18ms user="edsger" trace=74adf7c6-0001-0002-0304-05060708093b
2026-10-06 22:04:35.027 +00:00 [VRB] Dispatching Scheduler.Tick sequence=315
2026-10-06 22:04:36.433 +00:00 [INF] HTTP POST /api/customers/{id} responded 200 in 14ms user="ada" trace=783bcae8-0001-0002-0304-05060708093d
2026-10-06 22:04:37.129 +00:00 [INF] HTTP PUT /api/orders/{id} responded 200 in 262ms user="linus" trace=17db708f-0001-0002-0304-05060708093e
2026-10-06 22:04:37.947 +00:00 [INF] HTTP PUT /api/search responded 404 in 342ms user="ada" trace=44298bb3-0001-0002-0304-05060708093f
2026-10-06 22:04:39.594 +00:00 [WRN] Slow request /api/customers/{id} took 4692ms (threshold 1000ms) user="alan"
2026-10-06 22:04:41.808 +00:00 [DBG] Cache lookup key="order:5e5af2bb-0001-0002-0304-050607080941" hit=True elapsed=35ms
2026-10-06 22:04:44.197 +00:00 [INF] HTTP GET /api/search responded 201 in 26ms user="alan" trace=67c486cf-0001-0002-0304-050607080942
2026-10-06 22:04:44.898 +00:00 [INF] HTTP PUT /api/payments responded 201 in 309ms user="alan" trace=593ca016-0001-0002-0304-050607080943
2026-10-06 22:04:47.297 +00:00 [INF] HTTP PUT /api/orders/{id} responded 200 in 176ms user="alan" trace=51b6374d-0001-0002-0304-050607080944
2026-10-06 22:04:48.386 +00:00 [INF] HTTP POST /health responded 200 in 10ms user="barbara" trace=6ba0e46b-0001-0002-0304-050607080945
2026-10-06 22:04:49.775 +00:00 [VRB] Dispatching AuthProvider.Tick sequence=325
2026-10-06 22:04:50.388 +00:00 [DBG] Cache lookup key="order:0076599c-0001-0002-0304-050607080947" hit=True elapsed=11ms
2026-10-06 22:04:52.693 +00:00 [WRN] Slow request /api/search took 1686ms (threshold 1000ms) user="grace"
2026-10-06 22:04:53.678 +00:00 [DBG] Cache lookup key="order:6f13ca2d-0001-0002-0304-050607080949" hit=False elapsed=1ms
2026-10-06 22:04:54.871 +00:00 [DBG] Cache lookup key="order:2dc8ed76-0001-0002-0304-05060708094a" hit=False elapsed=6ms
2026-10-06 22:04:55.121 +00:00 [VRB] Dispatching AuthProvider.Tick sequence=330
2026-10-06 22:04:55.410 +00:00 [INF] HTTP POST /api/payments responded 204 in 368ms user="grace" trace=508912a3-0001-0002-0304-05060708094c
2026-10-06 22:04:56.935 +00:00 [WRN] Slow request /api/orders/{id} took 2785ms (threshold 1000ms) user="grace"
2026-10-06 22:04:59.199 +00:00 [INF] HTTP PUT /api/orders responded 404 in 347ms user="margaret" trace=1f601a8d-0001-0002-0304-05060708094e
2026-10-06 22:04:59.976 +00:00 [INF] HTTP PUT /api/orders responded 204 in 540ms user="linus" trace=33dbfb98-0001-0002-0304-05060708094f
2026-10-06 22:05:01.005 +00:00 [DBG] Cache lookup key="order:0d9e62ea-0001-0002-0304-050607080950" hit=False elapsed=17ms
2026-10-06 22:05:03.024 +00:00 [INF] HTTP POST /api/payments responded 200 in 579ms user="alan" trace=3c306192-0001-0002-0304-050607080951
2026-10-06 22:05:03.687 +00:00 [ERR] Payment failed for order 13c294e8-0001-0002-0304-050607080952 user="linus" amount=453.73 attempt=3
System.Net.Http.HttpRequestException: Response status code does not indicate success: 502 (Bad Gateway).
   at Contoso.Orders.PaymentGateway.ChargeAsync(Order order, CancellationToken token) in C:\src\Orders\PaymentGateway.cs:line 118
   at Contoso.Orders.OrderService.CompleteAsync(Guid orderId) in C:\src\Orders\OrderService.cs:line 64
   at Contoso.Web.Endpoints.OrdersEndpoint.Post(HttpContext context) in C:\src\Web\OrdersEndpoint.cs:line 37
   at Microsoft.AspNetCore.Routing.EndpointMiddleware.Invoke(HttpContext httpContext)
--- End of stack trace from previous location ---
   at Microsoft.AspNetCore.Diagnostics.ExceptionHandlerMiddlewareImpl.Invoke(HttpContext context)
2026-10-06 22:05:04.467 +00:00 [WRN] Slow request /health took 5429ms (threshold 1000ms) user="ada"
2026-10-06 22:05:04.795 +00:00 [DBG] Cache lookup key="order:11015195-0001-0002-0304-050607080954" hit=True elapsed=23ms
2026-10-06 22:05:06.016 +00:00 [INF] HTTP GET /api/orders responded 200 in 307ms user="edsger" trace=044cd317-0001-0002-0304-050607080955
2026-10-06 22:05:07.456 +00:00 [VRB] Dispatching Scheduler.Tick sequence=341
2026-10-06 22:05:09.590 +00:00 [DBG] Cache lookup key="order:556f8b12-0001-0002-0304-050607080957" hit=False elapsed=2ms
2026-10-06 22:05:11.372 +00:00 [DBG] Cache lookup key="order:49df50eb-0001-0002-0304-050607080958" hit=False elapsed=4ms
2026-10-06 22:05:11.448 +00:00 [DBG] Cache lookup key="order:2617c043-0001-0002-0304-050607080959" hit=True elapsed=9ms
2026-10-06 22:05:13.221 +00:00 [INF] HTTP POST /api/orders/{id} responded 200 in 445ms user="margaret" trace=5fb165f5-0001-0002-0304-05060708095a
2026-10-06 22:05:13.844 +00:00 [WRN] Slow request /api/search took 7168ms (threshold 1000ms) user="alan"
2026-10-06 22:05:15.267 +00:00 [DBG] Cache lookup key="order:2a910a98-0001-0002-0304-05060708095c" hit=True elapsed=22ms
2026-10-06 22:05:17.220 +00:00 [WRN] Slow request /api/orders took 2420ms (threshold 1000ms) user="ada"
2026-10-06 22:05:18.044 +00:00 [INF] HTTP POST /api/search responded 200 in 71ms user="grace" trace=69e9b489-0001-0002-0304-05060708095e
2026-10-06 22:05:19.570 +00:00 [INF] HTTP POST /api/payments responded 200 in 390ms user="alan" trace=121c0e79-0001-0002-0304-05060708095f
2026-10-06 22:05:21.457 +00:00 [INF] HTTP POST /api/payments responded 201 in 418ms user="linus" trace=239ab235-0001-0002-0304-050607080960
2026-10-06 22:05:22.260 +00:00 [DBG] Cache lookup key="order:0b538e19-0001-0002-0304-050607080961" hit=False elapsed=26ms
2026-10-06 22:05:23.494 +00:00 [INF] HTTP PUT /api/payments responded 200 in 260ms user="edsger" trace=3d068a0f-0001-0002-0304-050607080962
2026-10-06 22:05:24.930 +00:00 [INF] HTTP GET /api/payments responded 204 in 480ms user="grace" trace=6e8e069b-0001-0002-0304-050607080963
2026-10-06 22:05:26.745 +00:00 [INF] HTTP GET /api/search responded 200 in 503ms user="ada" trace=150b8001-0001-0002-0304-050607080964
2026-10-06 22:05:28.086 +00:00 [INF] HTTP POST /health responded 200 in 528ms user="barbara" trace=48f68fda-0001-0002-0304-050607080965
2026-10-06 22:05:29.763 +00:00 [INF] HTTP POST /api/orders responded 200 in 84ms user="linus" trace=2cfaeb83-0001-0002-0304-050607080966
2026-10-06 22:05:30.187 +00:00 [VRB] Dispatching OrderService.Tick sequence=358
2026-10-06 22:05:31.951 +00:00 [VRB] Dispatching InventorySync.Tick sequence=359
2026-10-06 22:05:33.153 +00:00 [INF] HTTP POST /api/customers/{id} responded 200 in 476ms user="alan" trace=204f3754-0001-0002-0304-050607080969
2026-10-06 22:05:35.358 +00:00 [DBG] Cache lookup key="order:73b26503-0001-0002-0304-05060708096a" hit=True elapsed=15ms
2026-10-06 22:05:35.552 +00:00 [DBG] Cache lookup key="order:12842031-0001-0002-0304-05060708096b" hit=False elapsed=5ms
2026-10-06 22:05:36.251 +00:00 [INF] HTTP PUT /api/payments responded 404 in 230ms user="margaret" trace=7d65d3ca-0001-0002-0304-05060708096c
2026-10-06 22:05:37.945 +00:00 [INF] HTTP POST /health responded 404 in 560ms user="linus" trace=562d71d7-0001-0002-0304-05060708096d
2026-10-06 22:05:40.124 +00:00 [INF] HTTP PUT /api/orders/{id} responded 204 in 512ms user="edsger" trace=2820408f-0001-0002-0304-05060708096e
2026-10-06 22:05:40.874 +00:00 [DBG] Cache lookup key="order:58a897c5-0001-0002-0304-05060708096f" hit=False elapsed=34ms
2026-10-06 22:05:42.242 +00:00 [DBG] Cache lookup key="order:0c857332-0001-0002-0304-050607080970" hit=False elapsed=33ms
2026-10-06 22:05:42.320 +00:00 [INF] HTTP PUT /api/orders responded 200 in 59ms user="grace" trace=3315a507-0001-0002-0304-050607080971
2026-10-06 22:05:44.119 +00:00 [DBG] Cache lookup key="order:7cd372d2-0001-0002-0304-050607080972" hit=True elapsed=6ms
2026-10-06 22:05:44.979 +00:00 [INF] HTTP POST /api/payments responded 201 in 525ms user="barbara" trace=00bb8d86-0001-0002-0304-050607080973
2026-10-06 22:05:46.585 +00:00 [INF] HTTP PUT /api/orders/{id} responded 404 in 108ms user="barbara" trace=589a53f6-0001-0002-0304-050607080974
2026-10-06 22:05:47.074 +00:00 [DBG] Cache lookup key="order:713f8269-0001-0002-0304-050607080975" hit=True elapsed=36ms
2026-10-06 22:05:47.516 +00:00 [DBG] Cache lookup key="order:4c39a194-0001-0002-0304-050607080976" hit=True elapsed=4ms
2026-10-06 22:05:47.771 +00:00 [DBG] Cache lookup key="order:38b91e40-0001-0002-0304-050607080977" hit=False elapsed=13ms
2026-10-06 22:05:48.998 +00:00 [INF] HTTP PUT /api/payments responded 204 in 95ms user="margaret" trace=3b8936e4-0001-0002-0304-050607080978
2026-10-06 22:05:49.778 +00:00 [INF] HTTP GET /api/search responded 200 in 345ms user="alan" trace=7e9e8ac6-0001-0002-0304-050607080979
2026-10-06 22:05:52.058 +00:00 [DBG] Cache lookup key="order:60dcd55b-0001-0002-0304-05060708097a" hit=False elapsed=18ms
2026-10-06 22:05:53.349 +00:00 [DBG] Cache lookup key="order:5f665316-0001-0002-0304-05060708097b" hit=True elapsed=16ms
2026-10-06 22:05:55.201 +00:00 [INF] HTTP POST /api/orders/{id} responded 201 in 244ms user="ada" trace=0b0db3d0-0001-0002-0304-05060708097c
2026-10-06 22:05:56.243 +00:00 [INF] HTTP POST /api/customers/{id} responded 204 in 383ms user="barbara" trace=061c8300-0001-0002-0304-05060708097d
2026-10-06 22:05:57.133 +00:00 [INF] HTTP GET /api/orders/{id} responded 201 in 248ms user="linus" trace=30dbfa82-0001-0002-0304-05060708097e
2026-10-06 22:05:57.585 +00:00 [DBG] Cache lookup key="order:08cc8527-0001-0002-0304-05060708097f" hit=False elapsed=19ms
2026-10-06 22:05:57.809 +00:00 [ERR] Payment failed for order 7d409fab-0001-0002-0304-050607080980 user="margaret" amount=351.82 attempt=3
System.Net.Http.HttpRequestException: Response status code does not indicate success: 502 (Bad Gateway).
   at Contoso.Orders.PaymentGateway.ChargeAsync(Order order, CancellationToken token) in C:\src\Orders\PaymentGateway.cs:line 118
   at Contoso.Orders.OrderService.CompleteAsync(Guid orderId) in C:\src\Orders\OrderService.cs:line 64
   at Contoso.Web.Endpoints.OrdersEndpoint.Post(HttpContext context) in C:\src\Web\OrdersEndpoint.cs:line 37
   at Microsoft.AspNetCore.Routing.EndpointMiddleware.Invoke(HttpContext httpContext)
--- End of stack trace from previous location ---
   at Microsoft.AspNetCore.Diagnostics.ExceptionHandlerMiddlewareImpl.Invoke(HttpContext context)
2026-10-06 22:05:59.114 +00:00 [INF] HTTP PUT /api/orders responded 200 in 130ms user="linus" trace=5b42df9d-0001-0002-0304-050607080981
2026-10-06 22:06:01.061 +00:00 [DBG] Cache lookup key="order:3f0dff41-0001-0002-0304-050607080982" hit=True elapsed=36ms
2026-10-06 22:06:03.214 +00:00 [INF] HTTP GET /api/orders/{id} responded 200 in 355ms user="barbara" trace=478966a4-0001-0002-0304-050607080983
2026-10-06 22:06:05.373 +00:00 [VRB] Dispatching OrderService.Tick sequence=387
2026-10-06 22:06:07.670 +00:00 [INF] HTTP POST /health responded 200 in 59ms user="barbara" trace=289fc9ed-0001-0002-0304-050607080985
2026-10-06 22:06:09.079 +00:00 [DBG] Cache lookup key="order:3ac9bc24-0001-0002-0304-050607080986" hit=True elapsed=16ms
2026-10-06 22:06:11.468 +00:00 [INF] HTTP POST /api/payments responded 200 in 348ms user="alan" trace=06f397f0-0001-0002-0304-050607080987
2026-10-06 22:06:12.336 +00:00 [INF] HTTP GET /api/search responded 201 in 530ms user="grace" trace=6ab66640-0001-0002-0304-050607080988
2026-10-06 22:06:12.344 +00:00 [DBG] Cache lookup key="order:2bfd7882-0001-0002-0304-050607080989" hit=False elapsed=23ms
2026-10-06 22:06:13.136 +00:00 [INF] HTTP GET /api/orders/{id} responded 204 in 263ms user="edsger" trace=1047f556-0001-0002-0304-05060708098a
2026-10-06 22:06:15.140 +00:00 [WRN] Slow request /api/orders/{id} took 8925ms (threshold 1000ms) user="linus"
2026-10-06 22:06:17.352 +00:00 [DBG] Cache lookup key="order:0508a8e7-0001-0002-0304-05060708098c" hit=True elapsed=15ms
2026-10-06 22:06:18.040 +00:00 [INF] HTTP GET /api/orders responded 200 in 422ms user="grace" trace=5a29fcba-0001-0002-0304-05060708098d
2026-10-06 22:06:18.747 +00:00 [VRB] Dispatching PaymentGateway.Tick sequence=397
2026-10-06 22:06:19.778 +00:00 [DBG] Cache lookup key="order:2d182837-0001-0002-0304-05060708098f" hit=False elapsed=6ms
2026-10-06 22:06:21.238 +00:00 [DBG] Cache lookup key="order:5f21fa0b-0001-0002-0304-050607080990" hit=False elapsed=20ms
2026-10-06 22:06:21.947 +00:00 [DBG] Cache lookup key="order:7b1a3ee2-0001-0002-0304-050607080991" hit=True elapsed=14ms
2026-10-06 22:06:23.448 +00:00 [INF] HTTP POST /api/search responded 204 in 543ms user="margaret" trace=24120b04-0001-0002-0304-050607080992
2026-10-06 22:06:25.384 +00:00 [INF] HTTP POST /api/search responded 200 in 385ms user="edsger" trace=124c61b3-0001-0002-0304-050607080993
2026-10-06 22:06:27.488 +00:00 [INF] HTTP POST /api/orders responded 404 in 69ms user="margaret" trace=7852e92a-0001-0002-0304-050607080994
2026-10-06 22:06:28.356 +00:00 [DBG] Cache lookup key="order:1a7fc1bd-0001-0002-0304-050607080995" hit=True elapsed=3ms
2026-10-06 22:06:28.794 +00:00 [INF] HTTP GET /api/payments responded 204 in 90ms user="edsger" trace=01a6baa8-0001-0002-0304-050607080996
2026-10-06 22:06:30.826 +00:00 [VRB] Dispatching PaymentGateway.Tick sequence=406
2026-10-06 22:06:33.095 +00:00 [INF] HTTP PUT /api/customers/{id} responded 201 in 200ms user="margaret" trace=2308557f-0001-0002-0304-050607080998
2026-10-06 22:06:33.681 +00:00 [WRN] Slow request /health took 5817ms (threshold 1000ms) user="margaret"
2026-10-06 22:06:35.346 +00:00 [INF] HTTP PUT /health responded 404 in 290ms user="grace" trace=55f3419b-0001-0002-0304-05060708099a
2026-10-06 22:06:37.426 +00:00 [INF] HTTP GET /health responded 200 in 523ms user="barbara" trace=1129c246-0001-0002-0304-05060708099b
2026-10-06 22:06:38.614 +00:00 [INF] HTTP GET /api/customers/{id} responded 200 in 532ms user="margaret" trace=4689066c-0001-0002-0304-05060708099c
2026-10-06 22:06:39.353 +00:00 [INF] HTTP PUT /health responded 201 in 44ms user="grace" trace=5d221ce0-0001-0002-0304-05060708099d
2026-10-06 22:06:40.406 +00:00 [DBG] Cache lookup key="order:1ce8d047-0001-0002-0304-05060708099e" hit=True elapsed=27ms
2026-10-06 22:06:41.762 +00:00 [INF] HTTP PUT /health responded 200 in 381ms user="edsger" trace=3b71ba7e-0001-0002-0304-05060708099f
2026-10-06 22:06:43.097 +00:00 [INF] Reconciled inventory batch: warehouse="MEL-02" skus=2565 adjusted=14 notes="Batch includes back-ordered items carried over from the previous cycle; the reconciliation rules treat partially shipped lines as open until the courier confirms delivery, which can take several hours for regional addresses."
2026-10-06 22:06:43.340 +00:00 [DBG] Cache lookup key="order:1f049af1-0001-0002-0304-0506070809a1" hit=False elapsed=15ms
2026-10-06 22:06:44.219 +00:00 [DBG] Cache lookup key="order:02a05260-0001-0002-0304-0506070809a2" hit=True elapsed=10ms
2026-10-06 22:06:46.006 +00:00 [VRB] Dispatching InventorySync.Tick sequence=418
2026-10-06 22:06:47.217 +00:00 [DBG] Cache lookup key="order:02b72ff9-0001-0002-0304-0506070809a4" hit=False elapsed=38ms
2026-10-06 22:06:48.807 +00:00 [INF] HTTP PUT /api/search responded 200 in 78ms user="linus" trace=08f4863a-0001-0002-0304-0506070809a5
2026-10-06 22:06:50.171 +00:00 [INF] HTTP GET /api/payments responded 204 in 530ms user="edsger" trace=7c342994-0001-0002-0304-0506070809a6
2026-10-06 22:06:50.667 +00:00 [DBG] Cache lookup key="order:717e4b7b-0001-0002-0304-0506070809a7" hit=True elapsed=36ms
2026-10-06 22:06:51.968 +00:00 [INF] HTTP PUT /api/orders responded 404 in 51ms user="barbara" trace=77eb6ca7-0001-0002-0304-0506070809a8
2026-10-06 22:06:53.907 +00:00 [DBG] Cache lookup key="order:1c9be78f-0001-0002-0304-0506070809a9" hit=True elapsed=23ms
2026-10-06 22:06:56.272 +00:00 [DBG] Cache lookup key="order:178888d8-0001-0002-0304-0506070809aa" hit=True elapsed=35ms
2026-10-06 22:06:58.613 +00:00 [DBG] Cache lookup key="order:35490dbd-0001-0002-0304-0506070809ab" hit=False elapsed=5ms
2026-10-06 22:06:58.759 +00:00 [INF] HTTP POST /api/payments responded 200 in 445ms user="ada" trace=42908ef0-0001-0002-0304-0506070809ac
2026-10-06 22:06:59.042 +00:00 [INF] HTTP GET /api/orders responded 404 in 293ms user="edsger" trace=5e3fd803-0001-0002-0304-0506070809ad
2026-10-06 22:06:59.465 +00:00 [INF] HTTP PUT /api/search responded 404 in 539ms user="ada" trace=04257508-0001-0002-0304-0506070809ae
2026-10-06 22:07:00.937 +00:00 [DBG] Cache lookup key="order:56d955fe-0001-0002-0304-0506070809af" hit=True elapsed=11ms
2026-10-06 22:07:01.816 +00:00 [ERR] Payment failed for order 49aa89c9-0001-0002-0304-0506070809b0 user="barbara" amount=747.52 attempt=3
System.Net.Http.HttpRequestException: Response status code does not indicate success: 502 (Bad Gateway).
   at Contoso.Orders.PaymentGateway.ChargeAsync(Order order, CancellationToken token) in C:\src\Orders\PaymentGateway.cs:line 118
   at Contoso.Orders.OrderService.CompleteAsync(Guid orderId) in C:\src\Orders\OrderService.cs:line 64
   at Contoso.Web.Endpoints.OrdersEndpoint.Post(HttpContext context) in C:\src\Web\OrdersEndpoint.cs:line 37
   at Microsoft.AspNetCore.Routing.EndpointMiddleware.Invoke(HttpContext httpContext)
--- End of stack trace from previous location ---
   at Microsoft.AspNetCore.Diagnostics.ExceptionHandlerMiddlewareImpl.Invoke(HttpContext context)
2026-10-06 22:07:04.207 +00:00 [DBG] Cache lookup key="order:3d2a1efe-0001-0002-0304-0506070809b1" hit=True elapsed=3ms
2026-10-06 22:07:05.333 +00:00 [WRN] Slow request /api/search took 7994ms (threshold 1000ms) user="edsger"
2026-10-06 22:07:07.407 +00:00 [INF] HTTP GET /api/orders/{id} responded 200 in 108ms user="ada" trace=52882d07-0001-0002-0304-0506070809b3
2026-10-06 22:07:09.140 +00:00 [DBG] Cache lookup key="order:3f76daa6-0001-0002-0304-0506070809b4" hit=False elapsed=28ms
2026-10-06 22:07:11.047 +00:00 [INF] HTTP GET /api/orders responded 204 in 332ms user="barbara" trace=500d2b66-0001-0002-0304-0506070809b5
2026-10-06 22:07:12.225 +00:00 [INF] HTTP GET /api/payments responded 404 in 475ms user="alan" trace=52d35c56-0001-0002-0304-0506070809b6
2026-10-06 22:07:12.781 +00:00 [INF] HTTP PUT /api/orders/{id} responded 200 in 433ms user="linus" trace=161e85cb-0001-0002-0304-0506070809b7
2026-10-06 22:07:14.517 +00:00 [WRN] Slow request /health took 7520ms (threshold 1000ms) user="linus"
2026-10-06 22:07:15.433 +00:00 [ERR] Payment failed for order 10ae8bc7-0001-0002-0304-0506070809b9 user="grace" amount=249.65 attempt=3
System.Net.Http.HttpRequestException: Response status code does not indicate success: 502 (Bad Gateway).
   at Contoso.Orders.PaymentGateway.ChargeAsync(Order order, CancellationToken token) in C:\src\Orders\PaymentGateway.cs:line 118
   at Contoso.Orders.OrderService.CompleteAsync(Guid orderId) in C:\src\Orders\OrderService.cs:line 64
   at Contoso.Web.Endpoints.OrdersEndpoint.Post(HttpContext context) in C:\src\Web\OrdersEndpoint.cs:line 37
   at Microsoft.AspNetCore.Routing.EndpointMiddleware.Invoke(HttpContext httpContext)
--- End of stack trace from previous location ---
   at Microsoft.AspNetCore.Diagnostics.ExceptionHandlerMiddlewareImpl.Invoke(HttpContext context)
2026-10-06 22:07:16.862 +00:00 [FTL] Unhandled exception in Scheduler; the host is shutting down
System.InvalidOperationException: Sequence contains no elements
   at Contoso.Orders.PaymentGateway.ChargeAsync(Order order, CancellationToken token) in C:\src\Orders\PaymentGateway.cs:line 118
   at Contoso.Orders.OrderService.CompleteAsync(Guid orderId) in C:\src\Orders\OrderService.cs:line 64
   at Contoso.Web.Endpoints.OrdersEndpoint.Post(HttpContext context) in C:\src\Web\OrdersEndpoint.cs:line 37
   at Microsoft.AspNetCore.Routing.EndpointMiddleware.Invoke(HttpContext httpContext)
--- End of stack trace from previous location ---
   at Microsoft.AspNetCore.Diagnostics.ExceptionHandlerMiddlewareImpl.Invoke(HttpContext context)
2026-10-06 22:07:17.613 +00:00 [INF] HTTP POST /api/orders/{id} responded 200 in 457ms user="grace" trace=5611e57f-0001-0002-0304-0506070809bb
2026-10-06 22:07:19.847 +00:00 [INF] HTTP GET /api/payments responded 404 in 401ms user="grace" trace=16ad9be1-0001-0002-0304-0506070809bc
2026-10-06 22:07:21.749 +00:00 [INF] HTTP POST /health responded 204 in 305ms user="grace" trace=2e126877-0001-0002-0304-0506070809bd
2026-10-06 22:07:24.082 +00:00 [INF] HTTP PUT /api/orders/{id} responded 200 in 565ms user="ada" trace=4da60561-0001-0002-0304-0506070809be
2026-10-06 22:07:24.620 +00:00 [INF] HTTP PUT /api/orders responded 200 in 525ms user="barbara" trace=3aab5600-0001-0002-0304-0506070809bf
2026-10-06 22:07:24.846 +00:00 [INF] HTTP GET /api/orders responded 204 in 144ms user="margaret" trace=6d5e1446-0001-0002-0304-0506070809c0
2026-10-06 22:07:27.081 +00:00 [INF] HTTP POST /api/orders/{id} responded 204 in 310ms user="margaret" trace=11df85a7-0001-0002-0304-0506070809c1
2026-10-06 22:07:27.849 +00:00 [INF] HTTP GET /api/search responded 204 in 441ms user="edsger" trace=136276a1-0001-0002-0304-0506070809c2
2026-10-06 22:07:29.692 +00:00 [DBG] Cache lookup key="order:5a69ffa5-0001-0002-0304-0506070809c3" hit=False elapsed=35ms
2026-10-06 22:07:31.365 +00:00 [INF] HTTP GET /api/search responded 201 in 495ms user="margaret" trace=237eeefa-0001-0002-0304-0506070809c4
2026-10-06 22:07:32.271 +00:00 [DBG] Cache lookup key="order:69e1b505-0001-0002-0304-0506070809c5" hit=True elapsed=33ms
2026-10-06 22:07:33.218 +00:00 [FTL] Unhandled exception in PaymentGateway; the host is shutting down
System.InvalidOperationException: Sequence contains no elements
   at Contoso.Orders.PaymentGateway.ChargeAsync(Order order, CancellationToken token) in C:\src\Orders\PaymentGateway.cs:line 118
   at Contoso.Orders.OrderService.CompleteAsync(Guid orderId) in C:\src\Orders\OrderService.cs:line 64
   at Contoso.Web.Endpoints.OrdersEndpoint.Post(HttpContext context) in C:\src\Web\OrdersEndpoint.cs:line 37
   at Microsoft.AspNetCore.Routing.EndpointMiddleware.Invoke(HttpContext httpContext)
--- End of stack trace from previous location ---
   at Microsoft.AspNetCore.Diagnostics.ExceptionHandlerMiddlewareImpl.Invoke(HttpContext context)
2026-10-06 22:07:35.587 +00:00 [WRN] Slow request /api/search took 6859ms (threshold 1000ms) user="grace"
2026-10-06 22:07:36.539 +00:00 [INF] HTTP PUT /api/orders/{id} responded 404 in 508ms user="ada" trace=0b1a955f-0001-0002-0304-0506070809c8
2026-10-06 22:07:36.669 +00:00 [DBG] Cache lookup key="order:28614c74-0001-0002-0304-0506070809c9" hit=False elapsed=19ms
2026-10-06 22:07:38.207 +00:00 [INF] HTTP POST /api/orders/{id} responded 201 in 16ms user="barbara" trace=297a95df-0001-0002-0304-0506070809ca
2026-10-06 22:07:38.540 +00:00 [VRB] Dispatching InventorySync.Tick sequence=458
2026-10-06 22:07:39.743 +00:00 [INF] Reconciled inventory batch: warehouse="MEL-02" skus=1646 adjusted=71 notes="Batch includes back-ordered items carried over from the previous cycle; the reconciliation rules treat partially shipped lines as open until the courier confirms delivery, which can take several hours for regional addresses."
2026-10-06 22:07:41.069 +00:00 [INF] HTTP PUT /api/orders/{id} responded 201 in 117ms user="edsger" trace=710deb8c-0001-0002-0304-0506070809cd
2026-10-06 22:07:43.423 +00:00 [INF] HTTP PUT /api/orders responded 200 in 340ms user="edsger" trace=2af19df0-0001-0002-0304-0506070809ce
2026-10-06 22:07:44.494 +00:00 [INF] HTTP GET /api/payments responded 200 in 471ms user="alan" trace=65f8723e-0001-0002-0304-0506070809cf
2026-10-06 22:07:46.290 +00:00 [VRB] Dispatching Scheduler.Tick sequence=463
2026-10-06 22:07:47.356 +00:00 [DBG] Cache lookup key="order:54b31dae-0001-0002-0304-0506070809d1" hit=False elapsed=29ms
2026-10-06 22:07:48.790 +00:00 [INF] HTTP PUT /api/payments responded 200 in 206ms user="edsger" trace=609fb34c-0001-0002-0304-0506070809d2
2026-10-06 22:07:49.750 +00:00 [INF] HTTP PUT /api/search responded 200 in 574ms user="ada" trace=7e389777-0001-0002-0304-0506070809d3
2026-10-06 22:07:49.979 +00:00 [INF] HTTP GET /api/search responded 200 in 83ms user="edsger" trace=50e8c21c-0001-0002-0304-0506070809d4
2026-10-06 22:07:50.872 +00:00 [INF] HTTP POST /health responded 200 in 405ms user="alan" trace=32a5c326-0001-0002-0304-0506070809d5
2026-10-06 22:07:51.630 +00:00 [VRB] Dispatching Scheduler.Tick sequence=469
2026-10-06 22:07:53.769 +00:00 [DBG] Cache lookup key="order:65d0b5c0-0001-0002-0304-0506070809d7" hit=False elapsed=39ms
2026-10-06 22:07:54.301 +00:00 [INF] HTTP PUT /api/payments responded 404 in 133ms user="linus" trace=07693f35-0001-0002-0304-0506070809d8
2026-10-06 22:07:55.152 +00:00 [WRN] Slow request /api/orders took 1760ms (threshold 1000ms) user="margaret"
2026-10-06 22:07:56.411 +00:00 [VRB] Dispatching OrderService.Tick sequence=473
2026-10-06 22:07:58.339 +00:00 [WRN] Slow request /health took 4929ms (threshold 1000ms) user="margaret"
2026-10-06 22:07:58.412 +00:00 [DBG] Cache lookup key="order:19f0fd84-0001-0002-0304-0506070809dc" hit=False elapsed=3ms
2026-10-06 22:08:00.420 +00:00 [WRN] Slow request /api/payments took 8918ms (threshold 1000ms) user="barbara"
2026-10-06 22:08:01.864 +00:00 [INF] HTTP GET /api/customers/{id} responded 200 in 318ms user="barbara" trace=06c1e87a-0001-0002-0304-0506070809de
2026-10-06 22:08:03.717 +00:00 [DBG] Cache lookup key="order:2196b2cf-0001-0002-0304-0506070809df" hit=True elapsed=3ms
2026-10-06 22:08:04.045 +00:00 [INF] HTTP POST /health responded 200 in 349ms user="grace" trace=715ed499-0001-0002-0304-0506070809e0
2026-10-06 22:08:06.259 +00:00 [INF] HTTP GET /api/search responded 404 in 302ms user="linus" trace=0214fc63-0001-0002-0304-0506070809e1
2026-10-06 22:08:07.642 +00:00 [INF] Reconciled inventory batch: warehouse="MEL-02" skus=2094 adjusted=36 notes="Batch includes back-ordered items carried over from the previous cycle; the reconciliation rules treat partially shipped lines as open until the courier confirms delivery, which can take several hours for regional addresses."
2026-10-06 22:08:08.940 +00:00 [INF] HTTP PUT /health responded 200 in 424ms user="alan" trace=3889f83e-0001-0002-0304-0506070809e3
2026-10-06 22:08:10.868 +00:00 [INF] HTTP PUT /health responded 200 in 383ms user="edsger" trace=1f1b159a-0001-0002-0304-0506070809e4
2026-10-06 22:08:11.539 +00:00 [INF] HTTP GET /health responded 200 in 47ms user="grace" trace=02b62ab7-0001-0002-0304-0506070809e5
2026-10-06 22:08:12.350 +00:00 [INF] HTTP PUT /api/orders responded 200 in 70ms user="edsger" trace=22aa6416-0001-0002-0304-0506070809e6
2026-10-06 22:08:13.675 +00:00 [INF] HTTP PUT /health responded 404 in 341ms user="grace" trace=4120b34c-0001-0002-0304-0506070809e7
2026-10-06 22:08:15.771 +00:00 [DBG] Cache lookup key="order:33ab48b8-0001-0002-0304-0506070809e8" hit=False elapsed=32ms
2026-10-06 22:08:15.894 +00:00 [INF] HTTP GET /api/orders responded 200 in 295ms user="edsger" trace=78168c10-0001-0002-0304-0506070809e9
2026-10-06 22:08:16.992 +00:00 [INF] HTTP GET /api/customers/{id} responded 200 in 263ms user="ada" trace=761fe552-0001-0002-0304-0506070809ea
2026-10-06 22:08:19.297 +00:00 [INF] HTTP PUT /api/search responded 200 in 192ms user="margaret" trace=4a8d83d4-0001-0002-0304-0506070809eb
2026-10-06 22:08:21.097 +00:00 [DBG] Cache lookup key="order:5b2a6832-0001-0002-0304-0506070809ec" hit=False elapsed=31ms
2026-10-06 22:08:21.768 +00:00 [DBG] Cache lookup key="order:441056fc-0001-0002-0304-0506070809ed" hit=True elapsed=30ms
2026-10-06 22:08:23.200 +00:00 [INF] HTTP PUT /api/orders/{id} responded 200 in 388ms user="ada" trace=7dd23c56-0001-0002-0304-0506070809ee
2026-10-06 22:08:24.397 +00:00 [INF] HTTP GET /api/orders/{id} responded 200 in 34ms user="margaret" trace=4bfc4cfb-0001-0002-0304-0506070809ef
2026-10-06 22:08:25.900 +00:00 [INF] HTTP PUT /api/orders/{id} responded 200 in 478ms user="ada" trace=644bd164-0001-0002-0304-0506070809f0
2026-10-06 22:08:27.955 +00:00 [INF] Reconciled inventory batch: warehouse="MEL-02" skus=1104 adjusted=53 notes="Batch includes back-ordered items carried over from the previous cycle; the reconciliation rules treat partially shipped lines as open until the courier confirms delivery, which can take several hours for regional addresses."
2026-10-06 22:08:28.364 +00:00 [INF] HTTP PUT /api/customers/{id} responded 200 in 477ms user="barbara" trace=68e30d55-0001-0002-0304-0506070809f2
2026-10-06 22:08:29.768 +00:00 [INF] HTTP PUT /api/payments responded 204 in 420ms user="ada" trace=24ec2eb1-0001-0002-0304-0506070809f3
2026-10-06 22:08:31.470 +00:00 [INF] HTTP PUT /api/payments responded 200 in 475ms user="barbara" trace=1cd4099d-0001-0002-0304-0506070809f4
2026-10-06 22:08:33.496 +00:00 [DBG] Cache lookup key="order:1b2b60da-0001-0002-0304-0506070809f5" hit=False elapsed=24ms
2026-10-06 22:08:35.222 +00:00 [INF] HTTP PUT /api/orders responded 200 in 112ms user="linus" trace=695d9c71-0001-0002-0304-0506070809f6
2026-10-06 22:08:36.659 +00:00 [WRN] Slow request /api/orders took 4965ms (threshold 1000ms) user="linus"
2026-10-06 22:08:38.421 +00:00 [INF] HTTP GET /health responded 200 in 380ms user="barbara" trace=33b63482-0001-0002-0304-0506070809f8
2026-10-06 22:08:38.741 +00:00 [ERR] Payment failed for order 13986507-0001-0002-0304-0506070809f9 user="alan" amount=147.75 attempt=3
System.Net.Http.HttpRequestException: Response status code does not indicate success: 502 (Bad Gateway).
   at Contoso.Orders.PaymentGateway.ChargeAsync(Order order, CancellationToken token) in C:\src\Orders\PaymentGateway.cs:line 118
   at Contoso.Orders.OrderService.CompleteAsync(Guid orderId) in C:\src\Orders\OrderService.cs:line 64
   at Contoso.Web.Endpoints.OrdersEndpoint.Post(HttpContext context) in C:\src\Web\OrdersEndpoint.cs:line 37
   at Microsoft.AspNetCore.Routing.EndpointMiddleware.Invoke(HttpContext httpContext)
--- End of stack trace from previous location ---
   at Microsoft.AspNetCore.Diagnostics.ExceptionHandlerMiddlewareImpl.Invoke(HttpContext context)
2026-10-06 22:08:41.082 +00:00 [INF] HTTP PUT /api/search responded 404 in 301ms user="barbara" trace=39f5a168-0001-0002-0304-0506070809fa
2026-10-06 22:08:43.243 +00:00 [INF] HTTP POST /api/orders responded 201 in 260ms user="alan" trace=1a4ad58b-0001-0002-0304-0506070809fb
2026-10-06 22:08:45.253 +00:00 [INF] HTTP GET /health responded 200 in 131ms user="alan" trace=77c5c225-0001-0002-0304-0506070809fc
2026-10-06 22:08:47.402 +00:00 [INF] HTTP POST /api/search responded 200 in 387ms user="alan" trace=0b1b8f85-0001-0002-0304-0506070809fd
2026-10-06 22:08:47.691 +00:00 [DBG] Cache lookup key="order:7f8ea9c0-0001-0002-0304-0506070809fe" hit=True elapsed=37ms
2026-10-06 22:08:48.085 +00:00 [DBG] Cache lookup key="order:1e025f9c-0001-0002-0304-050607080900" hit=True elapsed=22ms
2026-10-06 22:08:49.085 +00:00 [WRN] Slow request /api/customers/{id} took 6663ms (threshold 1000ms) user="barbara"
2026-10-06 22:08:49.557 +00:00 [WRN] Slow request /health took 6998ms (threshold 1000ms) user="linus"
2026-10-06 22:08:51.721 +00:00 [DBG] Cache lookup key="order:595b94ec-0001-0002-0304-050607080903" hit=False elapsed=33ms
2026-10-06 22:08:51.920 +00:00 [INF] HTTP GET /api/orders/{id} responded 200 in 71ms user="ada" trace=2c2910d8-0001-0002-0304-050607080904
2026-10-06 22:08:53.986 +00:00 [INF] HTTP POST /api/customers/{id} responded 204 in 96ms user="margaret" trace=591b0981-0001-0002-0304-050607080905
2026-10-06 22:08:55.906 +00:00 [INF] HTTP POST /api/orders responded 204 in 465ms user="barbara" trace=5de2effd-0001-0002-0304-050607080906
2026-10-06 22:08:56.753 +00:00 [INF] HTTP GET /api/payments responded 200 in 280ms user="edsger" trace=3b86bb33-0001-0002-0304-050607080907
2026-10-06 22:08:56.946 +00:00 [INF] HTTP POST /api/orders responded 200 in 147ms user="grace" trace=1558494d-0001-0002-0304-050607080908
2026-10-06 22:08:58.991 +00:00 [INF] Reconciled inventory batch: warehouse="MEL-02" skus=1532 adjusted=47 notes="Batch includes back-ordered items carried over from the previous cycle; the reconciliation rules treat partially shipped lines as open until the courier confirms delivery, which can take several hours for regional addresses."
2026-10-06 22:09:01.042 +00:00 [INF] HTTP POST /api/orders/{id} responded 204 in 213ms user="grace" trace=5f49d4e9-0001-0002-0304-05060708090a
2026-10-06 22:09:01.665 +00:00 [VRB] Dispatching AuthProvider.Tick sequence=521
2026-10-06 22:09:02.117 +00:00 [INF] HTTP POST /api/orders/{id} responded 201 in 371ms user="margaret" trace=02a9a163-0001-0002-0304-05060708090c
2026-10-06 22:09:03.602 +00:00 [INF] HTTP PUT /api/orders/{id} responded 204 in 529ms user="linus" trace=604b926a-0001-0002-0304-05060708090d
2026-10-06 22:09:03.995 +00:00 [INF] HTTP PUT /health responded 200 in 147ms user="alan" trace=3411c30a-0001-0002-0304-05060708090e
2026-10-06 22:09:04.838 +00:00 [INF] HTTP PUT /health responded 200 in 470ms user="edsger" trace=1a72282d-0001-0002-0304-05060708090f
2026-10-06 22:09:04.943 +00:00 [WRN] Slow request /api/orders took 4192ms (threshold 1000ms) user="margaret"
2026-10-06 22:09:05.503 +00:00 [INF] HTTP GET /api/search responded 200 in 595ms user="ada" trace=7d2d5365-0001-0002-0304-050607080911
2026-10-06 22:09:07.396 +00:00 [ERR] Payment failed for order 3c5b687b-0001-0002-0304-050607080912 user="ada" amount=95.53 attempt=3
System.Net.Http.HttpRequestException: Response status code does not indicate success: 502 (Bad Gateway).
   at Contoso.Orders.PaymentGateway.ChargeAsync(Order order, CancellationToken token) in C:\src\Orders\PaymentGateway.cs:line 118
   at Contoso.Orders.OrderService.CompleteAsync(Guid orderId) in C:\src\Orders\OrderService.cs:line 64
   at Contoso.Web.Endpoints.OrdersEndpoint.Post(HttpContext context) in C:\src\Web\OrdersEndpoint.cs:line 37
   at Microsoft.AspNetCore.Routing.EndpointMiddleware.Invoke(HttpContext httpContext)
--- End of stack trace from previous location ---
   at Microsoft.AspNetCore.Diagnostics.ExceptionHandlerMiddlewareImpl.Invoke(HttpContext context)
2026-10-06 22:09:08.638 +00:00 [INF] HTTP PUT /health responded 201 in 523ms user="grace" trace=121c060e-0001-0002-0304-050607080913
2026-10-06 22:09:10.843 +00:00 [FTL] Unhandled exception in AuthProvider; the host is shutting down
System.InvalidOperationException: Sequence contains no elements
   at Contoso.Orders.PaymentGateway.ChargeAsync(Order order, CancellationToken token) in C:\src\Orders\PaymentGateway.cs:line 118
   at Contoso.Orders.OrderService.CompleteAsync(Guid orderId) in C:\src\Orders\OrderService.cs:line 64
   at Contoso.Web.Endpoints.OrdersEndpoint.Post(HttpContext context) in C:\src\Web\OrdersEndpoint.cs:line 37
   at Microsoft.AspNetCore.Routing.EndpointMiddleware.Invoke(HttpContext httpContext)
--- End of stack trace from previous location ---
   at Microsoft.AspNetCore.Diagnostics.ExceptionHandlerMiddlewareImpl.Invoke(HttpContext context)
2026-10-06 22:09:12.215 +00:00 [INF] HTTP POST /health responded 404 in 388ms user="edsger" trace=75f64935-0001-0002-0304-050607080915
2026-10-06 22:09:12.456 +00:00 [DBG] Cache lookup key="order:6783ba19-0001-0002-0304-050607080916" hit=True elapsed=15ms
2026-10-06 22:09:13.318 +00:00 [INF] HTTP GET /api/orders/{id} responded 200 in 161ms user="edsger" trace=12d33901-0001-0002-0304-050607080917
2026-10-06 22:09:13.527 +00:00 [INF] HTTP POST /api/payments responded 204 in 510ms user="edsger" trace=67775d89-0001-0002-0304-050607080918
2026-10-06 22:09:13.695 +00:00 [WRN] Slow request /api/orders/{id} took 3397ms (threshold 1000ms) user="ada"
2026-10-06 22:09:14.028 +00:00 [WRN] Slow request /api/orders/{id} took 7740ms (threshold 1000ms) user="barbara"
2026-10-06 22:09:15.034 +00:00 [INF] HTTP GET /api/orders/{id} responded 200 in 555ms user="barbara" trace=2a984bf4-0001-0002-0304-05060708091b
2026-10-06 22:09:15.822 +00:00 [INF] HTTP POST /api/customers/{id} responded 200 in 487ms user="edsger" trace=5e56e8da-0001-0002-0304-05060708091c
2026-10-06 22:09:16.365 +00:00 [INF] HTTP GET /api/orders/{id} responded 200 in 416ms user="barbara" trace=085e5ea3-0001-0002-0304-05060708091d
2026-10-06 22:09:18.050 +00:00 [DBG] Cache lookup key="order:09ca754a-0001-0002-0304-05060708091e" hit=True elapsed=20ms
2026-10-06 22:09:19.651 +00:00 [INF] HTTP PUT /api/payments responded 200 in 220ms user="ada" trace=3bb43aff-0001-0002-0304-05060708091f
2026-10-06 22:09:21.155 +00:00 [DBG] Cache lookup key="order:37b2ff9b-0001-0002-0304-050607080920" hit=True elapsed=7ms
2026-10-06 22:09:22.232 +00:00 [VRB] Dispatching Scheduler.Tick sequence=543
2026-10-06 22:09:23.017 +00:00 [INF] HTTP GET /api/orders/{id} responded 201 in 265ms user="edsger" trace=0cad0a54-0001-0002-0304-050607080922
2026-10-06 22:09:24.857 +00:00 [INF] HTTP GET /health responded 200 in 141ms user="alan" trace=14b9a353-0001-0002-0304-050607080923
2026-10-06 22:09:27.195 +00:00 [INF] HTTP GET /api/search responded 200 in 89ms user="ada" trace=3a7d89c2-0001-0002-0304-050607080924
2026-10-06 22:09:28.007 +00:00 [INF] HTTP GET /api/orders/{id} responded 200 in 356ms user="margaret" trace=5cd6397a-0001-0002-0304-050607080925
2026-10-06 22:09:28.207 +00:00 [INF] Reconciled inventory batch: warehouse="MEL-02" skus=3833 adjusted=45 notes="Batch includes back-ordered items carried over from the previous cycle; the reconciliation rules treat partially shipped lines as open until the courier confirms delivery, which can take several hours for regional addresses."
2026-10-06 22:09:30.184 +00:00 [INF] HTTP POST /health responded 204 in 595ms user="edsger" trace=7d928541-0001-0002-0304-050607080927
2026-10-06 22:09:30.584 +00:00 [DBG] Cache lookup key="order:77eb29ab-0001-0002-0304-050607080928" hit=False elapsed=28ms
2026-10-06 22:09:32.081 +00:00 [INF] HTTP GET /health responded 201 in 353ms user="barbara" trace=72c7e148-0001-0002-0304-050607080929
2026-10-06 22:09:33.764 +00:00 [INF] HTTP GET /api/orders responded 200 in 490ms user="linus" trace=42c5ffd1-0001-0002-0304-05060708092a
2026-10-06 22:09:35.278 +00:00 [DBG] Cache lookup key="order:34623063-0001-0002-0304-05060708092b" hit=True elapsed=8ms
2026-10-06 22:09:37.147 +00:00 [DBG] Cache lookup key="order:10702dde-0001-0002-0304-05060708092c" hit=False elapsed=14ms
2026-10-06 22:09:38.348 +00:00 [INF] HTTP PUT /api/search responded 201 in 328ms user="ada" trace=0f1303e1-0001-0002-0304-05060708092d
2026-10-06 22:09:40.668 +00:00 [INF] HTTP PUT /api/orders/{id} responded 200 in 142ms user="edsger" trace=3247ab7b-0001-0002-0304-05060708092e
2026-10-06 22:09:42.098 +00:00 [WRN] Slow request /api/search took 3922ms (threshold 1000ms) user="barbara"
2026-10-06 22:09:43.755 +00:00 [INF] HTTP PUT /health responded 200 in 140ms user="edsger" trace=0840c398-0001-0002-0304-050607080930
2026-10-06 22:09:43.959 +00:00 [INF] HTTP GET /api/payments responded 200 in 162ms user="grace" trace=3563d501-0001-0002-0304-050607080931
2026-10-06 22:09:45.762 +00:00 [INF] HTTP PUT /api/customers/{id} responded 200 in 529ms user="linus" trace=44769d99-0001-0002-0304-050607080932
2026-10-06 22:09:47.219 +00:00 [INF] HTTP POST /health responded 204 in 526ms user="alan" trace=45ac8635-0001-0002-0304-050607080933
2026-10-06 22:09:48.261 +00:00 [DBG] Cache lookup key="order:4358f55f-0001-0002-0304-050607080934" hit=False elapsed=28ms
2026-10-06 22:09:50.070 +00:00 [INF] HTTP POST /api/orders/{id} responded 204 in 233ms user="margaret" trace=5e4064c8-0001-0002-0304-050607080935
2026-10-06 22:09:50.430 +00:00 [FTL] Unhandled exception in PaymentGateway; the host is shutting down
System.InvalidOperationException: Sequence contains no elements
   at Contoso.Orders.PaymentGateway.ChargeAsync(Order order, CancellationToken token) in C:\src\Orders\PaymentGateway.cs:line 118
   at Contoso.Orders.OrderService.CompleteAsync(Guid orderId) in C:\src\Orders\OrderService.cs:line 64
   at Contoso.Web.Endpoints.OrdersEndpoint.Post(HttpContext context) in C:\src\Web\OrdersEndpoint.cs:line 37
   at Microsoft.AspNetCore.Routing.EndpointMiddleware.Invoke(HttpContext httpContext)
--- End of stack trace from previous location ---
   at Microsoft.AspNetCore.Diagnostics.ExceptionHandlerMiddlewareImpl.Invoke(HttpContext context)
2026-10-06 22:09:52.252 +00:00 [DBG] Cache lookup key="order:3ff744d8-0001-0002-0304-050607080937" hit=True elapsed=37ms
2026-10-06 22:09:54.123 +00:00 [INF] HTTP GET /api/payments responded 201 in 111ms user="grace" trace=399d28b6-0001-0002-0304-050607080938
2026-10-06 22:09:54.869 +00:00 [INF] HTTP PUT /api/orders responded 204 in 553ms user="alan" trace=2a293f40-0001-0002-0304-050607080939
2026-10-06 22:09:56.686 +00:00 [INF] HTTP PUT /api/orders/{id} responded 204 in 273ms user="ada" trace=44f0d47d-0001-0002-0304-05060708093a
2026-10-06 22:09:58.934 +00:00 [INF] HTTP PUT /api/orders responded 204 in 391ms user="linus" trace=30307506-0001-0002-0304-05060708093b
2026-10-06 22:09:59.402 +00:00 [INF] HTTP POST /api/customers/{id} responded 200 in 82ms user="edsger" trace=1fc6dfb5-0001-0002-0304-05060708093c
2026-10-06 22:09:59.744 +00:00 [INF] HTTP GET /api/search responded 204 in 310ms user="alan" trace=336f4c46-0001-0002-0304-05060708093d
2026-10-06 22:10:00.464 +00:00 [INF] HTTP POST /api/orders responded 200 in 64ms user="barbara" trace=509bd981-0001-0002-0304-05060708093e
2026-10-06 22:10:01.037 +00:00 [INF] HTTP GET /api/orders/{id} responded 404 in 383ms user="barbara" trace=3e742854-0001-0002-0304-05060708093f
2026-10-06 22:10:03.263 +00:00 [DBG] Cache lookup key="order:267a7e1f-0001-0002-0304-050607080940" hit=False elapsed=32ms
2026-10-06 22:10:04.313 +00:00 [INF] HTTP POST /health responded 200 in 491ms user="grace" trace=7d691127-0001-0002-0304-050607080941
2026-10-06 22:10:04.898 +00:00 [DBG] Cache lookup key="order:645e2f87-0001-0002-0304-050607080942" hit=False elapsed=4ms
2026-10-06 22:10:05.441 +00:00 [INF] Reconciled inventory batch: warehouse="MEL-02" skus=1913 adjusted=45 notes="Batch includes back-ordered items carried over from the previous cycle; the reconciliation rules treat partially shipped lines as open until the courier confirms delivery, which can take several hours for regional addresses."
2026-10-06 22:10:05.471 +00:00 [INF] HTTP PUT /api/orders/{id} responded 200 in 157ms user="edsger" trace=0b11cb42-0001-0002-0304-050607080944
2026-10-06 22:10:06.611 +00:00 [INF] HTTP POST /api/payments responded 201 in 468ms user="edsger" trace=50887422-0001-0002-0304-050607080945
2026-10-06 22:10:07.710 +00:00 [INF] Reconciled inventory batch: warehouse="MEL-02" skus=1363 adjusted=33 notes="Batch includes back-ordered items carried over from the previous cycle; the reconciliation rules treat partially shipped lines as open until the courier confirms delivery, which can take several hours for regional addresses."
2026-10-06 22:10:09.086 +00:00 [DBG] Cache lookup key="order:42783dd2-0001-0002-0304-050607080947" hit=True elapsed=6ms
2026-10-06 22:10:10.079 +00:00 [INF] HTTP PUT /health responded 201 in 460ms user="ada" trace=067b93f9-0001-0002-0304-050607080948
2026-10-06 22:10:10.303 +00:00 [WRN] Slow request /api/search took 5258ms (threshold 1000ms) user="grace"
2026-10-06 22:10:11.133 +00:00 [DBG] Cache lookup key="order:154fa873-0001-0002-0304-05060708094a" hit=False elapsed=23ms
2026-10-06 22:10:12.810 +00:00 [INF] HTTP POST /api/orders/{id} responded 201 in 356ms user="alan" trace=6dae5f38-0001-0002-0304-05060708094b
2026-10-06 22:10:13.048 +00:00 [DBG] Cache lookup key="order:27bd685b-0001-0002-0304-05060708094c" hit=False elapsed=7ms
2026-10-06 22:10:15.080 +00:00 [INF] HTTP PUT /health responded 204 in 381ms user="alan" trace=4384ac9c-0001-0002-0304-05060708094d
2026-10-06 22:10:16.734 +00:00 [VRB] Dispatching AuthProvider.Tick sequence=588
2026-10-06 22:10:18.663 +00:00 [WRN] Slow request /api/customers/{id} took 2099ms (threshold 1000ms) user="grace"
2026-10-06 22:10:19.467 +00:00 [INF] HTTP GET /api/orders/{id} responded 204 in 190ms user="alan" trace=4407e3d1-0001-0002-0304-050607080950
2026-10-06 22:10:19.934 +00:00 [INF] HTTP PUT /health responded 404 in 405ms user="margaret" trace=5893f47a-0001-0002-0304-050607080951
2026-10-06 22:10:20.828 +00:00 [INF] Reconciled inventory batch: warehouse="MEL-02" skus=2385 adjusted=68 notes="Batch includes back-ordered items carried over from the previous cycle; the reconciliation rules treat partially shipped lines as open until the courier confirms delivery, which can take several hours for regional addresses."
2026-10-06 22:10:20.986 +00:00 [INF] HTTP PUT /api/payments responded 201 in 312ms user="edsger" trace=4cc8bb32-0001-0002-0304-050607080953
2026-10-06 22:10:23.011 +00:00 [INF] HTTP PUT /api/search responded 204 in 266ms user="alan" trace=18f8a2ce-0001-0002-0304-050607080954
2026-10-06 22:10:24.776 +00:00 [INF] HTTP POST /api/search responded 404 in 408ms user="barbara" trace=40939701-0001-0002-0304-050607080955
2026-10-06 22:10:25.780 +00:00 [INF] HTTP PUT /api/customers/{id} responded 404 in 94ms user="grace" trace=109f9e7c-0001-0002-0304-050607080956
2026-10-06 22:10:27.052 +00:00 [INF] HTTP PUT /health responded 201 in 371ms user="linus" trace=1b24621c-0001-0002-0304-050607080957
2026-10-06 22:10:29.135 +00:00 [INF] HTTP PUT /api/orders responded 201 in 17ms user="margaret" trace=157074ef-0001-0002-0304-050607080958
2026-10-06 22:10:31.044 +00:00 [INF] HTTP PUT /api/payments responded 200 in 61ms user="edsger" trace=22068e25-0001-0002-0304-050607080959
2026-10-06 22:10:33.141 +00:00 [INF] HTTP POST /health responded 200 in 7ms user="grace" trace=386ac330-0001-0002-0304-05060708095a
2026-10-06 22:10:33.408 +00:00 [INF] HTTP POST /api/customers/{id} responded 201 in 103ms user="edsger" trace=37c2f254-0001-0002-0304-05060708095b
2026-10-06 22:10:33.611 +00:00 [INF] HTTP GET /api/search responded 204 in 464ms user="edsger" trace=6c9cc3dd-0001-0002-0304-05060708095c
2026-10-06 22:10:34.521 +00:00 [DBG] Cache lookup key="order:62f63f54-0001-0002-0304-05060708095d" hit=False elapsed=11ms
2026-10-06 22:10:35.302 +00:00 [INF] HTTP POST /api/payments responded 200 in 198ms user="ada" trace=24c4122c-0001-0002-0304-05060708095e
2026-10-06 22:10:35.764 +00:00 [INF] HTTP GET /api/search responded 200 in 392ms user="alan" trace=68c162f6-0001-0002-0304-05060708095f
2026-10-06 22:10:37.411 +00:00 [WRN] Slow request /api/orders/{id} took 8226ms (threshold 1000ms) user="linus"
2026-10-06 22:10:38.481 +00:00 [INF] HTTP GET /api/orders responded 200 in 149ms user="alan" trace=145814fe-0001-0002-0304-050607080961
2026-10-06 22:10:40.835 +00:00 [FTL] Unhandled exception in PaymentGateway; the host is shutting down
System.InvalidOperationException: Sequence contains no elements
   at Contoso.Orders.PaymentGateway.ChargeAsync(Order order, CancellationToken token) in C:\src\Orders\PaymentGateway.cs:line 118
   at Contoso.Orders.OrderService.CompleteAsync(Guid orderId) in C:\src\Orders\OrderService.cs:line 64
   at Contoso.Web.Endpoints.OrdersEndpoint.Post(HttpContext context) in C:\src\Web\OrdersEndpoint.cs:line 37
   at Microsoft.AspNetCore.Routing.EndpointMiddleware.Invoke(HttpContext httpContext)
--- End of stack trace from previous location ---
   at Microsoft.AspNetCore.Diagnostics.ExceptionHandlerMiddlewareImpl.Invoke(HttpContext context)
2026-10-06 22:10:41.362 +00:00 [DBG] Cache lookup key="order:2a018e32-0001-0002-0304-050607080963" hit=False elapsed=31ms
2026-10-06 22:10:43.175 +00:00 [INF] HTTP GET /health responded 201 in 477ms user="ada" trace=7e8fc679-0001-0002-0304-050607080964
2026-10-06 22:10:44.916 +00:00 [INF] HTTP POST /api/payments responded 200 in 4ms user="grace" trace=2d1f0503-0001-0002-0304-050607080965
2026-10-06 22:10:46.487 +00:00 [DBG] Cache lookup key="order:795ce966-0001-0002-0304-050607080966" hit=True elapsed=11ms
2026-10-06 22:10:48.757 +00:00 [INF] HTTP GET /health responded 204 in 216ms user="margaret" trace=7bb39d2c-0001-0002-0304-050607080967
2026-10-06 22:10:50.280 +00:00 [INF] HTTP POST /api/payments responded 200 in 300ms user="alan" trace=5d2415d6-0001-0002-0304-050607080968
2026-10-06 22:10:51.808 +00:00 [INF] HTTP POST /health responded 204 in 414ms user="linus" trace=4eb915e6-0001-0002-0304-050607080969
2026-10-06 22:10:52.316 +00:00 [INF] HTTP POST /api/orders responded 204 in 330ms user="alan" trace=1b90b6e5-0001-0002-0304-05060708096a
2026-10-06 22:10:54.263 +00:00 [INF] HTTP GET /api/payments responded 200 in 21ms user="margaret" trace=41a664a5-0001-0002-0304-05060708096b
2026-10-06 22:10:54.348 +00:00 [VRB] Dispatching InventorySync.Tick sequence=618
2026-10-06 22:10:56.542 +00:00 [INF] HTTP GET /health responded 204 in 379ms user="grace" trace=5230206c-0001-0002-0304-05060708096d
2026-10-06 22:10:57.407 +00:00 [INF] HTTP GET /api/payments responded 204 in 450ms user="grace" trace=65f556c0-0001-0002-0304-05060708096e
2026-10-06 22:10:58.717 +00:00 [INF] HTTP POST /api/search responded 404 in 225ms user="alan" trace=536bfcb4-0001-0002-0304-05060708096f
2026-10-06 22:11:00.752 +00:00 [DBG] Cache lookup key="order:0737698a-0001-0002-0304-050607080970" hit=False elapsed=23ms
2026-10-06 22:11:03.080 +00:00 [INF] HTTP GET /health responded 200 in 345ms user="linus" trace=21803dc4-0001-0002-0304-050607080971
2026-10-06 22:11:04.246 +00:00 [ERR] Payment failed for order 75663850-0001-0002-0304-050607080972 user="barbara" amount=411.60 attempt=3
System.Net.Http.HttpRequestException: Response status code does not indicate success: 502 (Bad Gateway).
   at Contoso.Orders.PaymentGateway.ChargeAsync(Order order, CancellationToken token) in C:\src\Orders\PaymentGateway.cs:line 118
   at Contoso.Orders.OrderService.CompleteAsync(Guid orderId) in C:\src\Orders\OrderService.cs:line 64
   at Contoso.Web.Endpoints.OrdersEndpoint.Post(HttpContext context) in C:\src\Web\OrdersEndpoint.cs:line 37
   at Microsoft.AspNetCore.Routing.EndpointMiddleware.Invoke(HttpContext httpContext)
--- End of stack trace from previous location ---
   at Microsoft.AspNetCore.Diagnostics.ExceptionHandlerMiddlewareImpl.Invoke(HttpContext context)
2026-10-06 22:11:05.672 +00:00 [INF] HTTP GET /api/payments responded 200 in 391ms user="ada" trace=4cb49bd4-0001-0002-0304-050607080973
2026-10-06 22:11:07.952 +00:00 [INF] HTTP PUT /health responded 404 in 498ms user="ada" trace=7fac4e90-0001-0002-0304-050607080974
2026-10-06 22:11:08.943 +00:00 [INF] HTTP PUT /api/payments responded 200 in 520ms user="linus" trace=6398c9f4-0001-0002-0304-050607080975
2026-10-06 22:11:10.050 +00:00 [DBG] Cache lookup key="order:7c68a764-0001-0002-0304-050607080976" hit=False elapsed=35ms
2026-10-06 22:11:10.487 +00:00 [INF] HTTP PUT /api/orders/{id} responded 200 in 409ms user="barbara" trace=301713cd-0001-0002-0304-050607080977
2026-10-06 22:11:10.626 +00:00 [ERR] Payment failed for order 28d6df58-0001-0002-0304-050607080978 user="ada" amount=844.64 attempt=3
System.Net.Http.HttpRequestException: Response status code does not indicate success: 502 (Bad Gateway).
   at Contoso.Orders.PaymentGateway.ChargeAsync(Order order, CancellationToken token) in C:\src\Orders\PaymentGateway.cs:line 118
   at Contoso.Orders.OrderService.CompleteAsync(Guid orderId) in C:\src\Orders\OrderService.cs:line 64
   at Contoso.Web.Endpoints.OrdersEndpoint.Post(HttpContext context) in C:\src\Web\OrdersEndpoint.cs:line 37
   at Microsoft.AspNetCore.Routing.EndpointMiddleware.Invoke(HttpContext httpContext)
--- End of stack trace from previous location ---
   at Microsoft.AspNetCore.Diagnostics.ExceptionHandlerMiddlewareImpl.Invoke(HttpContext context)
2026-10-06 22:11:11.134 +00:00 [DBG] Cache lookup key="order:69393832-0001-0002-0304-050607080979" hit=True elapsed=26ms
2026-10-06 22:11:12.618 +00:00 [INF] HTTP POST /api/orders/{id} responded 200 in 108ms user="edsger" trace=56378c8f-0001-0002-0304-05060708097a
2026-10-06 22:11:12.956 +00:00 [INF] HTTP POST /api/customers/{id} responded 200 in 356ms user="grace" trace=4221e848-0001-0002-0304-05060708097b
2026-10-06 22:11:14.236 +00:00 [DBG] Cache lookup key="order:54da9133-0001-0002-0304-05060708097c" hit=True elapsed=29ms
2026-10-06 22:11:15.593 +00:00 [DBG] Cache lookup key="order:51c0e172-0001-0002-0304-05060708097d" hit=False elapsed=32ms
2026-10-06 22:11:17.168 +00:00 [DBG] Cache lookup key="order:1bfec712-0001-0002-0304-05060708097e" hit=False elapsed=23ms
2026-10-06 22:11:17.805 +00:00 [DBG] Cache lookup key="order:654dc9ed-0001-0002-0304-05060708097f" hit=True elapsed=20ms
2026-10-06 22:11:19.827 +00:00 [WRN] Slow request /health took 5692ms (threshold 1000ms) user="barbara"
2026-10-06 22:11:21.985 +00:00 [INF] HTTP PUT /health responded 200 in 72ms user="ada" trace=4f200864-0001-0002-0304-050607080981
2026-10-06 22:11:22.248 +00:00 [INF] HTTP PUT /api/search responded 404 in 288ms user="grace" trace=1de6312a-0001-0002-0304-050607080982
2026-10-06 22:11:23.501 +00:00 [INF] HTTP GET /health responded 404 in 148ms user="margaret" trace=02dcab17-0001-0002-0304-050607080983
2026-10-06 22:11:25.196 +00:00 [INF] HTTP PUT /api/orders/{id} responded 200 in 108ms user="barbara" trace=4e27fc64-0001-0002-0304-050607080984
2026-10-06 22:11:26.579 +00:00 [WRN] Slow request /health took 1493ms (threshold 1000ms) user="margaret"
2026-10-06 22:11:27.530 +00:00 [INF] HTTP POST /api/orders responded 200 in 392ms user="barbara" trace=09dbaf63-0001-0002-0304-050607080986
2026-10-06 22:11:29.459 +00:00 [INF] HTTP POST /api/customers/{id} responded 201 in 445ms user="edsger" trace=2eaf5591-0001-0002-0304-050607080987
2026-10-06 22:11:30.068 +00:00 [WRN] Slow request /api/search took 1396ms (threshold 1000ms) user="ada"
2026-10-06 22:11:31.252 +00:00 [WRN] Slow request /health took 2044ms (threshold 1000ms) user="linus"
2026-10-06 22:11:32.832 +00:00 [INF] HTTP PUT /api/customers/{id} responded 200 in 517ms user="grace" trace=348cbdc8-0001-0002-0304-05060708098a
2026-10-06 22:11:34.081 +00:00 [DBG] Cache lookup key="order:36bda355-0001-0002-0304-05060708098b" hit=False elapsed=3ms
2026-10-06 22:11:36.331 +00:00 [INF] HTTP PUT /api/customers/{id} responded 201 in 501ms user="ada" trace=3a5be109-0001-0002-0304-05060708098c
2026-10-06 22:11:38.389 +00:00 [INF] HTTP GET /api/payments responded 200 in 240ms user="barbara" trace=7c345196-0001-0002-0304-05060708098d
2026-10-06 22:11:40.266 +00:00 [INF] HTTP PUT /api/customers/{id} responded 404 in 105ms user="edsger" trace=77e101d1-0001-0002-0304-05060708098e
2026-10-06 22:11:41.843 +00:00 [WRN] Slow request /api/orders/{id} took 1244ms (threshold 1000ms) user="alan"
2026-10-06 22:11:43.477 +00:00 [INF] HTTP GET /api/orders responded 204 in 504ms user="edsger" trace=6e02220c-0001-0002-0304-050607080990
2026-10-06 22:11:45.420 +00:00 [WRN] Slow request /api/orders took 5433ms (threshold 1000ms) user="edsger"
2026-10-06 22:11:47.757 +00:00 [INF] HTTP POST /api/payments responded 200 in 345ms user="linus" trace=1b2642e0-0001-0002-0304-050607080992
2026-10-06 22:11:49.559 +00:00 [DBG] Cache lookup key="order:01a4cb44-0001-0002-0304-050607080993" hit=False elapsed=34ms
2026-10-06 22:11:51.478 +00:00 [INF] HTTP POST /api/orders responded 404 in 480ms user="edsger" trace=5e0db836-0001-0002-0304-050607080994
2026-10-06 22:11:52.368 +00:00 [DBG] Cache lookup key="order:53387e6e-0001-0002-0304-050607080995" hit=False elapsed=37ms
2026-10-06 22:11:54.749 +00:00 [INF] HTTP PUT /api/orders/{id} responded 200 in 551ms user="linus" trace=15f10b7e-0001-0002-0304-050607080996
2026-10-06 22:11:56.530 +00:00 [INF] HTTP POST /api/search responded 200 in 205ms user="linus" trace=0cca20ac-0001-0002-0304-050607080997
2026-10-06 22:11:58.454 +00:00 [WRN] Slow request /api/orders took 1608ms (threshold 1000ms) user="barbara"
2026-10-06 22:11:59.502 +00:00 [INF] HTTP POST /api/payments responded 200 in 58ms user="grace" trace=15bbc340-0001-0002-0304-050607080999
2026-10-06 22:12:01.733 +00:00 [INF] HTTP POST /api/search responded 200 in 532ms user="margaret" trace=42e80cb0-0001-0002-0304-05060708099a
2026-10-06 22:12:01.999 +00:00 [DBG] Cache lookup key="order:70b69d69-0001-0002-0304-05060708099b" hit=False elapsed=34ms
2026-10-06 22:12:03.026 +00:00 [INF] HTTP PUT /api/payments responded 200 in 127ms user="linus" trace=72d00c4a-0001-0002-0304-05060708099c
2026-10-06 22:12:03.276 +00:00 [WRN] Slow request /api/orders took 5131ms (threshold 1000ms) user="alan"
2026-10-06 22:12:05.581 +00:00 [INF] HTTP POST /api/search responded 201 in 287ms user="barbara" trace=030fa933-0001-0002-0304-05060708099e
2026-10-06 22:12:06.299 +00:00 [ERR] Payment failed for order 5e638a8a-0001-0002-0304-05060708099f user="barbara" amount=392.91 attempt=3
System.Net.Http.HttpRequestException: Response status code does not indicate success: 502 (Bad Gateway).
   at Contoso.Orders.PaymentGateway.ChargeAsync(Order order, CancellationToken token) in C:\src\Orders\PaymentGateway.cs:line 118
   at Contoso.Orders.OrderService.CompleteAsync(Guid orderId) in C:\src\Orders\OrderService.cs:line 64
   at Contoso.Web.Endpoints.OrdersEndpoint.Post(HttpContext context) in C:\src\Web\OrdersEndpoint.cs:line 37
   at Microsoft.AspNetCore.Routing.EndpointMiddleware.Invoke(HttpContext httpContext)
--- End of stack trace from previous location ---
   at Microsoft.AspNetCore.Diagnostics.ExceptionHandlerMiddlewareImpl.Invoke(HttpContext context)
2026-10-06 22:12:08.615 +00:00 [INF] Reconciled inventory batch: warehouse="MEL-02" skus=244 adjusted=45 notes="Batch includes back-ordered items carried over from the previous cycle; the reconciliation rules treat partially shipped lines as open until the courier confirms delivery, which can take several hours for regional addresses."
2026-10-06 22:12:09.630 +00:00 [INF] HTTP GET /api/customers/{id} responded 200 in 433ms user="alan" trace=523e5565-0001-0002-0304-0506070809a1
2026-10-06 22:12:11.381 +00:00 [INF] HTTP PUT /api/search responded 200 in 227ms user="edsger" trace=5233f9dc-0001-0002-0304-0506070809a2
2026-10-06 22:12:12.941 +00:00 [INF] HTTP GET /api/orders/{id} responded 404 in 177ms user="linus" trace=2ee97c9c-0001-0002-0304-0506070809a3
2026-10-06 22:12:13.838 +00:00 [DBG] Cache lookup key="order:465d9756-0001-0002-0304-0506070809a4" hit=False elapsed=28ms
2026-10-06 22:12:15.116 +00:00 [INF] HTTP GET /api/search responded 200 in 513ms user="alan" trace=4cbbdf5c-0001-0002-0304-0506070809a5
2026-10-06 22:12:16.943 +00:00 [DBG] Cache lookup key="order:0f48f166-0001-0002-0304-0506070809a6" hit=True elapsed=24ms
2026-10-06 22:12:17.900 +00:00 [INF] HTTP PUT /health responded 201 in 560ms user="margaret" trace=033db9f7-0001-0002-0304-0506070809a7
2026-10-06 22:12:19.891 +00:00 [INF] HTTP POST /api/orders/{id} responded 201 in 55ms user="barbara" trace=3c45ac54-0001-0002-0304-0506070809a8
2026-10-06 22:12:21.660 +00:00 [WRN] Slow request /api/orders/{id} took 8047ms (threshold 1000ms) user="barbara"
2026-10-06 22:12:23.436 +00:00 [VRB] Dispatching InventorySync.Tick sequence=680
2026-10-06 22:12:25.345 +00:00 [INF] HTTP PUT /api/customers/{id} responded 200 in 537ms user="ada" trace=2c4ab282-0001-0002-0304-0506070809ab
2026-10-06 22:12:26.524 +00:00 [INF] Reconciled inventory batch: warehouse="MEL-02" skus=2646 adjusted=75 notes="Batch includes back-ordered items carried over from the previous cycle; the reconciliation rules treat partially shipped lines as open until the courier confirms delivery, which can take several hours for regional addresses."
2026-10-06 22:12:27.962 +00:00 [INF] HTTP POST /api/orders/{id} responded 204 in 351ms user="grace" trace=080ea7be-0001-0002-0304-0506070809ad
2026-10-06 22:12:29.578 +00:00 [INF] HTTP PUT /api/customers/{id} responded 200 in 88ms user="alan" trace=51f95f80-0001-0002-0304-0506070809ae
2026-10-06 22:12:30.463 +00:00 [INF] HTTP PUT /health responded 200 in 196ms user="linus" trace=0b5a3931-0001-0002-0304-0506070809af
2026-10-06 22:12:31.969 +00:00 [DBG] Cache lookup key="order:55e20e33-0001-0002-0304-0506070809b0" hit=True elapsed=26ms
2026-10-06 22:12:32.360 +00:00 [INF] HTTP POST /api/customers/{id} responded 404 in 195ms user="margaret" trace=09f0d9d1-0001-0002-0304-0506070809b1
2026-10-06 22:12:34.068 +00:00 [INF] HTTP GET /api/payments responded 201 in 163ms user="grace" trace=1af3b577-0001-0002-0304-0506070809b2
2026-10-06 22:12:35.234 +00:00 [DBG] Cache lookup key="order:2c850898-0001-0002-0304-0506070809b3" hit=False elapsed=35ms
2026-10-06 22:12:35.805 +00:00 [INF] HTTP GET /api/payments responded 404 in 208ms user="alan" trace=44b38e20-0001-0002-0304-0506070809b4
2026-10-06 22:12:38.004 +00:00 [INF] HTTP GET /health responded 200 in 385ms user="margaret" trace=00d1df6f-0001-0002-0304-0506070809b5
2026-10-06 22:12:40.036 +00:00 [INF] HTTP PUT /api/search responded 200 in 448ms user="edsger" trace=05d3fb0e-0001-0002-0304-0506070809b6
2026-10-06 22:12:42.108 +00:00 [WRN] Slow request /health took 6364ms (threshold 1000ms) user="alan"
2026-10-06 22:12:42.820 +00:00 [INF] HTTP GET /api/orders responded 200 in 25ms user="edsger" trace=24ff58eb-0001-0002-0304-0506070809b8
2026-10-06 22:12:44.655 +00:00 [INF] HTTP PUT /api/payments responded 201 in 117ms user="alan" trace=2ee98148-0001-0002-0304-0506070809b9
2026-10-06 22:12:45.440 +00:00 [INF] HTTP POST /health responded 204 in 8ms user="barbara" trace=6bfc3f51-0001-0002-0304-0506070809ba
2026-10-06 22:12:47.554 +00:00 [INF] HTTP PUT /api/search responded 200 in 49ms user="edsger" trace=1fab670f-0001-0002-0304-0506070809bb
2026-10-06 22:12:48.907 +00:00 [DBG] Cache lookup key="order:2fccd54c-0001-0002-0304-0506070809bc" hit=False elapsed=2ms
2026-10-06 22:12:49.255 +00:00 [INF] HTTP PUT /api/orders responded 200 in 376ms user="barbara" trace=6785c9b3-0001-0002-0304-0506070809bd
2026-10-06 22:12:50.385 +00:00 [VRB] Dispatching Scheduler.Tick sequence=700
2026-10-06 22:12:52.642 +00:00 [INF] HTTP POST /api/customers/{id} responded 204 in 246ms user="alan" trace=276d819f-0001-0002-0304-0506070809bf
2026-10-06 22:12:53.804 +00:00 [INF] HTTP POST /health responded 201 in 482ms user="margaret" trace=2e97c704-0001-0002-0304-0506070809c0
2026-10-06 22:12:55.521 +00:00 [DBG] Cache lookup key="order:662db0f0-0001-0002-0304-0506070809c1" hit=False elapsed=33ms
2026-10-06 22:12:57.687 +00:00 [DBG] Cache lookup key="order:03d55247-0001-0002-0304-0506070809c2" hit=True elapsed=34ms
2026-10-06 22:12:58.304 +00:00 [DBG] Cache lookup key="order:741620ee-0001-0002-0304-0506070809c3" hit=False elapsed=15ms
2026-10-06 22:12:58.421 +00:00 [DBG] Cache lookup key="order:7917ac8f-0001-0002-0304-0506070809c4" hit=True elapsed=26ms
2026-10-06 22:13:00.317 +00:00 [INF] HTTP PUT /api/orders responded 200 in 256ms user="edsger" trace=7ab68898-0001-0002-0304-0506070809c5
2026-10-06 22:13:01.164 +00:00 [INF] HTTP GET /api/payments responded 404 in 65ms user="margaret" trace=106d080f-0001-0002-0304-0506070809c6
2026-10-06 22:13:01.169 +00:00 [INF] HTTP GET /api/orders responded 204 in 96ms user="margaret" trace=38eda9e5-0001-0002-0304-0506070809c7
2026-10-06 22:13:01.813 +00:00 [INF] HTTP POST /api/orders/{id} responded 201 in 462ms user="linus" trace=208656ca-0001-0002-0304-0506070809c8
2026-10-06 22:13:02.645 +00:00 [VRB] Dispatching OrderService.Tick sequence=711
2026-10-06 22:13:04.910 +00:00 [INF] HTTP GET /api/payments responded 200 in 344ms user="ada" trace=7007e21f-0001-0002-0304-0506070809ca
2026-10-06 22:13:05.390 +00:00 [INF] HTTP PUT /api/search responded 200 in 112ms user="ada" trace=77c38c7d-0001-0002-0304-0506070809cb
2026-10-06 22:13:06.407 +00:00 [INF] HTTP POST /health responded 204 in 52ms user="ada" trace=3b911162-0001-0002-0304-0506070809cc
2026-10-06 22:13:08.568 +00:00 [INF] HTTP PUT /api/search responded 204 in 518ms user="margaret" trace=5264735f-0001-0002-0304-0506070809cd
2026-10-06 22:13:10.402 +00:00 [INF] HTTP POST /health responded 201 in 156ms user="ada" trace=0aefbb89-0001-0002-0304-0506070809ce
2026-10-06 22:13:12.126 +00:00 [INF] HTTP GET /api/customers/{id} responded 200 in 275ms user="ada" trace=2a6be696-0001-0002-0304-0506070809cf
2026-10-06 22:13:12.620 +00:00 [INF] HTTP PUT /health responded 200 in 153ms user="alan" trace=621970bd-0001-0002-0304-0506070809d0
2026-10-06 22:13:14.482 +00:00 [ERR] Payment failed for order 325e6112-0001-0002-0304-0506070809d1 user="alan" amount=701.80 attempt=3
System.Net.Http.HttpRequestException: Response status code does not indicate success: 502 (Bad Gateway).
   at Contoso.Orders.PaymentGateway.ChargeAsync(Order order, CancellationToken token) in C:\src\Orders\PaymentGateway.cs:line 118
   at Contoso.Orders.OrderService.CompleteAsync(Guid orderId) in C:\src\Orders\OrderService.cs:line 64
   at Contoso.Web.Endpoints.OrdersEndpoint.Post(HttpContext context) in C:\src\Web\OrdersEndpoint.cs:line 37
   at Microsoft.AspNetCore.Routing.EndpointMiddleware.Invoke(HttpContext httpContext)
--- End of stack trace from previous location ---
   at Microsoft.AspNetCore.Diagnostics.ExceptionHandlerMiddlewareImpl.Invoke(HttpContext context)
2026-10-06 22:13:15.893 +00:00 [INF] Reconciled inventory batch: warehouse="MEL-02" skus=770 adjusted=1 notes="Batch includes back-ordered items carried over from the previous cycle; the reconciliation rules treat partially shipped lines as open until the courier confirms delivery, which can take several hours for regional addresses."
2026-10-06 22:13:16.183 +00:00 [INF] HTTP PUT /health responded 204 in 553ms user="barbara" trace=6d3548ae-0001-0002-0304-0506070809d3
2026-10-06 22:13:17.680 +00:00 [INF] HTTP GET /api/payments responded 200 in 241ms user="margaret" trace=4a844f10-0001-0002-0304-0506070809d4
2026-10-06 22:13:19.745 +00:00 [DBG] Cache lookup key="order:45f49f12-0001-0002-0304-0506070809d5" hit=False elapsed=32ms
2026-10-06 22:13:20.492 +00:00 [INF] HTTP POST /api/search responded 404 in 392ms user="edsger" trace=32c7d27a-0001-0002-0304-0506070809d6
2026-10-06 22:13:22.086 +00:00 [INF] HTTP POST /api/orders responded 200 in 44ms user="grace" trace=4db3cedc-0001-0002-0304-0506070809d7
2026-10-06 22:13:24.354 +00:00 [DBG] Cache lookup key="order:601093fa-0001-0002-0304-0506070809d8" hit=True elapsed=13ms
2026-10-06 22:13:24.753 +00:00 [VRB] Dispatching PaymentGateway.Tick sequence=727
2026-10-06 22:13:25.207 +00:00 [INF] HTTP POST /api/orders/{id} responded 204 in 348ms user="barbara" trace=2ff93d39-0001-0002-0304-0506070809da
2026-10-06 22:13:27.309 +00:00 [DBG] Cache lookup key="order:25edb753-0001-0002-0304-0506070809db" hit=True elapsed=37ms
2026-10-06 22:13:29.638 +00:00 [INF] HTTP POST /api/orders responded 404 in 202ms user="alan" trace=37c41523-0001-0002-0304-0506070809dc
2026-10-06 22:13:31.536 +00:00 [DBG] Cache lookup key="order:09cef5c2-0001-0002-0304-0506070809dd" hit=True elapsed=7ms
2026-10-06 22:13:33.920 +00:00 [INF] HTTP PUT /health responded 201 in 61ms user="grace" trace=1ec12ade-0001-0002-0304-0506070809de
2026-10-06 22:13:34.307 +00:00 [INF] HTTP GET /api/orders/{id} responded 204 in 487ms user="barbara" trace=6c9672a7-0001-0002-0304-0506070809df
2026-10-06 22:13:35.559 +00:00 [INF] HTTP POST /api/orders/{id} responded 201 in 574ms user="edsger" trace=699885c6-0001-0002-0304-0506070809e0
2026-10-06 22:13:36.824 +00:00 [INF] HTTP PUT /health responded 200 in 330ms user="grace" trace=6d2d27ba-0001-0002-0304-0506070809e1
2026-10-06 22:13:37.434 +00:00 [WRN] Slow request /api/orders took 2636ms (threshold 1000ms) user="edsger"
2026-10-06 22:13:38.225 +00:00 [DBG] Cache lookup key="order:6fc35f6d-0001-0002-0304-0506070809e3" hit=True elapsed=12ms
2026-10-06 22:13:40.420 +00:00 [INF] HTTP GET /health responded 404 in 477ms user="alan" trace=316cc735-0001-0002-0304-0506070809e4
2026-10-06 22:13:41.446 +00:00 [INF] HTTP GET /health responded 200 in 230ms user="barbara" trace=3c77be68-0001-0002-0304-0506070809e5
2026-10-06 22:13:42.287 +00:00 [INF] HTTP PUT /api/customers/{id} responded 404 in 530ms user="linus" trace=7001c701-0001-0002-0304-0506070809e6
2026-10-06 22:13:42.656 +00:00 [INF] HTTP POST /health responded 200 in 471ms user="margaret" trace=2b10f1e5-0001-0002-0304-0506070809e7
2026-10-06 22:13:44.781 +00:00 [INF] HTTP PUT /health responded 404 in 471ms user="ada" trace=5f554510-0001-0002-0304-0506070809e8
2026-10-06 22:13:46.190 +00:00 [INF] HTTP POST /api/orders/{id} responded 200 in 486ms user="ada" trace=493fb18a-0001-0002-0304-0506070809e9
2026-10-06 22:13:47.321 +00:00 [INF] HTTP POST /api/payments responded 204 in 565ms user="alan" trace=14c48fc5-0001-0002-0304-0506070809ea
2026-10-06 22:13:47.772 +00:00 [ERR] Payment failed for order 2d05a87d-0001-0002-0304-0506070809eb user="grace" amount=209.42 attempt=3
System.Net.Http.HttpRequestException: Response status code does not indicate success: 502 (Bad Gateway).
   at Contoso.Orders.PaymentGateway.ChargeAsync(Order order, CancellationToken token) in C:\src\Orders\PaymentGateway.cs:line 118
   at Contoso.Orders.OrderService.CompleteAsync(Guid orderId) in C:\src\Orders\OrderService.cs:line 64
   at Contoso.Web.Endpoints.OrdersEndpoint.Post(HttpContext context) in C:\src\Web\OrdersEndpoint.cs:line 37
   at Microsoft.AspNetCore.Routing.EndpointMiddleware.Invoke(HttpContext httpContext)
--- End of stack trace from previous location ---
   at Microsoft.AspNetCore.Diagnostics.ExceptionHandlerMiddlewareImpl.Invoke(HttpContext context)
2026-10-06 22:13:48.311 +00:00 [ERR] Payment failed for order 5dd58c5a-0001-0002-0304-0506070809ec user="alan" amount=532.29 attempt=3
System.Net.Http.HttpRequestException: Response status code does not indicate success: 502 (Bad Gateway).
   at Contoso.Orders.PaymentGateway.ChargeAsync(Order order, CancellationToken token) in C:\src\Orders\PaymentGateway.cs:line 118
   at Contoso.Orders.OrderService.CompleteAsync(Guid orderId) in C:\src\Orders\OrderService.cs:line 64
   at Contoso.Web.Endpoints.OrdersEndpoint.Post(HttpContext context) in C:\src\Web\OrdersEndpoint.cs:line 37
   at Microsoft.AspNetCore.Routing.EndpointMiddleware.Invoke(HttpContext httpContext)
--- End of stack trace from previous location ---
   at Microsoft.AspNetCore.Diagnostics.ExceptionHandlerMiddlewareImpl.Invoke(HttpContext context)
2026-10-06 22:13:48.803 +00:00 [INF] HTTP GET /api/orders/{id} responded 201 in 18ms user="edsger" trace=41018041-0001-0002-0304-0506070809ed
2026-10-06 22:13:50.843 +00:00 [ERR] Payment failed for order 05114823-0001-0002-0304-0506070809ee user="grace" amount=544.94 attempt=3
System.Net.Http.HttpRequestException: Response status code does not indicate success: 502 (Bad Gateway).
   at Contoso.Orders.PaymentGateway.ChargeAsync(Order order, CancellationToken token) in C:\src\Orders\PaymentGateway.cs:line 118
   at Contoso.Orders.OrderService.CompleteAsync(Guid orderId) in C:\src\Orders\OrderService.cs:line 64
   at Contoso.Web.Endpoints.OrdersEndpoint.Post(HttpContext context) in C:\src\Web\OrdersEndpoint.cs:line 37
   at Microsoft.AspNetCore.Routing.EndpointMiddleware.Invoke(HttpContext httpContext)
--- End of stack trace from previous location ---
   at Microsoft.AspNetCore.Diagnostics.ExceptionHandlerMiddlewareImpl.Invoke(HttpContext context)
2026-10-06 22:13:52.922 +00:00 [INF] HTTP GET /api/customers/{id} responded 200 in 62ms user="barbara" trace=45cc3ae2-0001-0002-0304-0506070809ef
2026-10-06 22:13:54.264 +00:00 [INF] HTTP POST /api/customers/{id} responded 200 in 64ms user="edsger" trace=2d87b6f6-0001-0002-0304-0506070809f0
2026-10-06 22:13:55.703 +00:00 [INF] HTTP POST /api/orders/{id} responded 201 in 233ms user="barbara" trace=7cb5f1d9-0001-0002-0304-0506070809f1
2026-10-06 22:13:57.898 +00:00 [INF] HTTP GET /health responded 200 in 118ms user="barbara" trace=2e0f8186-0001-0002-0304-0506070809f2
2026-10-06 22:13:59.702 +00:00 [DBG] Cache lookup key="order:4caddba5-0001-0002-0304-0506070809f3" hit=True elapsed=17ms
2026-10-06 22:14:00.877 +00:00 [INF] HTTP POST /api/search responded 200 in 535ms user="edsger" trace=0d417016-0001-0002-0304-0506070809f4
2026-10-06 22:14:03.245 +00:00 [WRN] Slow request /api/payments took 4136ms (threshold 1000ms) user="linus"
2026-10-06 22:14:04.481 +00:00 [INF] HTTP POST /api/customers/{id} responded 200 in 153ms user="linus" trace=2ead6751-0001-0002-0304-0506070809f6
2026-10-06 22:14:06.048 +00:00 [DBG] Cache lookup key="order:32972fa5-0001-0002-0304-0506070809f7" hit=True elapsed=17ms
2026-10-06 22:14:07.500 +00:00 [DBG] Cache lookup key="order:081342e4-0001-0002-0304-0506070809f8" hit=True elapsed=7ms
2026-10-06 22:14:08.460 +00:00 [WRN] Slow request /api/orders took 2851ms (threshold 1000ms) user="linus"
2026-10-06 22:14:09.627 +00:00 [ERR] Payment failed for order 343821e7-0001-0002-0304-0506070809fa user="ada" amount=897.40 attempt=3
System.Net.Http.HttpRequestException: Response status code does not indicate success: 502 (Bad Gateway).
   at Contoso.Orders.PaymentGateway.ChargeAsync(Order order, CancellationToken token) in C:\src\Orders\PaymentGateway.cs:line 118
   at Contoso.Orders.OrderService.CompleteAsync(Guid orderId) in C:\src\Orders\OrderService.cs:line 64
   at Contoso.Web.Endpoints.OrdersEndpoint.Post(HttpContext context) in C:\src\Web\OrdersEndpoint.cs:line 37
   at Microsoft.AspNetCore.Routing.EndpointMiddleware.Invoke(HttpContext httpContext)
--- End of stack trace from previous location ---
   at Microsoft.AspNetCore.Diagnostics.ExceptionHandlerMiddlewareImpl.Invoke(HttpContext context)
2026-10-06 22:14:11.402 +00:00 [VRB] Dispatching AuthProvider.Tick sequence=761
2026-10-06 22:14:11.721 +00:00 [DBG] Cache lookup key="order:660815e3-0001-0002-0304-0506070809fc" hit=False elapsed=32ms
2026-10-06 22:14:12.645 +00:00 [WRN] Slow request /api/payments took 3445ms (threshold 1000ms) user="ada"
2026-10-06 22:14:14.338 +00:00 [DBG] Cache lookup key="order:13070c84-0001-0002-0304-0506070809fe" hit=False elapsed=39ms
2026-10-06 22:14:15.423 +00:00 [DBG] Cache lookup key="order:230d636d-0001-0002-0304-050607080900" hit=False elapsed=26ms
2026-10-06 22:14:16.884 +00:00 [DBG] Cache lookup key="order:1ed8ff19-0001-0002-0304-050607080901" hit=True elapsed=26ms
2026-10-06 22:14:18.153 +00:00 [INF] HTTP POST /api/orders/{id} responded 404 in 226ms user="barbara" trace=2b96baa3-0001-0002-0304-050607080902
2026-10-06 22:14:18.546 +00:00 [DBG] Cache lookup key="order:341bfb3a-0001-0002-0304-050607080903" hit=False elapsed=4ms
2026-10-06 22:14:20.942 +00:00 [INF] HTTP PUT /api/payments responded 200 in 242ms user="linus" trace=094a90be-0001-0002-0304-050607080904
2026-10-06 22:14:21.495 +00:00 [INF] HTTP GET /api/orders/{id} responded 204 in 594ms user="ada" trace=6dbc2b16-0001-0002-0304-050607080905
2026-10-06 22:14:22.855 +00:00 [DBG] Cache lookup key="order:2dfd067a-0001-0002-0304-050607080906" hit=True elapsed=30ms
2026-10-06 22:14:24.797 +00:00 [VRB] Dispatching AuthProvider.Tick sequence=772
2026-10-06 22:14:26.906 +00:00 [INF] HTTP POST /api/orders responded 200 in 387ms user="grace" trace=26f4227a-0001-0002-0304-050607080908
2026-10-06 22:14:29.003 +00:00 [INF] HTTP POST /api/orders responded 200 in 304ms user="grace" trace=45a7edf3-0001-0002-0304-050607080909
2026-10-06 22:14:30.508 +00:00 [DBG] Cache lookup key="order:64165562-0001-0002-0304-05060708090a" hit=False elapsed=8ms
2026-10-06 22:14:30.922 +00:00 [INF] HTTP PUT /api/orders/{id} responded 200 in 555ms user="margaret" trace=7c7079fd-0001-0002-0304-05060708090b
2026-10-06 22:14:33.169 +00:00 [DBG] Cache lookup key="order:225f32a3-0001-0002-0304-05060708090c" hit=True elapsed=23ms
2026-10-06 22:14:33.245 +00:00 [INF] HTTP PUT /api/orders/{id} responded 200 in 30ms user="edsger" trace=5458ce32-0001-0002-0304-05060708090d
2026-10-06 22:14:34.193 +00:00 [INF] HTTP POST /api/orders/{id} responded 200 in 80ms user="alan" trace=184411d7-0001-0002-0304-05060708090e
2026-10-06 22:14:36.587 +00:00 [INF] HTTP POST /api/payments responded 201 in 274ms user="barbara" trace=58c8f66b-0001-0002-0304-05060708090f
2026-10-06 22:14:37.746 +00:00 [INF] HTTP GET /api/orders/{id} responded 404 in 119ms user="linus" trace=795cb5bb-0001-0002-0304-050607080910
2026-10-06 22:14:39.097 +00:00 [INF] HTTP POST /health responded 200 in 236ms user="barbara" trace=0a06b1bb-0001-0002-0304-050607080911
2026-10-06 22:14:41.185 +00:00 [WRN] Slow request /api/orders took 5307ms (threshold 1000ms) user="linus"
2026-10-06 22:14:41.204 +00:00 [INF] HTTP POST /health responded 201 in 548ms user="margaret" trace=6723d91d-0001-0002-0304-050607080913
2026-10-06 22:14:43.463 +00:00 [INF] HTTP GET /health responded 200 in 222ms user="ada" trace=1c8d2716-0001-0002-0304-050607080914
2026-10-06 22:14:43.556 +00:00 [INF] HTTP POST /health responded 404 in 65ms user="linus" trace=63496276-0001-0002-0304-050607080915
2026-10-06 22:14:44.937 +00:00 [INF] HTTP PUT /api/orders/{id} responded 201 in 152ms user="alan" trace=06e70ca2-0001-0002-0304-050607080916
2026-10-06 22:14:46.030 +00:00 [INF] HTTP GET /api/payments responded 200 in 449ms user="edsger" trace=33c41663-0001-0002-0304-050607080917
2026-10-06 22:14:46.925 +00:00 [INF] HTTP GET /api/search responded 200 in 260ms user="edsger" trace=7a675df4-0001-0002-0304-050607080918
2026-10-06 22:14:48.601 +00:00 [INF] HTTP PUT /api/search responded 200 in 45ms user="ada" trace=5e2f8663-0001-0002-0304-050607080919
2026-10-06 22:14:49.130 +00:00 [INF] HTTP PUT /api/orders responded 204 in 254ms user="grace" trace=35e4aef6-0001-0002-0304-05060708091a
2026-10-06 22:14:49.849 +00:00 [INF] HTTP PUT /api/orders responded 200 in 500ms user="margaret" trace=1c5502bf-0001-0002-0304-05060708091b
2026-10-06 22:14:49.990 +00:00 [INF] HTTP POST /api/orders responded 204 in 147ms user="linus" trace=7d4f6a27-0001-0002-0304-05060708091c
2026-10-06 22:14:50.023 +00:00 [INF] HTTP POST /api/orders/{id} responded 200 in 139ms user="linus" trace=290a02da-0001-0002-0304-05060708091d
2026-10-06 22:14:50.162 +00:00 [INF] HTTP PUT /api/orders responded 200 in 362ms user="grace" trace=489ded21-0001-0002-0304-05060708091e
2026-10-06 22:14:51.503 +00:00 [DBG] Cache lookup key="order:1843a602-0001-0002-0304-05060708091f" hit=True elapsed=27ms
2026-10-06 22:14:53.066 +00:00 [INF] Reconciled inventory batch: warehouse="MEL-02" skus=2747 adjusted=31 notes="Batch includes back-ordered items carried over from the previous cycle; the reconciliation rules treat partially shipped lines as open until the courier confirms delivery, which can take several hours for regional addresses."
2026-10-06 22:14:55.039 +00:00 [INF] HTTP POST /api/payments responded 404 in 149ms user="margaret" trace=332a93cf-0001-0002-0304-050607080921
2026-10-06 22:14:56.033 +00:00 [INF] HTTP POST /api/orders responded 201 in 156ms user="alan" trace=684cbd7a-0001-0002-0304-050607080922
2026-10-06 22:14:56.286 +00:00 [INF] HTTP POST /api/payments responded 204 in 96ms user="alan" trace=7d37e5a2-0001-0002-0304-050607080923
2026-10-06 22:14:56.677 +00:00 [INF] HTTP PUT /api/search responded 404 in 107ms user="edsger" trace=2a0fc747-0001-0002-0304-050607080924
2026-10-06 22:14:58.609 +00:00 [INF] HTTP PUT /api/orders responded 204 in 589ms user="linus" trace=11655c16-0001-0002-0304-050607080925
2026-10-06 22:15:00.217 +00:00 [INF] HTTP GET /health responded 404 in 17ms user="grace" trace=64ed5841-0001-0002-0304-050607080926
2026-10-06 22:15:01.462 +00:00 [VRB] Dispatching PaymentGateway.Tick sequence=804
2026-10-06 22:15:03.144 +00:00 [INF] HTTP POST /api/customers/{id} responded 200 in 188ms user="ada" trace=3fed7797-0001-0002-0304-050607080928
2026-10-06 22:15:03.342 +00:00 [INF] HTTP PUT /api/customers/{id} responded 200 in 82ms user="barbara" trace=652d004b-0001-0002-0304-050607080929
2026-10-06 22:15:03.417 +00:00 [INF] HTTP PUT /health responded 200 in 368ms user="linus" trace=48d998fe-0001-0002-0304-05060708092a
2026-10-06 22:15:04.936 +00:00 [INF] HTTP POST /api/payments responded 204 in 386ms user="linus" trace=1c49644b-0001-0002-0304-05060708092b
2026-10-06 22:15:05.496 +00:00 [INF] HTTP POST /api/orders/{id} responded 201 in 329ms user="ada" trace=01b8a53e-0001-0002-0304-05060708092c
2026-10-06 22:15:06.433 +00:00 [INF] HTTP PUT /api/payments responded 404 in 500ms user="edsger" trace=2e0e8131-0001-0002-0304-05060708092d
2026-10-06 22:15:06.686 +00:00 [INF] HTTP PUT /api/customers/{id} responded 200 in 236ms user="barbara" trace=7612985a-0001-0002-0304-05060708092e
2026-10-06 22:15:07.267 +00:00 [INF] Reconciled inventory batch: warehouse="MEL-02" skus=3686 adjusted=33 notes="Batch includes back-ordered items carried over from the previous cycle; the reconciliation rules treat partially shipped lines as open until the courier confirms delivery, which can take several hours for regional addresses."
2026-10-06 22:15:08.844 +00:00 [DBG] Cache lookup key="order:696966e5-0001-0002-0304-050607080930" hit=True elapsed=2ms
2026-10-06 22:15:11.018 +00:00 [INF] HTTP GET /api/orders/{id} responded 204 in 125ms user="margaret" trace=324611e4-0001-0002-0304-050607080931
2026-10-06 22:15:12.747 +00:00 [DBG] Cache lookup key="order:51312c60-0001-0002-0304-050607080932" hit=True elapsed=19ms
2026-10-06 22:15:13.032 +00:00 [INF] HTTP POST /api/orders/{id} responded 200 in 428ms user="linus" trace=3cc67390-0001-0002-0304-050607080933
2026-10-06 22:15:14.887 +00:00 [INF] HTTP POST /api/orders responded 404 in 193ms user="margaret" trace=4c5841c7-0001-0002-0304-050607080934
2026-10-06 22:15:15.615 +00:00 [INF] HTTP PUT /api/orders responded 201 in 60ms user="barbara" trace=2b0f006b-0001-0002-0304-050607080935
2026-10-06 22:15:17.193 +00:00 [DBG] Cache lookup key="order:27927cdb-0001-0002-0304-050607080936" hit=True elapsed=37ms
2026-10-06 22:15:18.442 +00:00 [DBG] Cache lookup key="order:3792bde9-0001-0002-0304-050607080937" hit=False elapsed=35ms
2026-10-06 22:15:20.718 +00:00 [INF] HTTP PUT /health responded 200 in 461ms user="grace" trace=4091f407-0001-0002-0304-050607080938
2026-10-06 22:15:22.215 +00:00 [INF] HTTP GET /api/orders responded 200 in 593ms user="grace" trace=1a4cb9ac-0001-0002-0304-050607080939
2026-10-06 22:15:22.686 +00:00 [DBG] Cache lookup key="order:4a70b602-0001-0002-0304-05060708093a" hit=True elapsed=9ms
2026-10-06 22:15:24.649 +00:00 [INF] HTTP GET /api/payments responded 404 in 323ms user="ada" trace=7a97a101-0001-0002-0304-05060708093b
2026-10-06 22:15:26.062 +00:00 [DBG] Cache lookup key="order:0f86e503-0001-0002-0304-05060708093c" hit=False elapsed=29ms
2026-10-06 22:15:27.819 +00:00 [INF] HTTP PUT /api/payments responded 200 in 592ms user="barbara" trace=5dfd0eaa-0001-0002-0304-05060708093d
2026-10-06 22:15:27.999 +00:00 [INF] HTTP PUT /api/orders responded 201 in 447ms user="ada" trace=229d5b42-0001-0002-0304-05060708093e
2026-10-06 22:15:30.101 +00:00 [INF] HTTP PUT /api/payments responded 204 in 486ms user="grace" trace=5c7689fe-0001-0002-0304-05060708093f
2026-10-06 22:15:30.470 +00:00 [INF] HTTP GET /api/customers/{id} responded 404 in 44ms user="linus" trace=0b18f649-0001-0002-0304-050607080940
2026-10-06 22:15:30.548 +00:00 [DBG] Cache lookup key="order:21375639-0001-0002-0304-050607080941" hit=True elapsed=33ms
2026-10-06 22:15:32.568 +00:00 [DBG] Cache lookup key="order:6a4001c7-0001-0002-0304-050607080942" hit=False elapsed=11ms
2026-10-06 22:15:34.582 +00:00 [INF] HTTP POST /api/orders/{id} responded 404 in 576ms user="alan" trace=76b4bb4e-0001-0002-0304-050607080943
2026-10-06 22:15:36.608 +00:00 [INF] HTTP POST /api/customers/{id} responded 204 in 471ms user="alan" trace=00498459-0001-0002-0304-050607080944
2026-10-06 22:15:36.775 +00:00 [VRB] Dispatching PaymentGateway.Tick sequence=834
2026-10-06 22:15:36.898 +00:00 [DBG] Cache lookup key="order:2302d48c-0001-0002-0304-050607080946" hit=True elapsed=2ms
2026-10-06 22:15:37.027 +00:00 [INF] HTTP PUT /api/orders/{id} responded 200 in 582ms user="ada" trace=7c0d0714-0001-0002-0304-050607080947
2026-10-06 22:15:37.946 +00:00 [FTL] Unhandled exception in PaymentGateway; the host is shutting down
System.InvalidOperationException: Sequence contains no elements
   at Contoso.Orders.PaymentGateway.ChargeAsync(Order order, CancellationToken token) in C:\src\Orders\PaymentGateway.cs:line 118
   at Contoso.Orders.OrderService.CompleteAsync(Guid orderId) in C:\src\Orders\OrderService.cs:line 64
   at Contoso.Web.Endpoints.OrdersEndpoint.Post(HttpContext context) in C:\src\Web\OrdersEndpoint.cs:line 37
   at Microsoft.AspNetCore.Routing.EndpointMiddleware.Invoke(HttpContext httpContext)
--- End of stack trace from previous location ---
   at Microsoft.AspNetCore.Diagnostics.ExceptionHandlerMiddlewareImpl.Invoke(HttpContext context)
2026-10-06 22:15:39.464 +00:00 [INF] HTTP GET /health responded 200 in 560ms user="grace" trace=30fc628b-0001-0002-0304-050607080949
2026-10-06 22:15:40.048 +00:00 [WRN] Slow request /api/search took 3083ms (threshold 1000ms) user="grace"
2026-10-06 22:15:42.445 +00:00 [INF] HTTP POST /health responded 204 in 161ms user="barbara" trace=234e9b62-0001-0002-0304-05060708094b
2026-10-06 22:15:42.656 +00:00 [INF] HTTP POST /health responded 200 in 122ms user="edsger" trace=0276de7a-0001-0002-0304-05060708094c
2026-10-06 22:15:44.443 +00:00 [INF] HTTP POST /health responded 204 in 514ms user="margaret" trace=55c02818-0001-0002-0304-05060708094d
2026-10-06 22:15:45.179 +00:00 [ERR] Payment failed for order 0ea6ce48-0001-0002-0304-05060708094e user="ada" amount=731.82 attempt=3
System.Net.Http.HttpRequestException: Response status code does not indicate success: 502 (Bad Gateway).
   at Contoso.Orders.PaymentGateway.ChargeAsync(Order order, CancellationToken token) in C:\src\Orders\PaymentGateway.cs:line 118
   at Contoso.Orders.OrderService.CompleteAsync(Guid orderId) in C:\src\Orders\OrderService.cs:line 64
   at Contoso.Web.Endpoints.OrdersEndpoint.Post(HttpContext context) in C:\src\Web\OrdersEndpoint.cs:line 37
   at Microsoft.AspNetCore.Routing.EndpointMiddleware.Invoke(HttpContext httpContext)
--- End of stack trace from previous location ---
   at Microsoft.AspNetCore.Diagnostics.ExceptionHandlerMiddlewareImpl.Invoke(HttpContext context)
2026-10-06 22:15:47.258 +00:00 [INF] HTTP GET /api/search responded 200 in 459ms user="ada" trace=0faad642-0001-0002-0304-05060708094f
2026-10-06 22:15:49.007 +00:00 [INF] HTTP POST /health responded 200 in 190ms user="barbara" trace=2ee2f96e-0001-0002-0304-050607080950
2026-10-06 22:15:50.489 +00:00 [INF] HTTP GET /api/customers/{id} responded 200 in 154ms user="grace" trace=054981d7-0001-0002-0304-050607080951
2026-10-06 22:15:52.288 +00:00 [DBG] Cache lookup key="order:5643f17d-0001-0002-0304-050607080952" hit=True elapsed=25ms
2026-10-06 22:15:54.004 +00:00 [INF] HTTP PUT /api/orders responded 200 in 311ms user="barbara" trace=22476505-0001-0002-0304-050607080953
2026-10-06 22:15:54.283 +00:00 [INF] HTTP PUT /api/orders/{id} responded 404 in 78ms user="linus" trace=7d61c7f6-0001-0002-0304-050607080954
2026-10-06 22:15:54.800 +00:00 [INF] Reconciled inventory batch: warehouse="MEL-02" skus=1666 adjusted=42 notes="Batch includes back-ordered items carried over from the previous cycle; the reconciliation rules treat partially shipped lines as open until the courier confirms delivery, which can take several hours for regional addresses."
2026-10-06 22:15:57.128 +00:00 [INF] HTTP GET /api/payments responded 204 in 530ms user="barbara" trace=30b18011-0001-0002-0304-050607080956
2026-10-06 22:15:57.649 +00:00 [DBG] Cache lookup key="order:0be57d13-0001-0002-0304-050607080957" hit=False elapsed=30ms
2026-10-06 22:15:59.835 +00:00 [DBG] Cache lookup key="order:5035cb11-0001-0002-0304-050607080958" hit=False elapsed=4ms
2026-10-06 22:16:00.695 +00:00 [INF] HTTP POST /api/orders responded 201 in 375ms user="edsger" trace=2a906dcc-0001-0002-0304-050607080959
2026-10-06 22:16:00.913 +00:00 [INF] HTTP GET /health responded 200 in 412ms user="barbara" trace=7d3af992-0001-0002-0304-05060708095a
2026-10-06 22:16:02.742 +00:00 [INF] HTTP GET /api/payments responded 200 in 106ms user="ada" trace=1fe83f25-0001-0002-0304-05060708095b
2026-10-06 22:16:03.189 +00:00 [INF] HTTP GET /api/search responded 404 in 317ms user="margaret" trace=3bc6ff94-0001-0002-0304-05060708095c
2026-10-06 22:16:04.836 +00:00 [DBG] Cache lookup key="order:37b9e2a9-0001-0002-0304-05060708095d" hit=False elapsed=7ms
2026-10-06 22:16:06.880 +00:00 [VRB] Dispatching Scheduler.Tick sequence=859
2026-10-06 22:16:08.457 +00:00 [INF] HTTP PUT /api/orders/{id} responded 200 in 273ms user="margaret" trace=6df8ae96-0001-0002-0304-05060708095f
2026-10-06 22:16:10.664 +00:00 [INF] HTTP GET /api/customers/{id} responded 200 in 91ms user="ada" trace=7a9a92f2-0001-0002-0304-050607080960
2026-10-06 22:16:12.260 +00:00 [INF] HTTP GET /api/search responded 201 in 177ms user="barbara" trace=344d7b4c-0001-0002-0304-050607080961
2026-10-06 22:16:14.499 +00:00 [ERR] Payment failed for order 4df8e29d-0001-0002-0304-050607080962 user="grace" amount=533.72 attempt=3
System.Net.Http.HttpRequestException: Response status code does not indicate success: 502 (Bad Gateway).
   at Contoso.Orders.PaymentGateway.ChargeAsync(Order order, CancellationToken token) in C:\src\Orders\PaymentGateway.cs:line 118
   at Contoso.Orders.OrderService.CompleteAsync(Guid orderId) in C:\src\Orders\OrderService.cs:line 64
   at Contoso.Web.Endpoints.OrdersEndpoint.Post(HttpContext context) in C:\src\Web\OrdersEndpoint.cs:line 37
   at Microsoft.AspNetCore.Routing.EndpointMiddleware.Invoke(HttpContext httpContext)
--- End of stack trace from previous location ---
   at Microsoft.AspNetCore.Diagnostics.ExceptionHandlerMiddlewareImpl.Invoke(HttpContext context)
2026-10-06 22:16:16.065 +00:00 [INF] HTTP PUT /api/payments responded 201 in 6ms user="linus" trace=37f6ea7d-0001-0002-0304-050607080963
2026-10-06 22:16:17.993 +00:00 [INF] Reconciled inventory batch: warehouse="MEL-02" skus=127 adjusted=75 notes="Batch includes back-ordered items carried over from the previous cycle; the reconciliation rules treat partially shipped lines as open until the courier confirms delivery, which can take several hours for regional addresses."
2026-10-06 22:16:19.503 +00:00 [VRB] Dispatching InventorySync.Tick sequence=866
2026-10-06 22:16:19.570 +00:00 [DBG] Cache lookup key="order:1664550a-0001-0002-0304-050607080966" hit=False elapsed=28ms
2026-10-06 22:16:19.632 +00:00 [INF] HTTP PUT /api/customers/{id} responded 204 in 519ms user="barbara" trace=769077e7-0001-0002-0304-050607080967
2026-10-06 22:16:20.144 +00:00 [INF] HTTP PUT /api/orders responded 200 in 467ms user="barbara" trace=4842016d-0001-0002-0304-050607080968
2026-10-06 22:16:21.727 +00:00 [WRN] Slow request /api/customers/{id} took 6078ms (threshold 1000ms) user="ada"
2026-10-06 22:16:21.850 +00:00 [INF] HTTP PUT /api/customers/{id} responded 200 in 313ms user="edsger" trace=7a2a3fd5-0001-0002-0304-05060708096a
2026-10-06 22:16:22.149 +00:00 [VRB] Dispatching Scheduler.Tick sequence=872
2026-10-06 22:16:24.201 +00:00 [INF] HTTP POST /health responded 200 in 477ms user="ada" trace=6adba67d-0001-0002-0304-05060708096c
2026-10-06 22:16:24.240 +00:00 [WRN] Slow request /api/search took 5540ms (threshold 1000ms) user="margaret"
2026-10-06 22:16:24.836 +00:00 [INF] HTTP PUT /api/payments responded 200 in 368ms user="barbara" trace=043d4bd3-0001-0002-0304-05060708096e
2026-10-06 22:16:26.899 +00:00 [DBG] Cache lookup key="order:65b9178e-0001-0002-0304-05060708096f" hit=True elapsed=12ms
2026-10-06 22:16:28.560 +00:00 [INF] HTTP PUT /api/orders responded 204 in 560ms user="grace" trace=418e3364-0001-0002-0304-050607080970
2026-10-06 22:16:29.954 +00:00 [DBG] Cache lookup key="order:05884b60-0001-0002-0304-050607080971" hit=True elapsed=33ms
2026-10-06 22:16:30.042 +00:00 [INF] HTTP GET /api/orders/{id} responded 200 in 595ms user="margaret" trace=4bebce7d-0001-0002-0304-050607080972
2026-10-06 22:16:31.614 +00:00 [DBG] Cache lookup key="order:48f73a28-0001-0002-0304-050607080973" hit=False elapsed=10ms
2026-10-06 22:16:33.979 +00:00 [INF] HTTP PUT /api/orders responded 200 in 126ms user="margaret" trace=6c4eb32e-0001-0002-0304-050607080974
2026-10-06 22:16:36.111 +00:00 [DBG] Cache lookup key="order:19a180ea-0001-0002-0304-050607080975" hit=False elapsed=13ms
2026-10-06 22:16:38.386 +00:00 [DBG] Cache lookup key="order:70937d6b-0001-0002-0304-050607080976" hit=False elapsed=23ms
2026-10-06 22:16:39.773 +00:00 [DBG] Cache lookup key="order:35dc3baf-0001-0002-0304-050607080977" hit=True elapsed=3ms
2026-10-06 22:16:42.143 +00:00 [INF] HTTP POST /api/payments responded 200 in 542ms user="grace" trace=721add7c-0001-0002-0304-050607080978
2026-10-06 22:16:44.418 +00:00 [INF] HTTP GET /health responded 200 in 496ms user="linus" trace=53d08b4a-0001-0002-0304-050607080979
2026-10-06 22:16:46.069 +00:00 [INF] HTTP GET /api/orders responded 200 in 248ms user="grace" trace=71ea55af-0001-0002-0304-05060708097a
2026-10-06 22:16:47.932 +00:00 [DBG] Cache lookup key="order:5f9692c0-0001-0002-0304-05060708097b" hit=True elapsed=28ms
2026-10-06 22:16:48.456 +00:00 [INF] Reconciled inventory batch: warehouse="MEL-02" skus=1631 adjusted=32 notes="Batch includes back-ordered items carried over from the previous cycle; the reconciliation rules treat partially shipped lines as open until the courier confirms delivery, which can take several hours for regional addresses."
2026-10-06 22:16:48.592 +00:00 [INF] HTTP PUT /api/payments responded 201 in 68ms user="alan" trace=02647d9d-0001-0002-0304-05060708097d
2026-10-06 22:16:50.604 +00:00 [INF] HTTP PUT /api/customers/{id} responded 204 in 588ms user="edsger" trace=6977bdf2-0001-0002-0304-05060708097e
2026-10-06 22:16:51.166 +00:00 [INF] HTTP POST /api/orders responded 204 in 82ms user="alan" trace=7e3b68ec-0001-0002-0304-05060708097f
2026-10-06 22:16:51.456 +00:00 [INF] HTTP POST /api/customers/{id} responded 200 in 297ms user="grace" trace=1f80b971-0001-0002-0304-050607080980
2026-10-06 22:16:51.667 +00:00 [DBG] Cache lookup key="order:58625631-0001-0002-0304-050607080981" hit=True elapsed=7ms
2026-10-06 22:16:51.827 +00:00 [INF] HTTP POST /api/customers/{id} responded 404 in 267ms user="edsger" trace=779a1703-0001-0002-0304-050607080982
2026-10-06 22:16:53.998 +00:00 [INF] HTTP GET /health responded 200 in 245ms user="ada" trace=1e4a0385-0001-0002-0304-050607080983
2026-10-06 22:16:55.797 +00:00 [DBG] Cache lookup key="order:6031fb8a-0001-0002-0304-050607080984" hit=True elapsed=8ms
2026-10-06 22:16:56.439 +00:00 [WRN] Slow request /api/payments took 2398ms (threshold 1000ms) user="barbara"
2026-10-06 22:16:58.210 +00:00 [INF] HTTP GET /health responded 200 in 244ms user="alan" trace=73eb3b14-0001-0002-0304-050607080986
2026-10-06 22:16:59.053 +00:00 [INF] HTTP POST /health responded 204 in 195ms user="grace" trace=1bc5167c-0001-0002-0304-050607080987
2026-10-06 22:16:59.393 +00:00 [VRB] Dispatching Scheduler.Tick sequence=901
2026-10-06 22:17:01.026 +00:00 [INF] HTTP PUT /api/search responded 200 in 190ms user="barbara" trace=678da7ad-0001-0002-0304-050607080989
2026-10-06 22:17:02.268 +00:00 [INF] HTTP POST /api/payments responded 204 in 563ms user="margaret" trace=4465b97a-0001-0002-0304-05060708098a
2026-10-06 22:17:02.752 +00:00 [INF] HTTP POST /api/orders responded 200 in 90ms user="ada" trace=49eec1ac-0001-0002-0304-05060708098b
2026-10-06 22:17:04.348 +00:00 [DBG] Cache lookup key="order:3c7ec984-0001-0002-0304-05060708098c" hit=True elapsed=39ms
2026-10-06 22:17:04.603 +00:00 [INF] HTTP GET /api/customers/{id} responded 404 in 60ms user="grace" trace=3527fbbb-0001-0002-0304-05060708098d
2026-10-06 22:17:05.590 +00:00 [INF] HTTP PUT /api/payments responded 200 in 410ms user="alan" trace=0bab6d71-0001-0002-0304-05060708098e
2026-10-06 22:17:05.784 +00:00 [INF] HTTP PUT /health responded 200 in 366ms user="linus" trace=3125bc67-0001-0002-0304-05060708098f
2026-10-06 22:17:06.720 +00:00 [INF] HTTP GET /api/orders responded 204 in 239ms user="barbara" trace=27d953bf-0001-0002-0304-050607080990
2026-10-06 22:17:07.612 +00:00 [INF] HTTP POST /api/customers/{id} responded 200 in 263ms user="linus" trace=5f390aaf-0001-0002-0304-050607080991
2026-10-06 22:17:08.622 +00:00 [WRN] Slow request /health took 3213ms (threshold 1000ms) user="barbara"
2026-10-06 22:17:09.160 +00:00 [INF] HTTP GET /api/orders responded 200 in 336ms user="margaret" trace=7db03b05-0001-0002-0304-050607080993
2026-10-06 22:17:09.258 +00:00 [INF] HTTP GET /api/payments responded 200 in 126ms user="grace" trace=48ec0674-0001-0002-0304-050607080994
2026-10-06 22:17:11.543 +00:00 [INF] HTTP PUT /api/search responded 200 in 410ms user="margaret" trace=3e0f2551-0001-0002-0304-050607080995
2026-10-06 22:17:12.329 +00:00 [FTL] Unhandled exception in AuthProvider; the host is shutting down
System.InvalidOperationException: Sequence contains no elements
   at Contoso.Orders.PaymentGateway.ChargeAsync(Order order, CancellationToken token) in C:\src\Orders\PaymentGateway.cs:line 118
   at Contoso.Orders.OrderService.CompleteAsync(Guid orderId) in C:\src\Orders\OrderService.cs:line 64
   at Contoso.Web.Endpoints.OrdersEndpoint.Post(HttpContext context) in C:\src\Web\OrdersEndpoint.cs:line 37
   at Microsoft.AspNetCore.Routing.EndpointMiddleware.Invoke(HttpContext httpContext)
--- End of stack trace from previous location ---
   at Microsoft.AspNetCore.Diagnostics.ExceptionHandlerMiddlewareImpl.Invoke(HttpContext context)
2026-10-06 22:17:14.337 +00:00 [INF] HTTP GET /health responded 200 in 356ms user="linus" trace=74b31f4c-0001-0002-0304-050607080997
2026-10-06 22:17:14.731 +00:00 [INF] HTTP PUT /health responded 200 in 289ms user="margaret" trace=21a1d54f-0001-0002-0304-050607080998
2026-10-06 22:17:16.619 +00:00 [ERR] Payment failed for order 04157c0c-0001-0002-0304-050607080999 user="grace" amount=198.23 attempt=3
System.Net.Http.HttpRequestException: Response status code does not indicate success: 502 (Bad Gateway).
   at Contoso.Orders.PaymentGateway.ChargeAsync(Order order, CancellationToken token) in C:\src\Orders\PaymentGateway.cs:line 118
   at Contoso.Orders.OrderService.CompleteAsync(Guid orderId) in C:\src\Orders\OrderService.cs:line 64
   at Contoso.Web.Endpoints.OrdersEndpoint.Post(HttpContext context) in C:\src\Web\OrdersEndpoint.cs:line 37
   at Microsoft.AspNetCore.Routing.EndpointMiddleware.Invoke(HttpContext httpContext)
--- End of stack trace from previous location ---
   at Microsoft.AspNetCore.Diagnostics.ExceptionHandlerMiddlewareImpl.Invoke(HttpContext context)
2026-10-06 22:17:18.500 +00:00 [INF] HTTP PUT /api/orders responded 204 in 394ms user="grace" trace=44d34143-0001-0002-0304-05060708099a
2026-10-06 22:17:18.742 +00:00 [INF] HTTP GET /api/search responded 204 in 395ms user="grace" trace=4c2e3f2d-0001-0002-0304-05060708099b
2026-10-06 22:17:20.890 +00:00 [ERR] Payment failed for order 4edef2f1-0001-0002-0304-05060708099c user="edsger" amount=712.26 attempt=3
System.Net.Http.HttpRequestException: Response status code does not indicate success: 502 (Bad Gateway).
   at Contoso.Orders.PaymentGateway.ChargeAsync(Order order, CancellationToken token) in C:\src\Orders\PaymentGateway.cs:line 118
   at Contoso.Orders.OrderService.CompleteAsync(Guid orderId) in C:\src\Orders\OrderService.cs:line 64
   at Contoso.Web.Endpoints.OrdersEndpoint.Post(HttpContext context) in C:\src\Web\OrdersEndpoint.cs:line 37
   at Microsoft.AspNetCore.Routing.EndpointMiddleware.Invoke(HttpContext httpContext)
--- End of stack trace from previous location ---
   at Microsoft.AspNetCore.Diagnostics.ExceptionHandlerMiddlewareImpl.Invoke(HttpContext context)
2026-10-06 22:17:23.172 +00:00 [DBG] Cache lookup key="order:66016903-0001-0002-0304-05060708099d" hit=False elapsed=8ms
2026-10-06 22:17:24.470 +00:00 [ERR] Payment failed for order 6f7f006f-0001-0002-0304-05060708099e user="ada" amount=679.70 attempt=3
System.Net.Http.HttpRequestException: Response status code does not indicate success: 502 (Bad Gateway).
   at Contoso.Orders.PaymentGateway.ChargeAsync(Order order, CancellationToken token) in C:\src\Orders\PaymentGateway.cs:line 118
   at Contoso.Orders.OrderService.CompleteAsync(Guid orderId) in C:\src\Orders\OrderService.cs:line 64
   at Contoso.Web.Endpoints.OrdersEndpoint.Post(HttpContext context) in C:\src\Web\OrdersEndpoint.cs:line 37
   at Microsoft.AspNetCore.Routing.EndpointMiddleware.Invoke(HttpContext httpContext)
--- End of stack trace from previous location ---
   at Microsoft.AspNetCore.Diagnostics.ExceptionHandlerMiddlewareImpl.Invoke(HttpContext context)
2026-10-06 22:17:24.898 +00:00 [INF] HTTP POST /api/customers/{id} responded 404 in 305ms user="edsger" trace=4bf24ad7-0001-0002-0304-05060708099f
2026-10-06 22:17:25.966 +00:00 [INF] HTTP GET /api/customers/{id} responded 200 in 79ms user="ada" trace=1badc1d8-0001-0002-0304-0506070809a0
2026-10-06 22:17:26.242 +00:00 [DBG] Cache lookup key="order:4c460819-0001-0002-0304-0506070809a1" hit=False elapsed=24ms
2026-10-06 22:17:27.718 +00:00 [INF] HTTP POST /api/orders responded 404 in 40ms user="edsger" trace=10aef9c3-0001-0002-0304-0506070809a2
2026-10-06 22:17:29.685 +00:00 [VRB] Dispatching InventorySync.Tick sequence=928
2026-10-06 22:17:32.051 +00:00 [INF] HTTP POST /api/orders/{id} responded 200 in 442ms user="linus" trace=47b64c09-0001-0002-0304-0506070809a4
2026-10-06 22:17:32.260 +00:00 [DBG] Cache lookup key="order:4018f015-0001-0002-0304-0506070809a5" hit=False elapsed=23ms
2026-10-06 22:17:33.250 +00:00 [INF] HTTP GET /api/customers/{id} responded 200 in 147ms user="alan" trace=3a0a66f3-0001-0002-0304-0506070809a6
2026-10-06 22:17:34.955 +00:00 [INF] HTTP PUT /api/payments responded 200 in 30ms user="linus" trace=3129b754-0001-0002-0304-0506070809a7
2026-10-06 22:17:36.572 +00:00 [VRB] Dispatching Scheduler.Tick sequence=933
2026-10-06 22:17:36.984 +00:00 [INF] HTTP POST /api/search responded 200 in 318ms user="edsger" trace=632ab888-0001-0002-0304-0506070809a9
2026-10-06 22:17:38.905 +00:00 [INF] HTTP GET /api/orders responded 204 in 534ms user="edsger" trace=30dbe324-0001-0002-0304-0506070809aa
2026-10-06 22:17:41.079 +00:00 [INF] HTTP PUT /api/payments responded 200 in 132ms user="grace" trace=76a4f4b4-0001-0002-0304-0506070809ab
2026-10-06 22:17:41.703 +00:00 [VRB] Dispatching OrderService.Tick sequence=937
2026-10-06 22:17:42.944 +00:00 [DBG] Cache lookup key="order:57138565-0001-0002-0304-0506070809ad" hit=True elapsed=10ms
2026-10-06 22:17:43.215 +00:00 [DBG] Cache lookup key="order:4f922087-0001-0002-0304-0506070809ae" hit=False elapsed=28ms
2026-10-06 22:17:44.927 +00:00 [INF] HTTP GET /health responded 200 in 146ms user="ada" trace=5b5108e7-0001-0002-0304-0506070809af
2026-10-06 22:17:45.306 +00:00 [INF] HTTP POST /api/search responded 404 in 286ms user="edsger" trace=4ab6ffc7-0001-0002-0304-0506070809b0
2026-10-06 22:17:46.274 +00:00 [INF] HTTP POST /api/orders/{id} responded 200 in 370ms user="grace" trace=18116c6a-0001-0002-0304-0506070809b1
2026-10-06 22:17:48.451 +00:00 [INF] HTTP GET /api/orders/{id} responded 201 in 41ms user="linus" trace=3b49710b-0001-0002-0304-0506070809b2
2026-10-06 22:17:50.733 +00:00 [DBG] Cache lookup key="order:2b4ecbfa-0001-0002-0304-0506070809b3" hit=False elapsed=20ms
2026-10-06 22:17:51.352 +00:00 [INF] HTTP PUT /api/customers/{id} responded 204 in 85ms user="grace" trace=0ea604e9-0001-0002-0304-0506070809b4
2026-10-06 22:17:51.553 +00:00 [ERR] Payment failed for order 518a7cd8-0001-0002-0304-0506070809b5 user="linus" amount=817.24 attempt=3
System.Net.Http.HttpRequestException: Response status code does not indicate success: 502 (Bad Gateway).
   at Contoso.Orders.PaymentGateway.ChargeAsync(Order order, CancellationToken token) in C:\src\Orders\PaymentGateway.cs:line 118
   at Contoso.Orders.OrderService.CompleteAsync(Guid orderId) in C:\src\Orders\OrderService.cs:line 64
   at Contoso.Web.Endpoints.OrdersEndpoint.Post(HttpContext context) in C:\src\Web\OrdersEndpoint.cs:line 37
   at Microsoft.AspNetCore.Routing.EndpointMiddleware.Invoke(HttpContext httpContext)
--- End of stack trace from previous location ---
   at Microsoft.AspNetCore.Diagnostics.ExceptionHandlerMiddlewareImpl.Invoke(HttpContext context)
2026-10-06 22:17:52.581 +00:00 [WRN] Slow request /api/customers/{id} took 4416ms (threshold 1000ms) user="grace"
2026-10-06 22:17:54.516 +00:00 [DBG] Cache lookup key="order:1caa079d-0001-0002-0304-0506070809b7" hit=False elapsed=23ms
2026-10-06 22:17:55.815 +00:00 [INF] HTTP PUT /api/orders responded 201 in 539ms user="edsger" trace=306c5449-0001-0002-0304-0506070809b8
2026-10-06 22:17:56.441 +00:00 [DBG] Cache lookup key="order:32d2d72b-0001-0002-0304-0506070809b9" hit=True elapsed=21ms
2026-10-06 22:17:58.800 +00:00 [INF] HTTP GET /health responded 200 in 41ms user="edsger" trace=2d376aeb-0001-0002-0304-0506070809ba
2026-10-06 22:18:00.332 +00:00 [INF] HTTP PUT /health responded 404 in 573ms user="ada" trace=67701b30-0001-0002-0304-0506070809bb
2026-10-06 22:18:02.239 +00:00 [INF] HTTP GET /api/customers/{id} responded 200 in 423ms user="alan" trace=272baa34-0001-0002-0304-0506070809bc
2026-10-06 22:18:02.548 +00:00 [INF] HTTP PUT /api/orders responded 200 in 479ms user="barbara" trace=011d998d-0001-0002-0304-0506070809bd
2026-10-06 22:18:04.027 +00:00 [WRN] Slow request /health took 6980ms (threshold 1000ms) user="barbara"
2026-10-06 22:18:04.222 +00:00 [INF] HTTP PUT /api/payments responded 204 in 44ms user="alan" trace=3cec8918-0001-0002-0304-0506070809bf
2026-10-06 22:18:06.314 +00:00 [DBG] Cache lookup key="order:26eb5a7c-0001-0002-0304-0506070809c0" hit=True elapsed=1ms
2026-10-06 22:18:07.503 +00:00 [DBG] Cache lookup key="order:7c5681af-0001-0002-0304-0506070809c1" hit=False elapsed=36ms
2026-10-06 22:18:08.049 +00:00 [INF] Reconciled inventory batch: warehouse="MEL-02" skus=728 adjusted=41 notes="Batch includes back-ordered items carried over from the previous cycle; the reconciliation rules treat partially shipped lines as open until the courier confirms delivery, which can take several hours for regional addresses."
2026-10-06 22:18:10.026 +00:00 [DBG] Cache lookup key="order:4f798eda-0001-0002-0304-0506070809c3" hit=False elapsed=26ms
2026-10-06 22:18:10.687 +00:00 [WRN] Slow request /api/payments took 6915ms (threshold 1000ms) user="alan"
2026-10-06 22:18:10.759 +00:00 [INF] HTTP PUT /health responded 200 in 360ms user="linus" trace=0772dada-0001-0002-0304-0506070809c5
2026-10-06 22:18:12.226 +00:00 [WRN] Slow request /health took 4770ms (threshold 1000ms) user="linus"
2026-10-06 22:18:14.086 +00:00 [INF] HTTP PUT /api/orders/{id} responded 200 in 282ms user="barbara" trace=55d07425-0001-0002-0304-0506070809c7
2026-10-06 22:18:16.279 +00:00 [WRN] Slow request /health took 5417ms (threshold 1000ms) user="alan"
2026-10-06 22:18:16.355 +00:00 [INF] HTTP PUT /api/search responded 201 in 297ms user="ada" trace=34d68a54-0001-0002-0304-0506070809c9
2026-10-06 22:18:17.715 +00:00 [DBG] Cache lookup key="order:5c11ac91-0001-0002-0304-0506070809ca" hit=True elapsed=22ms
2026-10-06 22:18:19.888 +00:00 [INF] HTTP PUT /api/search responded 200 in 306ms user="alan" trace=70712d06-0001-0002-0304-0506070809cb
2026-10-06 22:18:21.182 +00:00 [DBG] Cache lookup key="order:14ce7eec-0001-0002-0304-0506070809cc" hit=False elapsed=22ms
2026-10-06 22:18:23.234 +00:00 [DBG] Cache lookup key="order:4e710a43-0001-0002-0304-0506070809cd" hit=False elapsed=11ms
2026-10-06 22:18:24.602 +00:00 [DBG] Cache lookup key="order:7202b790-0001-0002-0304-0506070809ce" hit=False elapsed=7ms
2026-10-06 22:18:25.839 +00:00 [DBG] Cache lookup key="order:2c64f5ca-0001-0002-0304-0506070809cf" hit=False elapsed=8ms
2026-10-06 22:18:26.762 +00:00 [INF] HTTP GET /api/payments responded 404 in 476ms user="barbara" trace=144027be-0001-0002-0304-0506070809d0
2026-10-06 22:18:28.336 +00:00 [INF] HTTP GET /api/orders/{id} responded 204 in 231ms user="alan" trace=6fbf26ce-0001-0002-0304-0506070809d1
2026-10-06 22:18:29.871 +00:00 [VRB] Dispatching PaymentGateway.Tick sequence=975
2026-10-06 22:18:31.287 +00:00 [INF] HTTP GET /health responded 200 in 298ms user="margaret" trace=6531c132-0001-0002-0304-0506070809d3
2026-10-06 22:18:32.740 +00:00 [DBG] Cache lookup key="order:0d7eca59-0001-0002-0304-0506070809d4" hit=False elapsed=31ms
2026-10-06 22:18:34.337 +00:00 [INF] HTTP GET /api/customers/{id} responded 200 in 368ms user="edsger" trace=0278a065-0001-0002-0304-0506070809d5
2026-10-06 22:18:34.456 +00:00 [DBG] Cache lookup key="order:547c632d-0001-0002-0304-0506070809d6" hit=True elapsed=39ms
2026-10-06 22:18:34.778 +00:00 [INF] HTTP GET /health responded 404 in 456ms user="margaret" trace=2e2b7d08-0001-0002-0304-0506070809d7
2026-10-06 22:18:36.720 +00:00 [VRB] Dispatching Scheduler.Tick sequence=981
2026-10-06 22:18:37.441 +00:00 [WRN] Slow request /health took 2986ms (threshold 1000ms) user="grace"
2026-10-06 22:18:39.739 +00:00 [INF] HTTP GET /health responded 204 in 430ms user="linus" trace=78a3f140-0001-0002-0304-0506070809da
2026-10-06 22:18:42.085 +00:00 [INF] HTTP POST /health responded 204 in 219ms user="barbara" trace=596dfff2-0001-0002-0304-0506070809db
2026-10-06 22:18:44.396 +00:00 [INF] HTTP GET /api/search responded 404 in 116ms user="margaret" trace=74f25160-0001-0002-0304-0506070809dc
2026-10-06 22:18:45.189 +00:00 [INF] HTTP GET /api/search responded 201 in 305ms user="edsger" trace=40c55c95-0001-0002-0304-0506070809dd
2026-10-06 22:18:45.970 +00:00 [INF] HTTP PUT /api/customers/{id} responded 204 in 336ms user="margaret" trace=3e403b3f-0001-0002-0304-0506070809de
2026-10-06 22:18:47.116 +00:00 [DBG] Cache lookup key="order:685c21eb-0001-0002-0304-0506070809df" hit=False elapsed=27ms
2026-10-06 22:18:49.035 +00:00 [INF] HTTP GET /api/search responded 204 in 512ms user="ada" trace=77f78bf7-0001-0002-0304-0506070809e0
2026-10-06 22:18:49.248 +00:00 [INF] HTTP POST /api/orders responded 200 in 127ms user="edsger" trace=18b0ada6-0001-0002-0304-0506070809e1
2026-10-06 22:18:50.235 +00:00 [INF] Reconciled inventory batch: warehouse="MEL-02" skus=1559 adjusted=75 notes="Batch includes back-ordered items carried over from the previous cycle; the reconciliation rules treat partially shipped lines as open until the courier confirms delivery, which can take several hours for regional addresses."
2026-10-06 22:18:50.394 +00:00 [DBG] Cache lookup key="order:21d14c01-0001-0002-0304-0506070809e3" hit=True elapsed=11ms
2026-10-06 22:18:51.445 +00:00 [INF] HTTP PUT /api/orders responded 201 in 540ms user="grace" trace=0b75bfd6-0001-0002-0304-0506070809e4
2026-10-06 22:18:52.602 +00:00 [VRB] Dispatching Scheduler.Tick sequence=994
2026-10-06 22:18:53.733 +00:00 [VRB] Dispatching InventorySync.Tick sequence=995
2026-10-06 22:18:53.942 +00:00 [WRN] Slow request /health took 4324ms (threshold 1000ms) user="linus"
2026-10-06 22:18:55.638 +00:00 [DBG] Cache lookup key="order:6dce4a07-0001-0002-0304-0506070809e8" hit=True elapsed=33ms
2026-10-06 22:18:56.421 +00:00 [INF] HTTP POST /health responded 200 in 311ms user="margaret" trace=4fe1810f-0001-0002-0304-0506070809e9
2026-10-06 22:18:57.126 +00:00 [INF] HTTP PUT /api/search responded 200 in 22ms user="linus" trace=203b5703-0001-0002-0304-0506070809ea
2026-10-06 22:18:58.098 +00:00 [INF] HTTP GET /api/orders/{id} responded 200 in 517ms user="edsger" trace=288e0532-0001-0002-0304-0506070809eb
2026-10-06 22:19:00.177 +00:00 [DBG] Cache lookup key="order:62348f22-0001-0002-0304-0506070809ec" hit=False elapsed=25ms
2026-10-06 22:19:01.057 +00:00 [DBG] Cache lookup key="order:5409c1a5-0001-0002-0304-0506070809ed" hit=False elapsed=26ms
2026-10-06 22:19:01.628 +00:00 [INF] HTTP PUT /api/orders/{id} responded 200 in 81ms user="ada" trace=20ad317f-0001-0002-0304-0506070809ee
2026-10-06 22:19:03.143 +00:00 [DBG] Cache lookup key="order:5878a512-0001-0002-0304-0506070809ef" hit=False elapsed=27ms
2026-10-06 22:19:05.238 +00:00 [VRB] Dispatching InventorySync.Tick sequence=1005
2026-10-06 22:19:05.889 +00:00 [INF] HTTP GET /api/orders responded 204 in 82ms user="alan" trace=60ff9fce-0001-0002-0304-0506070809f1
2026-10-06 22:19:07.495 +00:00 [INF] HTTP GET /api/orders/{id} responded 404 in 478ms user="grace" trace=0492279c-0001-0002-0304-0506070809f2
2026-10-06 22:19:08.502 +00:00 [INF] HTTP PUT /api/orders responded 204 in 141ms user="linus" trace=2fe98a3f-0001-0002-0304-0506070809f3
2026-10-06 22:19:10.212 +00:00 [INF] HTTP PUT /api/search responded 204 in 558ms user="edsger" trace=279cb27e-0001-0002-0304-0506070809f4
2026-10-06 22:19:12.248 +00:00 [DBG] Cache lookup key="order:00be2f47-0001-0002-0304-0506070809f5" hit=False elapsed=9ms
2026-10-06 22:19:14.184 +00:00 [INF] HTTP POST /api/payments responded 201 in 73ms user="alan" trace=1db07eb1-0001-0002-0304-0506070809f6
2026-10-06 22:19:15.309 +00:00 [INF] HTTP POST /api/search responded 201 in 596ms user="grace" trace=70562a85-0001-0002-0304-0506070809f7
2026-10-06 22:19:16.631 +00:00 [INF] HTTP GET /api/orders/{id} responded 201 in 437ms user="edsger" trace=5f9de4bd-0001-0002-0304-0506070809f8
2026-10-06 22:19:17.650 +00:00 [INF] HTTP GET /api/orders/{id} responded 404 in 174ms user="edsger" trace=27276eb5-0001-0002-0304-0506070809f9
2026-10-06 22:19:18.943 +00:00 [DBG] Cache lookup key="order:7481ed09-0001-0002-0304-0506070809fa" hit=False elapsed=29ms
2026-10-06 22:19:19.417 +00:00 [INF] HTTP GET /api/orders responded 404 in 499ms user="margaret" trace=4bf06890-0001-0002-0304-0506070809fb
2026-10-06 22:19:20.132 +00:00 [INF] HTTP POST /api/payments responded 200 in 308ms user="ada" trace=6d728697-0001-0002-0304-0506070809fc
2026-10-06 22:19:20.572 +00:00 [DBG] Cache lookup key="order:16880e89-0001-0002-0304-0506070809fd" hit=True elapsed=27ms
2026-10-06 22:19:22.807 +00:00 [WRN] Slow request /api/payments took 8055ms (threshold 1000ms) user="alan"
2026-10-06 22:19:23.625 +00:00 [DBG] Cache lookup key="order:010cd9fe-0001-0002-0304-050607080900" hit=True elapsed=33ms
2026-10-06 22:19:24.307 +00:00 [WRN] Slow request /api/payments took 4069ms (threshold 1000ms) user="alan"
2026-10-06 22:19:25.711 +00:00 [INF] HTTP GET /api/orders/{id} responded 200 in 558ms user="edsger" trace=16d284e7-0001-0002-0304-050607080902
2026-10-06 22:19:27.821 +00:00 [ERR] Payment failed for order 6d6660ff-0001-0002-0304-050607080903 user="ada" amount=657.36 attempt=3
System.Net.Http.HttpRequestException: Response status code does not indicate success: 502 (Bad Gateway).
   at Contoso.Orders.PaymentGateway.ChargeAsync(Order order, CancellationToken token) in C:\src\Orders\PaymentGateway.cs:line 118
   at Contoso.Orders.OrderService.CompleteAsync(Guid orderId) in C:\src\Orders\OrderService.cs:line 64
   at Contoso.Web.Endpoints.OrdersEndpoint.Post(HttpContext context) in C:\src\Web\OrdersEndpoint.cs:line 37
   at Microsoft.AspNetCore.Routing.EndpointMiddleware.Invoke(HttpContext httpContext)
--- End of stack trace from previous location ---
   at Microsoft.AspNetCore.Diagnostics.ExceptionHandlerMiddlewareImpl.Invoke(HttpContext context)
2026-10-06 22:19:30.016 +00:00 [INF] HTTP POST /api/payments responded 201 in 161ms user="barbara" trace=5fccbcc3-0001-0002-0304-050607080904
2026-10-06 22:19:31.199 +00:00 [ERR] Payment failed for order 00788c77-0001-0002-0304-050607080905 user="alan" amount=305.78 attempt=3
System.Net.Http.HttpRequestException: Response status code does not indicate success: 502 (Bad Gateway).
   at Contoso.Orders.PaymentGateway.ChargeAsync(Order order, CancellationToken token) in C:\src\Orders\PaymentGateway.cs:line 118
   at Contoso.Orders.OrderService.CompleteAsync(Guid orderId) in C:\src\Orders\OrderService.cs:line 64
   at Contoso.Web.Endpoints.OrdersEndpoint.Post(HttpContext context) in C:\src\Web\OrdersEndpoint.cs:line 37
   at Microsoft.AspNetCore.Routing.EndpointMiddleware.Invoke(HttpContext httpContext)
--- End of stack trace from previous location ---
   at Microsoft.AspNetCore.Diagnostics.ExceptionHandlerMiddlewareImpl.Invoke(HttpContext context)
2026-10-06 22:19:31.233 +00:00 [DBG] Cache lookup key="order:5d53e433-0001-0002-0304-050607080906" hit=True elapsed=32ms
2026-10-06 22:19:32.654 +00:00 [DBG] Cache lookup key="order:6066049c-0001-0002-0304-050607080907" hit=True elapsed=24ms
2026-10-06 22:19:33.208 +00:00 [INF] HTTP GET /api/orders/{id} responded 201 in 140ms user="alan" trace=27fc3d4c-0001-0002-0304-050607080908
2026-10-06 22:19:35.399 +00:00 [INF] HTTP PUT /api/search responded 404 in 193ms user="barbara" trace=14b16f59-0001-0002-0304-050607080909
2026-10-06 22:19:35.642 +00:00 [INF] HTTP GET /api/search responded 201 in 341ms user="grace" trace=25297bc9-0001-0002-0304-05060708090a
2026-10-06 22:19:36.667 +00:00 [DBG] Cache lookup key="order:74e0234c-0001-0002-0304-05060708090b" hit=True elapsed=28ms
2026-10-06 22:19:37.778 +00:00 [INF] HTTP POST /api/orders/{id} responded 404 in 110ms user="alan" trace=0809c619-0001-0002-0304-05060708090c
2026-10-06 22:19:39.647 +00:00 [DBG] Cache lookup key="order:0d0235c0-0001-0002-0304-05060708090d" hit=True elapsed=10ms
2026-10-06 22:19:41.534 +00:00 [INF] HTTP PUT /api/orders responded 200 in 282ms user="alan" trace=72afc502-0001-0002-0304-05060708090e
2026-10-06 22:19:42.768 +00:00 [INF] HTTP POST /api/search responded 200 in 584ms user="edsger" trace=57b427c2-0001-0002-0304-05060708090f
2026-10-06 22:19:44.023 +00:00 [VRB] Dispatching PaymentGateway.Tick sequence=1036
2026-10-06 22:19:45.723 +00:00 [DBG] Cache lookup key="order:3a1767d9-0001-0002-0304-050607080911" hit=False elapsed=3ms
2026-10-06 22:19:47.930 +00:00 [INF] HTTP PUT /health responded 204 in 469ms user="alan" trace=4897c45b-0001-0002-0304-050607080912
2026-10-06 22:19:50.298 +00:00 [VRB] Dispatching InventorySync.Tick sequence=1039
2026-10-06 22:19:51.693 +00:00 [INF] HTTP POST /api/orders/{id} responded 204 in 500ms user="linus" trace=39945153-0001-0002-0304-050607080914
2026-10-06 22:19:52.401 +00:00 [INF] HTTP POST /api/search responded 201 in 49ms user="margaret" trace=2d8b05b1-0001-0002-0304-050607080915
2026-10-06 22:19:52.960 +00:00 [DBG] Cache lookup key="order:64450fa3-0001-0002-0304-050607080916" hit=False elapsed=8ms
2026-10-06 22:19:54.544 +00:00 [INF] HTTP GET /api/customers/{id} responded 404 in 539ms user="alan" trace=59805741-0001-0002-0304-050607080917
2026-10-06 22:19:56.065 +00:00 [DBG] Cache lookup key="order:0c867c88-0001-0002-0304-050607080918" hit=True elapsed=13ms
2026-10-06 22:19:57.037 +00:00 [INF] HTTP PUT /api/customers/{id} responded 200 in 6ms user="grace" trace=60740a3a-0001-0002-0304-050607080919
2026-10-06 22:19:57.441 +00:00 [DBG] Cache lookup key="order:04a7e997-0001-0002-0304-05060708091a" hit=True elapsed=28ms
2026-10-06 22:19:59.254 +00:00 [WRN] Slow request /api/orders/{id} took 4189ms (threshold 1000ms) user="margaret"
2026-10-06 22:20:00.058 +00:00 [INF] HTTP PUT /api/orders/{id} responded 200 in 238ms user="barbara" trace=61f25841-0001-0002-0304-05060708091c
2026-10-06 22:20:00.472 +00:00 [INF] HTTP GET /health responded 201 in 285ms user="ada" trace=3cf0f80b-0001-0002-0304-05060708091d
2026-10-06 22:20:02.745 +00:00 [INF] HTTP POST /api/payments responded 201 in 436ms user="alan" trace=7fa958ab-0001-0002-0304-05060708091e
2026-10-06 22:20:03.645 +00:00 [INF] HTTP GET /api/customers/{id} responded 201 in 30ms user="grace" trace=79364a20-0001-0002-0304-05060708091f
2026-10-06 22:20:05.773 +00:00 [DBG] Cache lookup key="order:55ed9407-0001-0002-0304-050607080920" hit=False elapsed=20ms
2026-10-06 22:20:05.911 +00:00 [INF] HTTP PUT /api/orders/{id} responded 204 in 509ms user="ada" trace=1dae6971-0001-0002-0304-050607080921
2026-10-06 22:20:05.974 +00:00 [WRN] Slow request /api/orders/{id} took 1922ms (threshold 1000ms) user="ada"
2026-10-06 22:20:06.712 +00:00 [DBG] Cache lookup key="order:56f36a76-0001-0002-0304-050607080923" hit=False elapsed=31ms
2026-10-06 22:20:07.653 +00:00 [INF] HTTP GET /api/search responded 204 in 596ms user="ada" trace=1e17dbc4-0001-0002-0304-050607080924
2026-10-06 22:20:09.070 +00:00 [INF] HTTP GET /api/customers/{id} responded 200 in 270ms user="edsger" trace=004e5bbc-0001-0002-0304-050607080925
2026-10-06 22:20:11.370 +00:00 [DBG] Cache lookup key="order:5b711934-0001-0002-0304-050607080926" hit=True elapsed=21ms
2026-10-06 22:20:13.630 +00:00 [WRN] Slow request /api/orders/{id} took 4512ms (threshold 1000ms) user="alan"
2026-10-06 22:20:15.406 +00:00 [INF] HTTP POST /api/orders responded 200 in 196ms user="barbara" trace=25eefeb8-0001-0002-0304-050607080928
2026-10-06 22:20:16.447 +00:00 [INF] HTTP PUT /api/orders/{id} responded 200 in 160ms user="alan" trace=152b315a-0001-0002-0304-050607080929
2026-10-06 22:20:17.478 +00:00 [ERR] Payment failed for order 5e14b5db-0001-0002-0304-05060708092a user="ada" amount=419.86 attempt=3
System.Net.Http.HttpRequestException: Response status code does not indicate success: 502 (Bad Gateway).
   at Contoso.Orders.PaymentGateway.ChargeAsync(Order order, CancellationToken token) in C:\src\Orders\PaymentGateway.cs:line 118
   at Contoso.Orders.OrderService.CompleteAsync(Guid orderId) in C:\src\Orders\OrderService.cs:line 64
   at Contoso.Web.Endpoints.OrdersEndpoint.Post(HttpContext context) in C:\src\Web\OrdersEndpoint.cs:line 37
   at Microsoft.AspNetCore.Routing.EndpointMiddleware.Invoke(HttpContext httpContext)
--- End of stack trace from previous location ---
   at Microsoft.AspNetCore.Diagnostics.ExceptionHandlerMiddlewareImpl.Invoke(HttpContext context)
2026-10-06 22:20:18.095 +00:00 [INF] HTTP GET /health responded 404 in 566ms user="alan" trace=4e97b57a-0001-0002-0304-05060708092b
2026-10-06 22:20:18.862 +00:00 [VRB] Dispatching PaymentGateway.Tick sequence=1064
2026-10-06 22:20:21.063 +00:00 [DBG] Cache lookup key="order:54699663-0001-0002-0304-05060708092d" hit=True elapsed=14ms
2026-10-06 22:20:21.808 +00:00 [ERR] Payment failed for order 2dc6651b-0001-0002-0304-05060708092e user="grace" amount=592.97 attempt=3
System.Net.Http.HttpRequestException: Response status code does not indicate success: 502 (Bad Gateway).
   at Contoso.Orders.PaymentGateway.ChargeAsync(Order order, CancellationToken token) in C:\src\Orders\PaymentGateway.cs:line 118
   at Contoso.Orders.OrderService.CompleteAsync(Guid orderId) in C:\src\Orders\OrderService.cs:line 64
   at Contoso.Web.Endpoints.OrdersEndpoint.Post(HttpContext context) in C:\src\Web\OrdersEndpoint.cs:line 37
   at Microsoft.AspNetCore.Routing.EndpointMiddleware.Invoke(HttpContext httpContext)
--- End of stack trace from previous location ---
   at Microsoft.AspNetCore.Diagnostics.ExceptionHandlerMiddlewareImpl.Invoke(HttpContext context)
2026-10-06 22:20:22.721 +00:00 [DBG] Cache lookup key="order:5aa54d1a-0001-0002-0304-05060708092f" hit=True elapsed=32ms
2026-10-06 22:20:24.123 +00:00 [INF] HTTP PUT /health responded 200 in 137ms user="alan" trace=35574a52-0001-0002-0304-050607080930
2026-10-06 22:20:24.705 +00:00 [INF] HTTP POST /api/orders/{id} responded 204 in 552ms user="barbara" trace=3e28dd59-0001-0002-0304-050607080931
2026-10-06 22:20:25.529 +00:00 [INF] HTTP GET /api/orders responded 200 in 505ms user="ada" trace=2f234e1f-0001-0002-0304-050607080932
2026-10-06 22:20:25.776 +00:00 [WRN] Slow request /api/search took 5884ms (threshold 1000ms) user="grace"
2026-10-06 22:20:26.049 +00:00 [DBG] Cache lookup key="order:49f61fa4-0001-0002-0304-050607080934" hit=True elapsed=23ms
2026-10-06 22:20:26.947 +00:00 [INF] HTTP PUT /api/orders responded 201 in 465ms user="linus" trace=76986736-0001-0002-0304-050607080935
2026-10-06 22:20:28.216 +00:00 [INF] HTTP PUT /api/search responded 200 in 442ms user="margaret" trace=6b8294bf-0001-0002-0304-050607080936
2026-10-06 22:20:29.762 +00:00 [INF] HTTP PUT /api/orders/{id} responded 200 in 511ms user="barbara" trace=1854bcd6-0001-0002-0304-050607080937
2026-10-06 22:20:30.325 +00:00 [WRN] Slow request /api/payments took 3161ms (threshold 1000ms) user="linus"
2026-10-06 22:20:30.465 +00:00 [ERR] Payment failed for order 50188e2c-0001-0002-0304-050607080939 user="ada" amount=497.84 attempt=3
System.Net.Http.HttpRequestException: Response status code does not indicate success: 502 (Bad Gateway).
   at Contoso.Orders.PaymentGateway.ChargeAsync(Order order, CancellationToken token) in C:\src\Orders\PaymentGateway.cs:line 118
   at Contoso.Orders.OrderService.CompleteAsync(Guid orderId) in C:\src\Orders\OrderService.cs:line 64
   at Contoso.Web.Endpoints.OrdersEndpoint.Post(HttpContext context) in C:\src\Web\OrdersEndpoint.cs:line 37
   at Microsoft.AspNetCore.Routing.EndpointMiddleware.Invoke(HttpContext httpContext)
--- End of stack trace from previous location ---
   at Microsoft.AspNetCore.Diagnostics.ExceptionHandlerMiddlewareImpl.Invoke(HttpContext context)
2026-10-06 22:20:31.873 +00:00 [WRN] Slow request /api/orders/{id} took 4128ms (threshold 1000ms) user="barbara"
2026-10-06 22:20:32.630 +00:00 [INF] HTTP PUT /health responded 200 in 227ms user="linus" trace=2e9d5edd-0001-0002-0304-05060708093b
2026-10-06 22:20:34.055 +00:00 [INF] HTTP PUT /api/orders/{id} responded 200 in 303ms user="ada" trace=49d9d554-0001-0002-0304-05060708093c
2026-10-06 22:20:35.720 +00:00 [INF] HTTP POST /api/customers/{id} responded 200 in 449ms user="grace" trace=3af1842b-0001-0002-0304-05060708093d
2026-10-06 22:20:37.621 +00:00 [DBG] Cache lookup key="order:0a76a1ba-0001-0002-0304-05060708093e" hit=False elapsed=20ms
2026-10-06 22:20:37.825 +00:00 [INF] HTTP PUT /api/payments responded 404 in 521ms user="alan" trace=382ea016-0001-0002-0304-05060708093f
2026-10-06 22:20:38.445 +00:00 [INF] HTTP POST /api/search responded 200 in 284ms user="alan" trace=05edcc9a-0001-0002-0304-050607080940
2026-10-06 22:20:40.534 +00:00 [DBG] Cache lookup key="order:0a7feed0-0001-0002-0304-050607080941" hit=False elapsed=24ms
2026-10-06 22:20:41.891 +00:00 [INF] HTTP PUT /api/customers/{id} responded 201 in 408ms user="ada" trace=04d4283a-0001-0002-0304-050607080942
2026-10-06 22:20:43.056 +00:00 [INF] HTTP PUT /health responded 200 in 192ms user="grace" trace=0b32e65e-0001-0002-0304-050607080943
2026-10-06 22:20:44.515 +00:00 [DBG] Cache lookup key="order:697fdc97-0001-0002-0304-050607080944" hit=True elapsed=8ms
2026-10-06 22:20:45.711 +00:00 [DBG] Cache lookup key="order:3b6cb4ae-0001-0002-0304-050607080945" hit=True elapsed=13ms
2026-10-06 22:20:46.416 +00:00 [INF] HTTP GET /api/orders/{id} responded 200 in 42ms user="linus" trace=08bc7b5b-0001-0002-0304-050607080946
2026-10-06 22:20:47.419 +00:00 [INF] HTTP GET /api/payments responded 201 in 222ms user="ada" trace=72940d0b-0001-0002-0304-050607080947
2026-10-06 22:20:49.390 +00:00 [INF] HTTP PUT /api/customers/{id} responded 201 in 214ms user="linus" trace=5a86cbee-0001-0002-0304-050607080948
2026-10-06 22:20:49.580 +00:00 [INF] HTTP POST /api/payments responded 204 in 215ms user="ada" trace=2f6e0519-0001-0002-0304-050607080949
2026-10-06 22:20:51.557 +00:00 [DBG] Cache lookup key="order:65122580-0001-0002-0304-05060708094a" hit=False elapsed=7ms
2026-10-06 22:20:51.626 +00:00 [VRB] Dispatching AuthProvider.Tick sequence=1095
2026-10-06 22:20:53.831 +00:00 [DBG] Cache lookup key="order:43800ca9-0001-0002-0304-05060708094c" hit=True elapsed=28ms
2026-10-06 22:20:54.146 +00:00 [INF] HTTP GET /health responded 201 in 55ms user="ada" trace=12161eba-0001-0002-0304-05060708094d
2026-10-06 22:20:54.319 +00:00 [INF] HTTP PUT /health responded 204 in 163ms user="barbara" trace=390dc26c-0001-0002-0304-05060708094e
2026-10-06 22:20:56.018 +00:00 [WRN] Slow request /health took 2738ms (threshold 1000ms) user="ada"
2026-10-06 22:20:57.613 +00:00 [INF] HTTP GET /health responded 201 in 72ms user="alan" trace=565329ea-0001-0002-0304-050607080950
2026-10-06 22:20:59.936 +00:00 [WRN] Slow request /api/orders/{id} took 2984ms (threshold 1000ms) user="ada"
2026-10-06 22:21:00.834 +00:00 [DBG] Cache lookup key="order:5c66537a-0001-0002-0304-050607080952" hit=True elapsed=28ms
2026-10-06 22:21:01.078 +00:00 [DBG] Cache lookup key="order:737f41b9-0001-0002-0304-050607080953" hit=False elapsed=35ms
2026-10-06 22:21:01.555 +00:00 [INF] HTTP POST /api/search responded 204 in 559ms user="barbara" trace=04dca5fb-0001-0002-0304-050607080954
2026-10-06 22:21:03.528 +00:00 [INF] HTTP POST /api/payments responded 200 in 572ms user="grace" trace=3315f744-0001-0002-0304-050607080955
2026-10-06 22:21:03.586 +00:00 [VRB] Dispatching InventorySync.Tick sequence=1106
2026-10-06 22:21:04.724 +00:00 [INF] HTTP GET /api/orders responded 201 in 60ms user="barbara" trace=291a4f2d-0001-0002-0304-050607080957
2026-10-06 22:21:05.921 +00:00 [INF] HTTP GET /api/orders responded 200 in 352ms user="ada" trace=3fa7c873-0001-0002-0304-050607080958
2026-10-06 22:21:08.153 +00:00 [INF] HTTP GET /api/search responded 200 in 31ms user="grace" trace=56211d4e-0001-0002-0304-050607080959
2026-10-06 22:21:08.998 +00:00 [VRB] Dispatching OrderService.Tick sequence=1110
2026-10-06 22:21:09.347 +00:00 [DBG] Cache lookup key="order:7edfebcb-0001-0002-0304-05060708095b" hit=False elapsed=29ms
2026-10-06 22:21:11.161 +00:00 [ERR] Payment failed for order 14356758-0001-0002-0304-05060708095c user="margaret" amount=243.98 attempt=3
System.Net.Http.HttpRequestException: Response status code does not indicate success: 502 (Bad Gateway).
   at Contoso.Orders.PaymentGateway.ChargeAsync(Order order, CancellationToken token) in C:\src\Orders\PaymentGateway.cs:line 118
   at Contoso.Orders.OrderService.CompleteAsync(Guid orderId) in C:\src\Orders\OrderService.cs:line 64
   at Contoso.Web.Endpoints.OrdersEndpoint.Post(HttpContext context) in C:\src\Web\OrdersEndpoint.cs:line 37
   at Microsoft.AspNetCore.Routing.EndpointMiddleware.Invoke(HttpContext httpContext)
--- End of stack trace from previous location ---
   at Microsoft.AspNetCore.Diagnostics.ExceptionHandlerMiddlewareImpl.Invoke(HttpContext context)
2026-10-06 22:21:13.166 +00:00 [DBG] Cache lookup key="order:0c023cd8-0001-0002-0304-05060708095d" hit=True elapsed=3ms
2026-10-06 22:21:14.675 +00:00 [VRB] Dispatching Scheduler.Tick sequence=1114
2026-10-06 22:21:15.114 +00:00 [INF] HTTP GET /api/search responded 200 in 572ms user="grace" trace=08842d00-0001-0002-0304-05060708095f
2026-10-06 22:21:17.465 +00:00 [INF] HTTP PUT /api/customers/{id} responded 201 in 563ms user="alan" trace=2d57e613-0001-0002-0304-050607080960
2026-10-06 22:21:19.224 +00:00 [DBG] Cache lookup key="order:1b4e5dfb-0001-0002-0304-050607080961" hit=False elapsed=38ms
2026-10-06 22:21:20.851 +00:00 [INF] HTTP PUT /api/orders/{id} responded 200 in 561ms user="ada" trace=29a26e49-0001-0002-0304-050607080962
2026-10-06 22:21:23.117 +00:00 [INF] HTTP GET /api/orders responded 200 in 395ms user="ada" trace=40975bc1-0001-0002-0304-050607080963
2026-10-06 22:21:24.871 +00:00 [INF] HTTP GET /api/search responded 200 in 581ms user="margaret" trace=1a3359ca-0001-0002-0304-050607080964
2026-10-06 22:21:26.858 +00:00 [INF] HTTP PUT /health responded 200 in 527ms user="linus" trace=0ee21514-0001-0002-0304-050607080965
2026-10-06 22:21:27.537 +00:00 [DBG] Cache lookup key="order:6889069e-0001-0002-0304-050607080966" hit=True elapsed=28ms
2026-10-06 22:21:28.718 +00:00 [INF] HTTP PUT /api/orders/{id} responded 200 in 130ms user="edsger" trace=05bea3a4-0001-0002-0304-050607080967
2026-10-06 22:21:29.373 +00:00 [ERR] Payment failed for order 099dbef9-0001-0002-0304-050607080968 user="margaret" amount=501.95 attempt=3
System.Net.Http.HttpRequestException: Response status code does not indicate success: 502 (Bad Gateway).
   at Contoso.Orders.PaymentGateway.ChargeAsync(Order order, CancellationToken token) in C:\src\Orders\PaymentGateway.cs:line 118
   at Contoso.Orders.OrderService.CompleteAsync(Guid orderId) in C:\src\Orders\OrderService.cs:line 64
   at Contoso.Web.Endpoints.OrdersEndpoint.Post(HttpContext context) in C:\src\Web\OrdersEndpoint.cs:line 37
   at Microsoft.AspNetCore.Routing.EndpointMiddleware.Invoke(HttpContext httpContext)
--- End of stack trace from previous location ---
   at Microsoft.AspNetCore.Diagnostics.ExceptionHandlerMiddlewareImpl.Invoke(HttpContext context)
2026-10-06 22:21:30.495 +00:00 [DBG] Cache lookup key="order:307a4ab4-0001-0002-0304-050607080969" hit=True elapsed=5ms
2026-10-06 22:21:31.691 +00:00 [INF] HTTP GET /api/search responded 404 in 105ms user="ada" trace=196dc8bc-0001-0002-0304-05060708096a
2026-10-06 22:21:32.230 +00:00 [WRN] Slow request /health took 1441ms (threshold 1000ms) user="edsger"
2026-10-06 22:21:32.478 +00:00 [DBG] Cache lookup key="order:1e6589eb-0001-0002-0304-05060708096c" hit=True elapsed=28ms
2026-10-06 22:21:34.079 +00:00 [INF] HTTP GET /api/customers/{id} responded 204 in 519ms user="grace" trace=2f1408f1-0001-0002-0304-05060708096d
2026-10-06 22:21:35.072 +00:00 [ERR] Payment failed for order 3a7f2895-0001-0002-0304-05060708096e user="barbara" amount=244.87 attempt=3
System.Net.Http.HttpRequestException: Response status code does not indicate success: 502 (Bad Gateway).
   at Contoso.Orders.PaymentGateway.ChargeAsync(Order order, CancellationToken token) in C:\src\Orders\PaymentGateway.cs:line 118
   at Contoso.Orders.OrderService.CompleteAsync(Guid orderId) in C:\src\Orders\OrderService.cs:line 64
   at Contoso.Web.Endpoints.OrdersEndpoint.Post(HttpContext context) in C:\src\Web\OrdersEndpoint.cs:line 37
   at Microsoft.AspNetCore.Routing.EndpointMiddleware.Invoke(HttpContext httpContext)
--- End of stack trace from previous location ---
   at Microsoft.AspNetCore.Diagnostics.ExceptionHandlerMiddlewareImpl.Invoke(HttpContext context)
2026-10-06 22:21:35.560 +00:00 [FTL] Unhandled exception in OrderService; the host is shutting down
System.InvalidOperationException: Sequence contains no elements
   at Contoso.Orders.PaymentGateway.ChargeAsync(Order order, CancellationToken token) in C:\src\Orders\PaymentGateway.cs:line 118
   at Contoso.Orders.OrderService.CompleteAsync(Guid orderId) in C:\src\Orders\OrderService.cs:line 64
   at Contoso.Web.Endpoints.OrdersEndpoint.Post(HttpContext context) in C:\src\Web\OrdersEndpoint.cs:line 37
   at Microsoft.AspNetCore.Routing.EndpointMiddleware.Invoke(HttpContext httpContext)
--- End of stack trace from previous location ---
   at Microsoft.AspNetCore.Diagnostics.ExceptionHandlerMiddlewareImpl.Invoke(HttpContext context)
2026-10-06 22:21:37.685 +00:00 [DBG] Cache lookup key="order:7eb5f275-0001-0002-0304-050607080970" hit=False elapsed=16ms
2026-10-06 22:21:39.010 +00:00 [INF] Reconciled inventory batch: warehouse="MEL-02" skus=1036 adjusted=54 notes="Batch includes back-ordered items carried over from the previous cycle; the reconciliation rules treat partially shipped lines as open until the courier confirms delivery, which can take several hours for regional addresses."
2026-10-06 22:21:40.086 +00:00 [INF] HTTP PUT /health responded 200 in 551ms user="margaret" trace=3927b738-0001-0002-0304-050607080972
2026-10-06 22:21:40.615 +00:00 [VRB] Dispatching OrderService.Tick sequence=1135
2026-10-06 22:21:41.973 +00:00 [DBG] Cache lookup key="order:66de4984-0001-0002-0304-050607080974" hit=True elapsed=3ms
2026-10-06 22:21:43.796 +00:00 [WRN] Slow request /api/payments took 5382ms (threshold 1000ms) user="grace"
2026-10-06 22:21:45.297 +00:00 [WRN] Slow request /api/payments took 1226ms (threshold 1000ms) user="alan"
2026-10-06 22:21:45.330 +00:00 [DBG] Cache lookup key="order:0a92fb4f-0001-0002-0304-050607080977" hit=True elapsed=17ms
2026-10-06 22:21:46.349 +00:00 [DBG] Cache lookup key="order:63fc2c96-0001-0002-0304-050607080978" hit=True elapsed=31ms
2026-10-06 22:21:47.653 +00:00 [WRN] Slow request /api/customers/{id} took 2759ms (threshold 1000ms) user="linus"
2026-10-06 22:21:48.926 +00:00 [INF] HTTP POST /api/orders/{id} responded 201 in 105ms user="edsger" trace=669d3bcd-0001-0002-0304-05060708097a
2026-10-06 22:21:49.759 +00:00 [INF] HTTP PUT /health responded 200 in 205ms user="grace" trace=115abbd8-0001-0002-0304-05060708097b
2026-10-06 22:21:49.953 +00:00 [INF] HTTP POST /api/payments responded 201 in 307ms user="margaret" trace=3dca240c-0001-0002-0304-05060708097c
2026-10-06 22:21:50.443 +00:00 [INF] HTTP GET /api/orders responded 200 in 495ms user="edsger" trace=3903e2d5-0001-0002-0304-05060708097d
2026-10-06 22:21:51.535 +00:00 [INF] HTTP GET /health responded 200 in 477ms user="grace" trace=692de0f9-0001-0002-0304-05060708097e
2026-10-06 22:21:53.617 +00:00 [INF] HTTP GET /api/orders responded 204 in 199ms user="ada" trace=41b7fa8a-0001-0002-0304-05060708097f
2026-10-06 22:21:55.985 +00:00 [DBG] Cache lookup key="order:6448214e-0001-0002-0304-050607080980" hit=True elapsed=6ms
2026-10-06 22:21:57.519 +00:00 [INF] HTTP POST /api/search responded 201 in 462ms user="grace" trace=1744ca56-0001-0002-0304-050607080981
2026-10-06 22:21:57.654 +00:00 [INF] HTTP PUT /api/search responded 404 in 586ms user="margaret" trace=37733c25-0001-0002-0304-050607080982
2026-10-06 22:21:57.726 +00:00 [INF] HTTP POST /api/customers/{id} responded 200 in 520ms user="alan" trace=05e55393-0001-0002-0304-050607080983
2026-10-06 22:21:58.808 +00:00 [INF] HTTP POST /api/orders/{id} responded 404 in 231ms user="alan" trace=23977dd3-0001-0002-0304-050607080984
2026-10-06 22:22:00.887 +00:00 [DBG] Cache lookup key="order:223fde5e-0001-0002-0304-050607080985" hit=True elapsed=6ms
2026-10-06 22:22:02.356 +00:00 [DBG] Cache lookup key="order:0c7d3810-0001-0002-0304-050607080986" hit=False elapsed=4ms
2026-10-06 22:22:04.201 +00:00 [INF] HTTP POST /api/orders/{id} responded 200 in 108ms user="ada" trace=14090062-0001-0002-0304-050607080987
2026-10-06 22:22:06.331 +00:00 [INF] HTTP POST /health responded 200 in 68ms user="barbara" trace=43b3ed1b-0001-0002-0304-050607080988
2026-10-06 22:22:07.778 +00:00 [INF] HTTP POST /api/customers/{id} responded 200 in 215ms user="linus" trace=11f7b708-0001-0002-0304-050607080989
2026-10-06 22:22:09.644 +00:00 [INF] HTTP GET /api/orders/{id} responded 204 in 312ms user="linus" trace=7305c911-0001-0002-0304-05060708098a
2026-10-06 22:22:11.356 +00:00 [INF] Reconciled inventory batch: warehouse="MEL-02" skus=1884 adjusted=59 notes="Batch includes back-ordered items carried over from the previous cycle; the reconciliation rules treat partially shipped lines as open until the courier confirms delivery, which can take several hours for regional addresses."
2026-10-06 22:22:13.618 +00:00 [INF] HTTP POST /health responded 404 in 370ms user="margaret" trace=12f9f2e8-0001-0002-0304-05060708098c
2026-10-06 22:22:15.680 +00:00 [DBG] Cache lookup key="order:404b12ec-0001-0002-0304-05060708098d" hit=True elapsed=7ms
2026-10-06 22:22:17.568 +00:00 [DBG] Cache lookup key="order:33eeee74-0001-0002-0304-05060708098e" hit=False elapsed=27ms
2026-10-06 22:22:18.481 +00:00 [INF] HTTP PUT /health responded 200 in 597ms user="edsger" trace=236cea35-0001-0002-0304-05060708098f
2026-10-06 22:22:20.440 +00:00 [INF] HTTP POST /health responded 404 in 517ms user="grace" trace=74595104-0001-0002-0304-050607080990
2026-10-06 22:22:21.406 +00:00 [INF] HTTP POST /api/search responded 200 in 75ms user="alan" trace=4e97dffe-0001-0002-0304-050607080991
2026-10-06 22:22:22.610 +00:00 [INF] HTTP PUT /api/search responded 200 in 416ms user="ada" trace=035f644f-0001-0002-0304-050607080992
2026-10-06 22:22:24.441 +00:00 [INF] HTTP PUT /api/orders/{id} responded 200 in 190ms user="linus" trace=2aa449e9-0001-0002-0304-050607080993
2026-10-06 22:22:25.022 +00:00 [INF] HTTP PUT /api/search responded 200 in 437ms user="margaret" trace=6f88fac9-0001-0002-0304-050607080994
2026-10-06 22:22:26.095 +00:00 [INF] HTTP POST /api/orders responded 200 in 132ms user="margaret" trace=797cfdec-0001-0002-0304-050607080995
2026-10-06 22:22:27.879 +00:00 [INF] HTTP GET /api/orders/{id} responded 204 in 217ms user="margaret" trace=1513d7d5-0001-0002-0304-050607080996
2026-10-06 22:22:27.927 +00:00 [INF] HTTP POST /api/orders responded 200 in 563ms user="grace" trace=6f59ee89-0001-0002-0304-050607080997
2026-10-06 22:22:28.586 +00:00 [INF] HTTP POST /api/orders responded 404 in 10ms user="linus" trace=5cd8841c-0001-0002-0304-050607080998
2026-10-06 22:22:30.756 +00:00 [VRB] Dispatching Scheduler.Tick sequence=1173
2026-10-06 22:22:30.809 +00:00 [DBG] Cache lookup key="order:531531db-0001-0002-0304-05060708099a" hit=False elapsed=24ms
2026-10-06 22:22:31.532 +00:00 [INF] HTTP POST /api/payments responded 201 in 512ms user="ada" trace=20629f8f-0001-0002-0304-05060708099b
2026-10-06 22:22:32.587 +00:00 [VRB] Dispatching OrderService.Tick sequence=1176
2026-10-06 22:22:34.691 +00:00 [INF] HTTP GET /api/search responded 200 in 449ms user="edsger" trace=7db8fa15-0001-0002-0304-05060708099d
2026-10-06 22:22:35.637 +00:00 [INF] HTTP GET /health responded 200 in 598ms user="grace" trace=559b6bc8-0001-0002-0304-05060708099e
2026-10-06 22:22:36.614 +00:00 [INF] HTTP PUT /api/orders/{id} responded 204 in 127ms user="grace" trace=2c2ac645-0001-0002-0304-05060708099f
2026-10-06 22:22:37.342 +00:00 [INF] HTTP GET /health responded 204 in 554ms user="grace" trace=767134d3-0001-0002-0304-0506070809a0
2026-10-06 22:22:37.722 +00:00 [INF] HTTP POST /api/orders/{id} responded 200 in 147ms user="alan" trace=57b0d2f2-0001-0002-0304-0506070809a1
2026-10-06 22:22:38.435 +00:00 [INF] HTTP PUT /api/payments responded 201 in 61ms user="alan" trace=7621c4e7-0001-0002-0304-0506070809a2
2026-10-06 22:22:40.067 +00:00 [INF] HTTP PUT /api/orders/{id} responded 404 in 80ms user="ada" trace=41a595db-0001-0002-0304-0506070809a3
2026-10-06 22:22:41.660 +00:00 [INF] HTTP GET /api/customers/{id} responded 404 in 427ms user="edsger" trace=20927771-0001-0002-0304-0506070809a4
2026-10-06 22:22:41.889 +00:00 [DBG] Cache lookup key="order:49d09d37-0001-0002-0304-0506070809a5" hit=True elapsed=3ms
2026-10-06 22:22:43.458 +00:00 [DBG] Cache lookup key="order:7d535c56-0001-0002-0304-0506070809a6" hit=False elapsed=38ms
2026-10-06 22:22:45.477 +00:00 [DBG] Cache lookup key="order:5bdff595-0001-0002-0304-0506070809a7" hit=False elapsed=3ms
2026-10-06 22:22:46.070 +00:00 [DBG] Cache lookup key="order:1418b022-0001-0002-0304-0506070809a8" hit=False elapsed=11ms
2026-10-06 22:22:46.752 +00:00 [INF] HTTP POST /api/orders responded 404 in 222ms user="ada" trace=706a2a05-0001-0002-0304-0506070809a9
2026-10-06 22:22:47.324 +00:00 [DBG] Cache lookup key="order:3bc732f5-0001-0002-0304-0506070809aa" hit=False elapsed=35ms
2026-10-06 22:22:48.698 +00:00 [INF] HTTP PUT /api/search responded 204 in 172ms user="grace" trace=665c0b5e-0001-0002-0304-0506070809ab
2026-10-06 22:22:49.392 +00:00 [DBG] Cache lookup key="order:7b31db23-0001-0002-0304-0506070809ac" hit=True elapsed=7ms
2026-10-06 22:22:51.029 +00:00 [DBG] Cache lookup key="order:77e31519-0001-0002-0304-0506070809ad" hit=False elapsed=10ms
2026-10-06 22:22:51.737 +00:00 [INF] HTTP PUT /api/search responded 201 in 409ms user="ada" trace=6330228b-0001-0002-0304-0506070809ae
2026-10-06 22:22:53.480 +00:00 [INF] HTTP POST /api/customers/{id} responded 200 in 385ms user="barbara" trace=7825f9a5-0001-0002-0304-0506070809af
2026-10-06 22:22:53.687 +00:00 [INF] HTTP POST /api/customers/{id} responded 404 in 414ms user="grace" trace=310cbff1-0001-0002-0304-0506070809b0
2026-10-06 22:22:55.649 +00:00 [INF] HTTP PUT /api/orders responded 404 in 535ms user="ada" trace=6bd93a43-0001-0002-0304-0506070809b1
2026-10-06 22:22:56.358 +00:00 [INF] HTTP POST /api/orders responded 200 in 200ms user="edsger" trace=6c71eca1-0001-0002-0304-0506070809b2
2026-10-06 22:22:58.296 +00:00 [DBG] Cache lookup key="order:52337712-0001-0002-0304-0506070809b3" hit=True elapsed=5ms
2026-10-06 22:22:59.059 +00:00 [VRB] Dispatching PaymentGateway.Tick sequence=1200
2026-10-06 22:22:59.571 +00:00 [INF] HTTP GET /api/payments responded 200 in 574ms user="margaret" trace=68f4f489-0001-0002-0304-0506070809b5
2026-10-06 22:23:00.080 +00:00 [INF] HTTP PUT /api/customers/{id} responded 201 in 387ms user="ada" trace=7f431cab-0001-0002-0304-0506070809b6
2026-10-06 22:23:02.047 +00:00 [INF] HTTP POST /api/search responded 204 in 346ms user="edsger" trace=0b0b0fbe-0001-0002-0304-0506070809b7
2026-10-06 22:23:02.689 +00:00 [INF] HTTP PUT /health responded 200 in 111ms user="alan" trace=6d9d3275-0001-0002-0304-0506070809b8
2026-10-06 22:23:04.239 +00:00 [INF] HTTP POST /api/orders/{id} responded 200 in 382ms user="alan" trace=17cca1bd-0001-0002-0304-0506070809b9
2026-10-06 22:23:04.700 +00:00 [INF] HTTP PUT /health responded 200 in 80ms user="margaret" trace=6b548f2e-0001-0002-0304-0506070809ba
2026-10-06 22:23:05.242 +00:00 [INF] HTTP GET /api/customers/{id} responded 404 in 254ms user="barbara" trace=3c287216-0001-0002-0304-0506070809bb
2026-10-06 22:23:07.181 +00:00 [DBG] Cache lookup key="order:6d38dd41-0001-0002-0304-0506070809bc" hit=False elapsed=20ms
2026-10-06 22:23:07.813 +00:00 [INF] HTTP POST /api/customers/{id} responded 200 in 254ms user="margaret" trace=799905f3-0001-0002-0304-0506070809bd
2026-10-06 22:23:08.152 +00:00 [INF] HTTP PUT /api/search responded 200 in 39ms user="edsger" trace=024fc2f0-0001-0002-0304-0506070809be
2026-10-06 22:23:10.312 +00:00 [WRN] Slow request /api/customers/{id} took 2898ms (threshold 1000ms) user="edsger"
2026-10-06 22:23:12.032 +00:00 [DBG] Cache lookup key="order:5851fb38-0001-0002-0304-0506070809c0" hit=False elapsed=20ms
2026-10-06 22:23:12.943 +00:00 [DBG] Cache lookup key="order:37240a26-0001-0002-0304-0506070809c1" hit=False elapsed=27ms
2026-10-06 22:23:13.446 +00:00 [INF] HTTP PUT /api/customers/{id} responded 201 in 482ms user="ada" trace=5cf0b1b6-0001-0002-0304-0506070809c2
2026-10-06 22:23:14.260 +00:00 [INF] HTTP GET /api/payments responded 200 in 448ms user="margaret" trace=7ea0709d-0001-0002-0304-0506070809c3
2026-10-06 22:23:15.015 +00:00 [INF] HTTP PUT /api/orders/{id} responded 200 in 319ms user="grace" trace=4ca59f2a-0001-0002-0304-0506070809c4
2026-10-06 22:23:16.879 +00:00 [INF] HTTP GET /api/payments responded 404 in 124ms user="ada" trace=0b715f43-0001-0002-0304-0506070809c5
2026-10-06 22:23:18.612 +00:00 [DBG] Cache lookup key="order:0b937f00-0001-0002-0304-0506070809c6" hit=True elapsed=7ms
2026-10-06 22:23:19.297 +00:00 [WRN] Slow request /api/search took 1454ms (threshold 1000ms) user="grace"
2026-10-06 22:23:20.284 +00:00 [DBG] Cache lookup key="order:5bafe99b-0001-0002-0304-0506070809c8" hit=False elapsed=25ms
2026-10-06 22:23:22.630 +00:00 [INF] HTTP PUT /api/customers/{id} responded 200 in 320ms user="grace" trace=594a5e33-0001-0002-0304-0506070809c9
2026-10-06 22:23:24.909 +00:00 [DBG] Cache lookup key="order:39bc83be-0001-0002-0304-0506070809ca" hit=True elapsed=20ms
2026-10-06 22:23:25.687 +00:00 [INF] HTTP POST /health responded 200 in 86ms user="grace" trace=6c8e42bf-0001-0002-0304-0506070809cb
2026-10-06 22:23:26.096 +00:00 [WRN] Slow request /api/orders took 3135ms (threshold 1000ms) user="linus"
2026-10-06 22:23:26.388 +00:00 [INF] HTTP GET /api/search responded 200 in 218ms user="ada" trace=26a3254c-0001-0002-0304-0506070809cd
2026-10-06 22:23:28.631 +00:00 [ERR] Payment failed for order 68665bbf-0001-0002-0304-0506070809ce user="linus" amount=472.51 attempt=3
System.Net.Http.HttpRequestException: Response status code does not indicate success: 502 (Bad Gateway).
   at Contoso.Orders.PaymentGateway.ChargeAsync(Order order, CancellationToken token) in C:\src\Orders\PaymentGateway.cs:line 118
   at Contoso.Orders.OrderService.CompleteAsync(Guid orderId) in C:\src\Orders\OrderService.cs:line 64
   at Contoso.Web.Endpoints.OrdersEndpoint.Post(HttpContext context) in C:\src\Web\OrdersEndpoint.cs:line 37
   at Microsoft.AspNetCore.Routing.EndpointMiddleware.Invoke(HttpContext httpContext)
--- End of stack trace from previous location ---
   at Microsoft.AspNetCore.Diagnostics.ExceptionHandlerMiddlewareImpl.Invoke(HttpContext context)
2026-10-06 22:23:29.172 +00:00 [WRN] Slow request /api/orders took 4245ms (threshold 1000ms) user="barbara"
2026-10-06 22:23:30.876 +00:00 [INF] HTTP GET /api/search responded 201 in 503ms user="alan" trace=64201f7e-0001-0002-0304-0506070809d0
2026-10-06 22:23:32.869 +00:00 [DBG] Cache lookup key="order:61bf975a-0001-0002-0304-0506070809d1" hit=True elapsed=13ms
2026-10-06 22:23:33.859 +00:00 [VRB] Dispatching PaymentGateway.Tick sequence=1230
2026-10-06 22:23:34.693 +00:00 [INF] HTTP GET /api/customers/{id} responded 200 in 522ms user="alan" trace=594a7ca6-0001-0002-0304-0506070809d3
2026-10-06 22:23:35.373 +00:00 [INF] HTTP POST /health responded 404 in 324ms user="ada" trace=51cb6277-0001-0002-0304-0506070809d4
2026-10-06 22:23:36.198 +00:00 [INF] HTTP POST /api/orders responded 201 in 320ms user="grace" trace=7f810ce0-0001-0002-0304-0506070809d5
2026-10-06 22:23:38.030 +00:00 [INF] HTTP GET /api/search responded 200 in 598ms user="edsger" trace=687bd146-0001-0002-0304-0506070809d6
2026-10-06 22:23:38.399 +00:00 [VRB] Dispatching Scheduler.Tick sequence=1235
2026-10-06 22:23:38.596 +00:00 [INF] HTTP PUT /api/search responded 201 in 473ms user="linus" trace=5afaa2fa-0001-0002-0304-0506070809d8
2026-10-06 22:23:39.876 +00:00 [INF] HTTP PUT /health responded 200 in 529ms user="margaret" trace=1cd8d52f-0001-0002-0304-0506070809d9
2026-10-06 22:23:40.622 +00:00 [INF] HTTP POST /api/customers/{id} responded 404 in 484ms user="margaret" trace=4b091a7e-0001-0002-0304-0506070809da
2026-10-06 22:23:42.491 +00:00 [INF] HTTP GET /api/orders/{id} responded 200 in 152ms user="grace" trace=064eeef7-0001-0002-0304-0506070809db
2026-10-06 22:23:42.501 +00:00 [INF] HTTP PUT /health responded 200 in 557ms user="grace" trace=003690cc-0001-0002-0304-0506070809dc
2026-10-06 22:23:42.768 +00:00 [INF] HTTP PUT /api/payments responded 201 in 591ms user="grace" trace=09882a48-0001-0002-0304-0506070809dd
2026-10-06 22:23:43.211 +00:00 [WRN] Slow request /api/search took 2646ms (threshold 1000ms) user="margaret"
2026-10-06 22:23:43.980 +00:00 [DBG] Cache lookup key="order:43cf2ddb-0001-0002-0304-0506070809df" hit=True elapsed=4ms
2026-10-06 22:23:44.879 +00:00 [INF] HTTP POST /api/orders/{id} responded 201 in 596ms user="margaret" trace=05dd5da8-0001-0002-0304-0506070809e0
2026-10-06 22:23:46.816 +00:00 [INF] HTTP GET /api/payments responded 404 in 412ms user="alan" trace=031a8e7a-0001-0002-0304-0506070809e1
2026-10-06 22:23:48.507 +00:00 [INF] HTTP GET /api/search responded 200 in 557ms user="alan" trace=1808a812-0001-0002-0304-0506070809e2
2026-10-06 22:23:50.055 +00:00 [INF] HTTP POST /api/search responded 200 in 229ms user="linus" trace=688b9042-0001-0002-0304-0506070809e3
2026-10-06 22:23:50.906 +00:00 [INF] HTTP GET /health responded 200 in 189ms user="barbara" trace=1e3667bd-0001-0002-0304-0506070809e4
2026-10-06 22:23:51.791 +00:00 [INF] Reconciled inventory batch: warehouse="MEL-02" skus=657 adjusted=65 notes="Batch includes back-ordered items carried over from the previous cycle; the reconciliation rules treat partially shipped lines as open until the courier confirms delivery, which can take several hours for regional addresses."
2026-10-06 22:23:52.144 +00:00 [ERR] Payment failed for order 5119f954-0001-0002-0304-0506070809e6 user="edsger" amount=402.73 attempt=3
System.Net.Http.HttpRequestException: Response status code does not indicate success: 502 (Bad Gateway).
   at Contoso.Orders.PaymentGateway.ChargeAsync(Order order, CancellationToken token) in C:\src\Orders\PaymentGateway.cs:line 118
   at Contoso.Orders.OrderService.CompleteAsync(Guid orderId) in C:\src\Orders\OrderService.cs:line 64
   at Contoso.Web.Endpoints.OrdersEndpoint.Post(HttpContext context) in C:\src\Web\OrdersEndpoint.cs:line 37
   at Microsoft.AspNetCore.Routing.EndpointMiddleware.Invoke(HttpContext httpContext)
--- End of stack trace from previous location ---
   at Microsoft.AspNetCore.Diagnostics.ExceptionHandlerMiddlewareImpl.Invoke(HttpContext context)
2026-10-06 22:23:53.521 +00:00 [INF] HTTP GET /api/payments responded 204 in 304ms user="margaret" trace=10e82015-0001-0002-0304-0506070809e7
2026-10-06 22:23:53.991 +00:00 [INF] Reconciled inventory batch: warehouse="MEL-02" skus=3353 adjusted=47 notes="Batch includes back-ordered items carried over from the previous cycle; the reconciliation rules treat partially shipped lines as open until the courier confirms delivery, which can take several hours for regional addresses."
2026-10-06 22:23:55.603 +00:00 [INF] HTTP PUT /health responded 201 in 388ms user="linus" trace=1ecaf24d-0001-0002-0304-0506070809e9
2026-10-06 22:23:57.571 +00:00 [INF] HTTP PUT /health responded 204 in 197ms user="ada" trace=2ea2e3a6-0001-0002-0304-0506070809ea
2026-10-06 22:23:57.834 +00:00 [INF] HTTP PUT /health responded 201 in 255ms user="edsger" trace=117b304e-0001-0002-0304-0506070809eb
2026-10-06 22:23:58.386 +00:00 [DBG] Cache lookup key="order:19bfa114-0001-0002-0304-0506070809ec" hit=False elapsed=38ms
2026-10-06 22:24:00.530 +00:00 [INF] HTTP GET /health responded 200 in 282ms user="edsger" trace=46711b36-0001-0002-0304-0506070809ed
2026-10-06 22:24:02.806 +00:00 [INF] HTTP PUT /api/orders responded 404 in 386ms user="alan" trace=76c69ec2-0001-0002-0304-0506070809ee
2026-10-06 22:24:02.878 +00:00 [INF] HTTP GET /api/orders responded 204 in 419ms user="margaret" trace=6f49c64f-0001-0002-0304-0506070809ef
2026-10-06 22:24:04.763 +00:00 [WRN] Slow request /api/orders took 5093ms (threshold 1000ms) user="alan"
2026-10-06 22:24:06.532 +00:00 [INF] HTTP PUT /health responded 201 in 143ms user="barbara" trace=6de35e98-0001-0002-0304-0506070809f1
2026-10-06 22:24:08.163 +00:00 [DBG] Cache lookup key="order:51dc2c1c-0001-0002-0304-0506070809f2" hit=True elapsed=30ms
2026-10-06 22:24:08.560 +00:00 [INF] HTTP POST /api/orders responded 201 in 127ms user="edsger" trace=61e3a73b-0001-0002-0304-0506070809f3
2026-10-06 22:24:09.554 +00:00 [DBG] Cache lookup key="order:1a65357b-0001-0002-0304-0506070809f4" hit=False elapsed=38ms
2026-10-06 22:24:11.391 +00:00 [WRN] Slow request /api/payments took 4703ms (threshold 1000ms) user="barbara"
2026-10-06 22:24:11.838 +00:00 [INF] HTTP GET /api/search responded 200 in 476ms user="linus" trace=086e8c83-0001-0002-0304-0506070809f6
2026-10-06 22:24:13.988 +00:00 [INF] HTTP PUT /api/customers/{id} responded 200 in 543ms user="grace" trace=54589e3f-0001-0002-0304-0506070809f7
2026-10-06 22:24:14.897 +00:00 [DBG] Cache lookup key="order:36950265-0001-0002-0304-0506070809f8" hit=False elapsed=21ms
2026-10-06 22:24:15.198 +00:00 [DBG] Cache lookup key="order:5f12b7ef-0001-0002-0304-0506070809f9" hit=False elapsed=29ms
2026-10-06 22:24:16.330 +00:00 [INF] HTTP GET /api/customers/{id} responded 200 in 437ms user="margaret" trace=6eda8147-0001-0002-0304-0506070809fa
2026-10-06 22:24:17.481 +00:00 [INF] HTTP POST /api/orders/{id} responded 200 in 532ms user="margaret" trace=6dfb8954-0001-0002-0304-0506070809fb
2026-10-06 22:24:17.530 +00:00 [ERR] Payment failed for order 1b33ed83-0001-0002-0304-0506070809fc user="linus" amount=397.86 attempt=3
System.Net.Http.HttpRequestException: Response status code does not indicate success: 502 (Bad Gateway).
   at Contoso.Orders.PaymentGateway.ChargeAsync(Order order, CancellationToken token) in C:\src\Orders\PaymentGateway.cs:line 118
   at Contoso.Orders.OrderService.CompleteAsync(Guid orderId) in C:\src\Orders\OrderService.cs:line 64
   at Contoso.Web.Endpoints.OrdersEndpoint.Post(HttpContext context) in C:\src\Web\OrdersEndpoint.cs:line 37
   at Microsoft.AspNetCore.Routing.EndpointMiddleware.Invoke(HttpContext httpContext)
--- End of stack trace from previous location ---
   at Microsoft.AspNetCore.Diagnostics.ExceptionHandlerMiddlewareImpl.Invoke(HttpContext context)
2026-10-06 22:24:19.229 +00:00 [VRB] Dispatching OrderService.Tick sequence=1273
2026-10-06 22:24:20.804 +00:00 [DBG] Cache lookup key="order:6f677097-0001-0002-0304-0506070809fe" hit=False elapsed=16ms
2026-10-06 22:24:21.333 +00:00 [DBG] Cache lookup key="order:63916a1e-0001-0002-0304-050607080900" hit=False elapsed=19ms
2026-10-06 22:24:22.199 +00:00 [INF] HTTP PUT /health responded 200 in 472ms user="margaret" trace=36b14a40-0001-0002-0304-050607080901
2026-10-06 22:24:24.541 +00:00 [DBG] Cache lookup key="order:2168e838-0001-0002-0304-050607080902" hit=False elapsed=14ms
2026-10-06 22:24:26.674 +00:00 [DBG] Cache lookup key="order:71712b73-0001-0002-0304-050607080903" hit=False elapsed=26ms
2026-10-06 22:24:27.045 +00:00 [DBG] Cache lookup key="order:352af3de-0001-0002-0304-050607080904" hit=False elapsed=30ms
2026-10-06 22:24:28.080 +00:00 [INF] HTTP GET /api/customers/{id} responded 200 in 318ms user="linus" trace=059995f8-0001-0002-0304-050607080905
2026-10-06 22:24:28.199 +00:00 [INF] HTTP PUT /api/customers/{id} responded 404 in 147ms user="edsger" trace=373bb76c-0001-0002-0304-050607080906
2026-10-06 22:24:28.519 +00:00 [INF] HTTP PUT /api/customers/{id} responded 404 in 556ms user="ada" trace=6e0a3ff4-0001-0002-0304-050607080907
2026-10-06 22:24:30.223 +00:00 [INF] Reconciled inventory batch: warehouse="MEL-02" skus=1358 adjusted=2 notes="Batch includes back-ordered items carried over from the previous cycle; the reconciliation rules treat partially shipped lines as open until the courier confirms delivery, which can take several hours for regional addresses."
2026-10-06 22:24:32.090 +00:00 [VRB] Dispatching OrderService.Tick sequence=1284
2026-10-06 22:24:32.650 +00:00 [VRB] Dispatching OrderService.Tick sequence=1285
2026-10-06 22:24:34.105 +00:00 [INF] HTTP POST /api/search responded 200 in 309ms user="linus" trace=2f0e85ab-0001-0002-0304-05060708090b
2026-10-06 22:24:34.421 +00:00 [INF] HTTP POST /api/orders responded 200 in 283ms user="grace" trace=3cc3b659-0001-0002-0304-05060708090c
2026-10-06 22:24:36.729 +00:00 [INF] HTTP PUT /api/orders/{id} responded 404 in 14ms user="linus" trace=4c072094-0001-0002-0304-05060708090d
2026-10-06 22:24:38.514 +00:00 [DBG] Cache lookup key="order:7817eeee-0001-0002-0304-05060708090e" hit=True elapsed=12ms
2026-10-06 22:24:40.616 +00:00 [DBG] Cache lookup key="order:799c2a08-0001-0002-0304-05060708090f" hit=False elapsed=1ms
2026-10-06 22:24:42.233 +00:00 [WRN] Slow request /api/payments took 7894ms (threshold 1000ms) user="grace"
2026-10-06 22:24:43.636 +00:00 [INF] Reconciled inventory batch: warehouse="MEL-02" skus=301 adjusted=45 notes="Batch includes back-ordered items carried over from the previous cycle; the reconciliation rules treat partially shipped lines as open until the courier confirms delivery, which can take several hours for regional addresses."
2026-10-06 22:24:45.894 +00:00 [INF] HTTP POST /api/payments responded 201 in 399ms user="grace" trace=6ff68107-0001-0002-0304-050607080912
2026-10-06 22:24:46.995 +00:00 [DBG] Cache lookup key="order:360716b1-0001-0002-0304-050607080913" hit=True elapsed=39ms
2026-10-06 22:24:48.528 +00:00 [INF] HTTP GET /api/orders/{id} responded 200 in 35ms user="ada" trace=000fda8f-0001-0002-0304-050607080914
2026-10-06 22:24:50.440 +00:00 [INF] HTTP GET /api/payments responded 404 in 476ms user="grace" trace=67134ffb-0001-0002-0304-050607080915
2026-10-06 22:24:50.904 +00:00 [INF] HTTP PUT /api/orders responded 200 in 3ms user="grace" trace=6558619e-0001-0002-0304-050607080916
2026-10-06 22:24:52.348 +00:00 [INF] HTTP POST /api/customers/{id} responded 200 in 507ms user="barbara" trace=4b77c304-0001-0002-0304-050607080917
2026-10-06 22:24:54.055 +00:00 [INF] HTTP POST /api/orders responded 204 in 398ms user="grace" trace=5ed9225b-0001-0002-0304-050607080918
2026-10-06 22:24:54.841 +00:00 [INF] HTTP POST /api/payments responded 204 in 306ms user="margaret" trace=390548e5-0001-0002-0304-050607080919
2026-10-06 22:24:55.581 +00:00 [INF] HTTP GET /api/orders responded 200 in 189ms user="ada" trace=17888c7e-0001-0002-0304-05060708091a
2026-10-06 22:24:57.564 +00:00 [ERR] Payment failed for order 4fd468bb-0001-0002-0304-05060708091b user="linus" amount=745.68 attempt=3
System.Net.Http.HttpRequestException: Response status code does not indicate success: 502 (Bad Gateway).
   at Contoso.Orders.PaymentGateway.ChargeAsync(Order order, CancellationToken token) in C:\src\Orders\PaymentGateway.cs:line 118
   at Contoso.Orders.OrderService.CompleteAsync(Guid orderId) in C:\src\Orders\OrderService.cs:line 64
   at Contoso.Web.Endpoints.OrdersEndpoint.Post(HttpContext context) in C:\src\Web\OrdersEndpoint.cs:line 37
   at Microsoft.AspNetCore.Routing.EndpointMiddleware.Invoke(HttpContext httpContext)
--- End of stack trace from previous location ---
   at Microsoft.AspNetCore.Diagnostics.ExceptionHandlerMiddlewareImpl.Invoke(HttpContext context)
2026-10-06 22:24:58.757 +00:00 [VRB] Dispatching OrderService.Tick sequence=1303
2026-10-06 22:25:00.286 +00:00 [INF] HTTP POST /api/customers/{id} responded 200 in 280ms user="edsger" trace=353510b9-0001-0002-0304-05060708091d
2026-10-06 22:25:00.554 +00:00 [INF] HTTP PUT /api/orders responded 200 in 171ms user="barbara" trace=2d1090a6-0001-0002-0304-05060708091e
2026-10-06 22:25:02.699 +00:00 [DBG] Cache lookup key="order:4e140ace-0001-0002-0304-05060708091f" hit=True elapsed=19ms
2026-10-06 22:25:04.879 +00:00 [INF] HTTP POST /health responded 404 in 236ms user="linus" trace=36d7a849-0001-0002-0304-050607080920
2026-10-06 22:25:05.748 +00:00 [WRN] Slow request /api/search took 7816ms (threshold 1000ms) user="grace"
2026-10-06 22:25:07.408 +00:00 [DBG] Cache lookup key="order:66e19752-0001-0002-0304-050607080922" hit=True elapsed=22ms
2026-10-06 22:25:09.549 +00:00 [INF] HTTP POST /health responded 201 in 225ms user="grace" trace=573252b9-0001-0002-0304-050607080923
2026-10-06 22:25:10.996 +00:00 [WRN] Slow request /api/payments took 2443ms (threshold 1000ms) user="alan"
2026-10-06 22:25:12.801 +00:00 [INF] HTTP PUT /health responded 204 in 432ms user="ada" trace=77be887a-0001-0002-0304-050607080925
2026-10-06 22:25:13.317 +00:00 [INF] HTTP GET /api/customers/{id} responded 200 in 388ms user="ada" trace=0e162607-0001-0002-0304-050607080926
2026-10-06 22:25:14.800 +00:00 [INF] HTTP POST /api/customers/{id} responded 200 in 398ms user="alan" trace=0fd10ecf-0001-0002-0304-050607080927
2026-10-06 22:25:16.811 +00:00 [INF] HTTP PUT /api/orders responded 200 in 299ms user="ada" trace=263feedc-0001-0002-0304-050607080928
2026-10-06 22:25:17.506 +00:00 [INF] HTTP GET /api/search responded 204 in 15ms user="ada" trace=7eae18c4-0001-0002-0304-050607080929
2026-10-06 22:25:19.346 +00:00 [DBG] Cache lookup key="order:6887b4ad-0001-0002-0304-05060708092a" hit=True elapsed=19ms
2026-10-06 22:25:19.928 +00:00 [INF] HTTP POST /api/search responded 200 in 174ms user="margaret" trace=7a898a4f-0001-0002-0304-05060708092b
2026-10-06 22:25:21.308 +00:00 [INF] HTTP GET /api/customers/{id} responded 200 in 298ms user="ada" trace=3439bec8-0001-0002-0304-05060708092c
2026-10-06 22:25:23.541 +00:00 [INF] HTTP PUT /api/orders responded 201 in 362ms user="linus" trace=4b2266e7-0001-0002-0304-05060708092d
2026-10-06 22:25:24.666 +00:00 [INF] HTTP POST /api/customers/{id} responded 200 in 506ms user="edsger" trace=708bb6e9-0001-0002-0304-05060708092e
2026-10-06 22:25:24.829 +00:00 [VRB] Dispatching InventorySync.Tick sequence=1322
2026-10-06 22:25:26.824 +00:00 [INF] HTTP GET /api/customers/{id} responded 200 in 569ms user="edsger" trace=5024b14f-0001-0002-0304-050607080930
2026-10-06 22:25:28.671 +00:00 [INF] HTTP GET /api/customers/{id} responded 200 in 318ms user="margaret" trace=32825c4d-0001-0002-0304-050607080931
2026-10-06 22:25:28.700 +00:00 [INF] HTTP GET /api/customers/{id} responded 200 in 476ms user="edsger" trace=3aba13ae-0001-0002-0304-050607080932
2026-10-06 22:25:31.079 +00:00 [INF] HTTP GET /health responded 200 in 191ms user="grace" trace=777aa62d-0001-0002-0304-050607080933
2026-10-06 22:25:31.398 +00:00 [INF] HTTP POST /health responded 404 in 261ms user="ada" trace=0772adc6-0001-0002-0304-050607080934
2026-10-06 22:25:32.823 +00:00 [INF] HTTP PUT /api/orders responded 200 in 104ms user="edsger" trace=14c8216c-0001-0002-0304-050607080935
2026-10-06 22:25:32.917 +00:00 [DBG] Cache lookup key="order:595176ab-0001-0002-0304-050607080936" hit=False elapsed=2ms
2026-10-06 22:25:33.731 +00:00 [VRB] Dispatching Scheduler.Tick sequence=1330
2026-10-06 22:25:33.908 +00:00 [INF] HTTP POST /api/customers/{id} responded 404 in 160ms user="edsger" trace=6012fad6-0001-0002-0304-050607080938
2026-10-06 22:25:34.615 +00:00 [DBG] Cache lookup key="order:772eb9d4-0001-0002-0304-050607080939" hit=False elapsed=33ms
2026-10-06 22:25:35.217 +00:00 [INF] HTTP POST /api/customers/{id} responded 404 in 506ms user="barbara" trace=65420329-0001-0002-0304-05060708093a
2026-10-06 22:25:37.598 +00:00 [INF] HTTP GET /api/orders responded 200 in 384ms user="alan" trace=24a4072d-0001-0002-0304-05060708093b
2026-10-06 22:25:39.417 +00:00 [INF] HTTP PUT /api/orders responded 200 in 541ms user="edsger" trace=29c6a30a-0001-0002-0304-05060708093c
2026-10-06 22:25:40.071 +00:00 [DBG] Cache lookup key="order:1c59d6d6-0001-0002-0304-05060708093d" hit=True elapsed=2ms
2026-10-06 22:25:41.238 +00:00 [VRB] Dispatching Scheduler.Tick sequence=1337
2026-10-06 22:25:41.650 +00:00 [INF] HTTP PUT /api/orders/{id} responded 200 in 583ms user="barbara" trace=67ed202b-0001-0002-0304-05060708093f
2026-10-06 22:25:43.298 +00:00 [INF] HTTP GET /api/customers/{id} responded 200 in 233ms user="ada" trace=7276c4e8-0001-0002-0304-050607080940
2026-10-06 22:25:45.090 +00:00 [DBG] Cache lookup key="order:0bab3457-0001-0002-0304-050607080941" hit=True elapsed=34ms
2026-10-06 22:25:46.588 +00:00 [INF] HTTP GET /api/search responded 200 in 248ms user="grace" trace=5a02af70-0001-0002-0304-050607080942
2026-10-06 22:25:47.787 +00:00 [DBG] Cache lookup key="order:457303ce-0001-0002-0304-050607080943" hit=True elapsed=33ms
2026-10-06 22:25:48.287 +00:00 [INF] HTTP POST /api/orders/{id} responded 200 in 23ms user="margaret" trace=1973d4a2-0001-0002-0304-050607080944
2026-10-06 22:25:48.603 +00:00 [DBG] Cache lookup key="order:06df64e8-0001-0002-0304-050607080945" hit=False elapsed=25ms
2026-10-06 22:25:50.378 +00:00 [DBG] Cache lookup key="order:6242974f-0001-0002-0304-050607080946" hit=True elapsed=13ms
2026-10-06 22:25:50.833 +00:00 [ERR] Payment failed for order 1b54a70d-0001-0002-0304-050607080947 user="edsger" amount=759.25 attempt=3
System.Net.Http.HttpRequestException: Response status code does not indicate success: 502 (Bad Gateway).
   at Contoso.Orders.PaymentGateway.ChargeAsync(Order order, CancellationToken token) in C:\src\Orders\PaymentGateway.cs:line 118
   at Contoso.Orders.OrderService.CompleteAsync(Guid orderId) in C:\src\Orders\OrderService.cs:line 64
   at Contoso.Web.Endpoints.OrdersEndpoint.Post(HttpContext context) in C:\src\Web\OrdersEndpoint.cs:line 37
   at Microsoft.AspNetCore.Routing.EndpointMiddleware.Invoke(HttpContext httpContext)
--- End of stack trace from previous location ---
   at Microsoft.AspNetCore.Diagnostics.ExceptionHandlerMiddlewareImpl.Invoke(HttpContext context)
2026-10-06 22:25:50.853 +00:00 [DBG] Cache lookup key="order:6e3ac6c3-0001-0002-0304-050607080948" hit=True elapsed=27ms
2026-10-06 22:25:51.439 +00:00 [INF] HTTP POST /api/customers/{id} responded 201 in 174ms user="grace" trace=6053c23d-0001-0002-0304-050607080949
2026-10-06 22:25:52.715 +00:00 [INF] HTTP POST /api/search responded 200 in 197ms user="linus" trace=7150670b-0001-0002-0304-05060708094a
2026-10-06 22:25:54.328 +00:00 [VRB] Dispatching InventorySync.Tick sequence=1350
2026-10-06 22:25:55.793 +00:00 [INF] HTTP POST /api/payments responded 200 in 294ms user="grace" trace=32e440a2-0001-0002-0304-05060708094c
2026-10-06 22:25:55.915 +00:00 [INF] HTTP POST /api/orders/{id} responded 204 in 278ms user="grace" trace=4f76070a-0001-0002-0304-05060708094d
2026-10-06 22:25:58.282 +00:00 [INF] HTTP PUT /api/customers/{id} responded 204 in 385ms user="margaret" trace=19104459-0001-0002-0304-05060708094e
2026-10-06 22:25:59.989 +00:00 [INF] HTTP PUT /api/orders responded 201 in 519ms user="edsger" trace=21e22c2e-0001-0002-0304-05060708094f
2026-10-06 22:26:00.695 +00:00 [WRN] Slow request /api/orders took 3968ms (threshold 1000ms) user="edsger"
2026-10-06 22:26:02.804 +00:00 [DBG] Cache lookup key="order:6622645c-0001-0002-0304-050607080951" hit=False elapsed=37ms
2026-10-06 22:26:03.098 +00:00 [DBG] Cache lookup key="order:35dd6a0a-0001-0002-0304-050607080952" hit=True elapsed=34ms
2026-10-06 22:26:04.743 +00:00 [INF] HTTP PUT /api/orders responded 204 in 322ms user="grace" trace=1c49a893-0001-0002-0304-050607080953
2026-10-06 22:26:06.392 +00:00 [ERR] Payment failed for order 09e76317-0001-0002-0304-050607080954 user="margaret" amount=728.49 attempt=3
System.Net.Http.HttpRequestException: Response status code does not indicate success: 502 (Bad Gateway).
   at Contoso.Orders.PaymentGateway.ChargeAsync(Order order, CancellationToken token) in C:\src\Orders\PaymentGateway.cs:line 118
   at Contoso.Orders.OrderService.CompleteAsync(Guid orderId) in C:\src\Orders\OrderService.cs:line 64
   at Contoso.Web.Endpoints.OrdersEndpoint.Post(HttpContext context) in C:\src\Web\OrdersEndpoint.cs:line 37
   at Microsoft.AspNetCore.Routing.EndpointMiddleware.Invoke(HttpContext httpContext)
--- End of stack trace from previous location ---
   at Microsoft.AspNetCore.Diagnostics.ExceptionHandlerMiddlewareImpl.Invoke(HttpContext context)
2026-10-06 22:26:07.934 +00:00 [INF] Reconciled inventory batch: warehouse="MEL-02" skus=794 adjusted=10 notes="Batch includes back-ordered items carried over from the previous cycle; the reconciliation rules treat partially shipped lines as open until the courier confirms delivery, which can take several hours for regional addresses."
2026-10-06 22:26:09.038 +00:00 [INF] HTTP PUT /api/orders/{id} responded 404 in 406ms user="margaret" trace=4bc30166-0001-0002-0304-050607080956
2026-10-06 22:26:10.288 +00:00 [INF] HTTP POST /api/search responded 204 in 231ms user="grace" trace=183feea7-0001-0002-0304-050607080957
2026-10-06 22:26:11.795 +00:00 [WRN] Slow request /api/orders took 4848ms (threshold 1000ms) user="grace"
2026-10-06 22:26:13.400 +00:00 [INF] HTTP PUT /api/orders/{id} responded 200 in 430ms user="linus" trace=1381609a-0001-0002-0304-050607080959
2026-10-06 22:26:15.648 +00:00 [WRN] Slow request /api/payments took 1616ms (threshold 1000ms) user="grace"
2026-10-06 22:26:17.605 +00:00 [INF] HTTP POST /api/orders responded 200 in 146ms user="grace" trace=7cdd4dca-0001-0002-0304-05060708095b
2026-10-06 22:26:19.425 +00:00 [INF] HTTP POST /health responded 200 in 155ms user="linus" trace=7e99abe4-0001-0002-0304-05060708095c
2026-10-06 22:26:21.765 +00:00 [VRB] Dispatching AuthProvider.Tick sequence=1368
2026-10-06 22:26:24.070 +00:00 [DBG] Cache lookup key="order:73c2987e-0001-0002-0304-05060708095e" hit=False elapsed=16ms
2026-10-06 22:26:25.999 +00:00 [INF] HTTP GET /api/search responded 200 in 341ms user="grace" trace=7931890e-0001-0002-0304-05060708095f
2026-10-06 22:26:28.356 +00:00 [INF] HTTP PUT /api/payments responded 200 in 66ms user="grace" trace=244e6017-0001-0002-0304-050607080960
2026-10-06 22:26:30.429 +00:00 [INF] HTTP GET /health responded 404 in 59ms user="ada" trace=414e44fa-0001-0002-0304-050607080961
2026-10-06 22:26:32.521 +00:00 [INF] HTTP PUT /api/payments responded 200 in 45ms user="linus" trace=0b85866c-0001-0002-0304-050607080962
2026-10-06 22:26:33.143 +00:00 [INF] HTTP POST /api/orders/{id} responded 201 in 345ms user="grace" trace=5d898e45-0001-0002-0304-050607080963
2026-10-06 22:26:34.731 +00:00 [INF] HTTP PUT /api/orders/{id} responded 200 in 324ms user="margaret" trace=382a84db-0001-0002-0304-050607080964
2026-10-06 22:26:36.018 +00:00 [INF] HTTP PUT /api/payments responded 204 in 518ms user="linus" trace=09639907-0001-0002-0304-050607080965
2026-10-06 22:26:38.008 +00:00 [WRN] Slow request /api/orders took 7246ms (threshold 1000ms) user="ada"
2026-10-06 22:26:39.718 +00:00 [INF] HTTP GET /api/orders/{id} responded 204 in 419ms user="linus" trace=1ac33f1a-0001-0002-0304-050607080967
2026-10-06 22:26:41.003 +00:00 [DBG] Cache lookup key="order:36a7bc3d-0001-0002-0304-050607080968" hit=True elapsed=13ms
2026-10-06 22:26:41.355 +00:00 [DBG] Cache lookup key="order:6459ead4-0001-0002-0304-050607080969" hit=False elapsed=35ms
2026-10-06 22:26:42.687 +00:00 [ERR] Payment failed for order 2f186ed6-0001-0002-0304-05060708096a user="grace" amount=159.54 attempt=3
System.Net.Http.HttpRequestException: Response status code does not indicate success: 502 (Bad Gateway).
   at Contoso.Orders.PaymentGateway.ChargeAsync(Order order, CancellationToken token) in C:\src\Orders\PaymentGateway.cs:line 118
   at Contoso.Orders.OrderService.CompleteAsync(Guid orderId) in C:\src\Orders\OrderService.cs:line 64
   at Contoso.Web.Endpoints.OrdersEndpoint.Post(HttpContext context) in C:\src\Web\OrdersEndpoint.cs:line 37
   at Microsoft.AspNetCore.Routing.EndpointMiddleware.Invoke(HttpContext httpContext)
--- End of stack trace from previous location ---
   at Microsoft.AspNetCore.Diagnostics.ExceptionHandlerMiddlewareImpl.Invoke(HttpContext context)
2026-10-06 22:26:44.128 +00:00 [VRB] Dispatching InventorySync.Tick sequence=1382
2026-10-06 22:26:45.365 +00:00 [INF] HTTP GET /api/payments responded 200 in 39ms user="alan" trace=7d9a61fb-0001-0002-0304-05060708096c
2026-10-06 22:26:46.319 +00:00 [DBG] Cache lookup key="order:28cc74f8-0001-0002-0304-05060708096d" hit=False elapsed=22ms
2026-10-06 22:26:47.464 +00:00 [INF] HTTP POST /api/orders/{id} responded 204 in 252ms user="ada" trace=5c0938db-0001-0002-0304-05060708096e
2026-10-06 22:26:47.777 +00:00 [DBG] Cache lookup key="order:2ba0dae9-0001-0002-0304-05060708096f" hit=False elapsed=2ms
2026-10-06 22:26:49.035 +00:00 [DBG] Cache lookup key="order:65c4fbea-0001-0002-0304-050607080970" hit=False elapsed=29ms
2026-10-06 22:26:49.056 +00:00 [INF] HTTP PUT /api/search responded 200 in 434ms user="alan" trace=2c7281b3-0001-0002-0304-050607080971
2026-10-06 22:26:51.189 +00:00 [INF] HTTP GET /health responded 204 in 358ms user="margaret" trace=575ce1ef-0001-0002-0304-050607080972
2026-10-06 22:26:52.525 +00:00 [INF] HTTP GET /api/payments responded 200 in 400ms user="linus" trace=65467292-0001-0002-0304-050607080973
2026-10-06 22:26:53.178 +00:00 [INF] HTTP POST /api/payments responded 200 in 29ms user="ada" trace=38edc7e0-0001-0002-0304-050607080974
2026-10-06 22:26:53.819 +00:00 [DBG] Cache lookup key="order:4f7ab2a5-0001-0002-0304-050607080975" hit=True elapsed=28ms
2026-10-06 22:26:55.885 +00:00 [INF] Reconciled inventory batch: warehouse="MEL-02" skus=2166 adjusted=44 notes="Batch includes back-ordered items carried over from the previous cycle; the reconciliation rules treat partially shipped lines as open until the courier confirms delivery, which can take several hours for regional addresses."
2026-10-06 22:26:57.099 +00:00 [ERR] Payment failed for order 1888eccf-0001-0002-0304-050607080977 user="grace" amount=320.92 attempt=3
System.Net.Http.HttpRequestException: Response status code does not indicate success: 502 (Bad Gateway).
   at Contoso.Orders.PaymentGateway.ChargeAsync(Order order, CancellationToken token) in C:\src\Orders\PaymentGateway.cs:line 118
   at Contoso.Orders.OrderService.CompleteAsync(Guid orderId) in C:\src\Orders\OrderService.cs:line 64
   at Contoso.Web.Endpoints.OrdersEndpoint.Post(HttpContext context) in C:\src\Web\OrdersEndpoint.cs:line 37
   at Microsoft.AspNetCore.Routing.EndpointMiddleware.Invoke(HttpContext httpContext)
--- End of stack trace from previous location ---
   at Microsoft.AspNetCore.Diagnostics.ExceptionHandlerMiddlewareImpl.Invoke(HttpContext context)
2026-10-06 22:26:58.663 +00:00 [DBG] Cache lookup key="order:2180a6cd-0001-0002-0304-050607080978" hit=False elapsed=36ms
2026-10-06 22:26:59.654 +00:00 [DBG] Cache lookup key="order:74bf3a69-0001-0002-0304-050607080979" hit=False elapsed=19ms
2026-10-06 22:27:00.099 +00:00 [INF] HTTP POST /api/orders/{id} responded 204 in 45ms user="grace" trace=56050d75-0001-0002-0304-05060708097a
2026-10-06 22:27:01.665 +00:00 [INF] HTTP GET /api/customers/{id} responded 204 in 534ms user="margaret" trace=7422d8e8-0001-0002-0304-05060708097b
2026-10-06 22:27:02.053 +00:00 [DBG] Cache lookup key="order:6e891019-0001-0002-0304-05060708097c" hit=False elapsed=24ms
2026-10-06 22:27:03.345 +00:00 [WRN] Slow request /api/search took 6144ms (threshold 1000ms) user="barbara"
2026-10-06 22:27:03.850 +00:00 [INF] HTTP GET /api/payments responded 200 in 498ms user="edsger" trace=7973613b-0001-0002-0304-05060708097e
2026-10-06 22:27:04.760 +00:00 [INF] HTTP PUT /api/orders/{id} responded 200 in 475ms user="edsger" trace=398ea57e-0001-0002-0304-05060708097f
2026-10-06 22:27:05.960 +00:00 [INF] HTTP POST /api/orders responded 201 in 500ms user="grace" trace=6677298d-0001-0002-0304-050607080980
2026-10-06 22:27:06.428 +00:00 [DBG] Cache lookup key="order:494b3485-0001-0002-0304-050607080981" hit=False elapsed=2ms
2026-10-06 22:27:06.692 +00:00 [INF] Reconciled inventory batch: warehouse="MEL-02" skus=3462 adjusted=0 notes="Batch includes back-ordered items carried over from the previous cycle; the reconciliation rules treat partially shipped lines as open until the courier confirms delivery, which can take several hours for regional addresses."
2026-10-06 22:27:07.272 +00:00 [INF] HTTP GET /api/customers/{id} responded 204 in 198ms user="edsger" trace=5aa9e181-0001-0002-0304-050607080983
2026-10-06 22:27:08.788 +00:00 [DBG] Cache lookup key="order:68b84b7b-0001-0002-0304-050607080984" hit=False elapsed=30ms
2026-10-06 22:27:10.317 +00:00 [INF] HTTP GET /api/customers/{id} responded 204 in 471ms user="margaret" trace=07a3373a-0001-0002-0304-050607080985
2026-10-06 22:27:12.130 +00:00 [ERR] Payment failed for order 6804a5dd-0001-0002-0304-050607080986 user="alan" amount=604.40 attempt=3
System.Net.Http.HttpRequestException: Response status code does not indicate success: 502 (Bad Gateway).
   at Contoso.Orders.PaymentGateway.ChargeAsync(Order order, CancellationToken token) in C:\src\Orders\PaymentGateway.cs:line 118
   at Contoso.Orders.OrderService.CompleteAsync(Guid orderId) in C:\src\Orders\OrderService.cs:line 64
   at Contoso.Web.Endpoints.OrdersEndpoint.Post(HttpContext context) in C:\src\Web\OrdersEndpoint.cs:line 37
   at Microsoft.AspNetCore.Routing.EndpointMiddleware.Invoke(HttpContext httpContext)
--- End of stack trace from previous location ---
   at Microsoft.AspNetCore.Diagnostics.ExceptionHandlerMiddlewareImpl.Invoke(HttpContext context)
2026-10-06 22:27:13.870 +00:00 [DBG] Cache lookup key="order:2439f7e6-0001-0002-0304-050607080987" hit=False elapsed=11ms
2026-10-06 22:27:15.195 +00:00 [INF] HTTP POST /api/orders responded 201 in 486ms user="alan" trace=44ec4634-0001-0002-0304-050607080988
2026-10-06 22:27:15.686 +00:00 [INF] HTTP GET /api/payments responded 200 in 73ms user="linus" trace=471dbed6-0001-0002-0304-050607080989
2026-10-06 22:27:17.260 +00:00 [INF] HTTP POST /api/orders responded 200 in 360ms user="linus" trace=1658facf-0001-0002-0304-05060708098a
2026-10-06 22:27:19.122 +00:00 [INF] HTTP POST /health responded 200 in 397ms user="ada" trace=16326571-0001-0002-0304-05060708098b
2026-10-06 22:27:20.091 +00:00 [WRN] Slow request /api/orders took 2906ms (threshold 1000ms) user="grace"
2026-10-06 22:27:21.409 +00:00 [INF] HTTP POST /health responded 204 in 228ms user="edsger" trace=597e6370-0001-0002-0304-05060708098d
2026-10-06 22:27:22.793 +00:00 [DBG] Cache lookup key="order:4dc18cfb-0001-0002-0304-05060708098e" hit=True elapsed=27ms
2026-10-06 22:27:25.036 +00:00 [DBG] Cache lookup key="order:0c636e9d-0001-0002-0304-05060708098f" hit=True elapsed=14ms
2026-10-06 22:27:26.868 +00:00 [ERR] Payment failed for order 6adbccb2-0001-0002-0304-050607080990 user="barbara" amount=195.78 attempt=3
System.Net.Http.HttpRequestException: Response status code does not indicate success: 502 (Bad Gateway).
   at Contoso.Orders.PaymentGateway.ChargeAsync(Order order, CancellationToken token) in C:\src\Orders\PaymentGateway.cs:line 118
   at Contoso.Orders.OrderService.CompleteAsync(Guid orderId) in C:\src\Orders\OrderService.cs:line 64
   at Contoso.Web.Endpoints.OrdersEndpoint.Post(HttpContext context) in C:\src\Web\OrdersEndpoint.cs:line 37
   at Microsoft.AspNetCore.Routing.EndpointMiddleware.Invoke(HttpContext httpContext)
--- End of stack trace from previous location ---
   at Microsoft.AspNetCore.Diagnostics.ExceptionHandlerMiddlewareImpl.Invoke(HttpContext context)
2026-10-06 22:27:27.323 +00:00 [INF] HTTP GET /api/orders responded 200 in 263ms user="grace" trace=15bf7f5f-0001-0002-0304-050607080991
2026-10-06 22:27:28.069 +00:00 [INF] HTTP PUT /api/search responded 200 in 240ms user="barbara" trace=66059950-0001-0002-0304-050607080992
2026-10-06 22:27:30.230 +00:00 [INF] HTTP PUT /health responded 200 in 99ms user="grace" trace=7f51c2d3-0001-0002-0304-050607080993
2026-10-06 22:27:30.937 +00:00 [WRN] Slow request /api/payments took 5207ms (threshold 1000ms) user="linus"
2026-10-06 22:27:31.274 +00:00 [INF] HTTP POST /api/orders/{id} responded 200 in 245ms user="barbara" trace=67e3914e-0001-0002-0304-050607080995
2026-10-06 22:27:31.354 +00:00 [INF] HTTP POST /health responded 200 in 585ms user="barbara" trace=0da99410-0001-0002-0304-050607080996
2026-10-06 22:27:31.896 +00:00 [VRB] Dispatching OrderService.Tick sequence=1426
2026-10-06 22:27:33.638 +00:00 [INF] HTTP GET /api/search responded 404 in 526ms user="grace" trace=70ddd479-0001-0002-0304-050607080998
2026-10-06 22:27:33.937 +00:00 [WRN] Slow request /health took 5332ms (threshold 1000ms) user="linus"
2026-10-06 22:27:35.500 +00:00 [DBG] Cache lookup key="order:4bac2a2b-0001-0002-0304-05060708099a" hit=True elapsed=7ms
2026-10-06 22:27:36.688 +00:00 [INF] HTTP PUT /api/payments responded 204 in 251ms user="margaret" trace=3b409941-0001-0002-0304-05060708099b
2026-10-06 22:27:37.452 +00:00 [INF] HTTP GET /api/payments responded 200 in 149ms user="alan" trace=1dfb8587-0001-0002-0304-05060708099c
2026-10-06 22:27:38.122 +00:00 [INF] HTTP GET /api/search responded 201 in 232ms user="barbara" trace=0f2c7e2b-0001-0002-0304-05060708099d
2026-10-06 22:27:38.480 +00:00 [WRN] Slow request /api/orders took 6428ms (threshold 1000ms) user="barbara"
2026-10-06 22:27:38.877 +00:00 [INF] HTTP POST /api/search responded 404 in 451ms user="edsger" trace=18814ada-0001-0002-0304-05060708099f
2026-10-06 22:27:39.120 +00:00 [INF] Reconciled inventory batch: warehouse="MEL-02" skus=2282 adjusted=19 notes="Batch includes back-ordered items carried over from the previous cycle; the reconciliation rules treat partially shipped lines as open until the courier confirms delivery, which can take several hours for regional addresses."
2026-10-06 22:27:39.494 +00:00 [DBG] Cache lookup key="order:354a07a5-0001-0002-0304-0506070809a1" hit=False elapsed=16ms
2026-10-06 22:27:39.566 +00:00 [WRN] Slow request /api/search took 8724ms (threshold 1000ms) user="ada"
2026-10-06 22:27:41.668 +00:00 [VRB] Dispatching OrderService.Tick sequence=1438
2026-10-06 22:27:43.405 +00:00 [DBG] Cache lookup key="order:5ace8f80-0001-0002-0304-0506070809a4" hit=False elapsed=25ms
2026-10-06 22:27:45.563 +00:00 [INF] HTTP POST /api/orders responded 204 in 389ms user="barbara" trace=31dd8bc2-0001-0002-0304-0506070809a5
2026-10-06 22:27:47.144 +00:00 [INF] HTTP PUT /api/orders responded 200 in 372ms user="edsger" trace=1d769d76-0001-0002-0304-0506070809a6
2026-10-06 22:27:48.801 +00:00 [INF] HTTP PUT /health responded 200 in 42ms user="ada" trace=5c09abaf-0001-0002-0304-0506070809a7
2026-10-06 22:27:49.995 +00:00 [INF] HTTP PUT /api/search responded 200 in 325ms user="barbara" trace=25bb1d68-0001-0002-0304-0506070809a8
2026-10-06 22:27:52.380 +00:00 [INF] HTTP POST /api/customers/{id} responded 200 in 182ms user="alan" trace=569b1e89-0001-0002-0304-0506070809a9
2026-10-06 22:27:54.739 +00:00 [WRN] Slow request /api/orders/{id} took 2206ms (threshold 1000ms) user="grace"
2026-10-06 22:27:55.503 +00:00 [INF] Reconciled inventory batch: warehouse="MEL-02" skus=2560 adjusted=0 notes="Batch includes back-ordered items carried over from the previous cycle; the reconciliation rules treat partially shipped lines as open until the courier confirms delivery, which can take several hours for regional addresses."
2026-10-06 22:27:57.127 +00:00 [INF] HTTP GET /api/search responded 200 in 57ms user="margaret" trace=52f6a47b-0001-0002-0304-0506070809ac
2026-10-06 22:27:58.059 +00:00 [INF] HTTP GET /api/orders/{id} responded 200 in 282ms user="alan" trace=33b2e46a-0001-0002-0304-0506070809ad
2026-10-06 22:27:58.650 +00:00 [INF] HTTP GET /health responded 204 in 488ms user="alan" trace=564e3bbd-0001-0002-0304-0506070809ae
2026-10-06 22:28:00.975 +00:00 [INF] HTTP GET /api/orders/{id} responded 200 in 387ms user="margaret" trace=2f05a538-0001-0002-0304-0506070809af
2026-10-06 22:28:02.472 +00:00 [INF] HTTP PUT /api/customers/{id} responded 200 in 145ms user="alan" trace=46b80a3f-0001-0002-0304-0506070809b0
2026-10-06 22:28:02.770 +00:00 [INF] Reconciled inventory batch: warehouse="MEL-02" skus=796 adjusted=70 notes="Batch includes back-ordered items carried over from the previous cycle; the reconciliation rules treat partially shipped lines as open until the courier confirms delivery, which can take several hours for regional addresses."
2026-10-06 22:28:05.019 +00:00 [WRN] Slow request /api/orders/{id} took 5133ms (threshold 1000ms) user="alan"
2026-10-06 22:28:05.333 +00:00 [INF] HTTP PUT /health responded 404 in 232ms user="alan" trace=78b74762-0001-0002-0304-0506070809b3
2026-10-06 22:28:06.674 +00:00 [INF] HTTP POST /health responded 200 in 92ms user="alan" trace=2eb38ad7-0001-0002-0304-0506070809b4
2026-10-06 22:28:07.289 +00:00 [INF] HTTP PUT /api/customers/{id} responded 204 in 440ms user="edsger" trace=7370fc06-0001-0002-0304-0506070809b5
2026-10-06 22:28:09.257 +00:00 [INF] HTTP PUT /api/payments responded 204 in 163ms user="edsger" trace=0b93f4df-0001-0002-0304-0506070809b6
2026-10-06 22:28:11.289 +00:00 [INF] HTTP GET /api/search responded 404 in 531ms user="barbara" trace=5552b68c-0001-0002-0304-0506070809b7
2026-10-06 22:28:12.883 +00:00 [DBG] Cache lookup key="order:4c63d439-0001-0002-0304-0506070809b8" hit=False elapsed=22ms
2026-10-06 22:28:14.579 +00:00 [INF] HTTP PUT /api/orders/{id} responded 200 in 166ms user="ada" trace=64e16afc-0001-0002-0304-0506070809b9
2026-10-06 22:28:16.120 +00:00 [VRB] Dispatching OrderService.Tick sequence=1461
2026-10-06 22:28:16.500 +00:00 [DBG] Cache lookup key="order:51f03219-0001-0002-0304-0506070809bb" hit=True elapsed=2ms
2026-10-06 22:28:18.194 +00:00 [INF] HTTP GET /api/payments responded 200 in 502ms user="edsger" trace=5ea646c3-0001-0002-0304-0506070809bc
2026-10-06 22:28:20.068 +00:00 [DBG] Cache lookup key="order:074d0b28-0001-0002-0304-0506070809bd" hit=True elapsed=12ms
2026-10-06 22:28:20.723 +00:00 [INF] HTTP PUT /api/orders/{id} responded 404 in 53ms user="edsger" trace=7f11498d-0001-0002-0304-0506070809be
2026-10-06 22:28:22.098 +00:00 [DBG] Cache lookup key="order:217c55bf-0001-0002-0304-0506070809bf" hit=True elapsed=32ms
2026-10-06 22:28:23.756 +00:00 [INF] HTTP PUT /health responded 201 in 20ms user="ada" trace=4b5065d3-0001-0002-0304-0506070809c0
2026-10-06 22:28:23.847 +00:00 [DBG] Cache lookup key="order:57841bbd-0001-0002-0304-0506070809c1" hit=True elapsed=15ms
2026-10-06 22:28:24.816 +00:00 [ERR] Payment failed for order 2ae473d7-0001-0002-0304-0506070809c2 user="ada" amount=410.84 attempt=3
System.Net.Http.HttpRequestException: Response status code does not indicate success: 502 (Bad Gateway).
   at Contoso.Orders.PaymentGateway.ChargeAsync(Order order, CancellationToken token) in C:\src\Orders\PaymentGateway.cs:line 118
   at Contoso.Orders.OrderService.CompleteAsync(Guid orderId) in C:\src\Orders\OrderService.cs:line 64
   at Contoso.Web.Endpoints.OrdersEndpoint.Post(HttpContext context) in C:\src\Web\OrdersEndpoint.cs:line 37
   at Microsoft.AspNetCore.Routing.EndpointMiddleware.Invoke(HttpContext httpContext)
--- End of stack trace from previous location ---
   at Microsoft.AspNetCore.Diagnostics.ExceptionHandlerMiddlewareImpl.Invoke(HttpContext context)
2026-10-06 22:28:26.860 +00:00 [DBG] Cache lookup key="order:4c4f6d1b-0001-0002-0304-0506070809c3" hit=True elapsed=36ms
2026-10-06 22:28:28.745 +00:00 [INF] HTTP POST /api/orders/{id} responded 404 in 323ms user="alan" trace=40002835-0001-0002-0304-0506070809c4
2026-10-06 22:28:29.100 +00:00 [DBG] Cache lookup key="order:05e3362c-0001-0002-0304-0506070809c5" hit=False elapsed=16ms
2026-10-06 22:28:30.464 +00:00 [DBG] Cache lookup key="order:4356b77c-0001-0002-0304-0506070809c6" hit=False elapsed=11ms
2026-10-06 22:28:31.424 +00:00 [INF] HTTP GET /health responded 204 in 50ms user="edsger" trace=44af64f4-0001-0002-0304-0506070809c7
2026-10-06 22:28:33.695 +00:00 [VRB] Dispatching AuthProvider.Tick sequence=1475
2026-10-06 22:28:36.028 +00:00 [INF] HTTP POST /api/orders responded 201 in 297ms user="ada" trace=0ab4d521-0001-0002-0304-0506070809c9
2026-10-06 22:28:38.361 +00:00 [DBG] Cache lookup key="order:6f9a513e-0001-0002-0304-0506070809ca" hit=True elapsed=6ms
2026-10-06 22:28:38.463 +00:00 [DBG] Cache lookup key="order:40f41a6a-0001-0002-0304-0506070809cb" hit=False elapsed=23ms
2026-10-06 22:28:39.457 +00:00 [INF] HTTP POST /health responded 200 in 27ms user="alan" trace=780dda4d-0001-0002-0304-0506070809cc
2026-10-06 22:28:39.729 +00:00 [INF] HTTP PUT /api/orders/{id} responded 200 in 390ms user="margaret" trace=121eca15-0001-0002-0304-0506070809cd
2026-10-06 22:28:40.832 +00:00 [DBG] Cache lookup key="order:7a9f4de6-0001-0002-0304-0506070809ce" hit=True elapsed=31ms
2026-10-06 22:28:41.858 +00:00 [INF] HTTP GET /health responded 201 in 488ms user="barbara" trace=551513b5-0001-0002-0304-0506070809cf
2026-10-06 22:28:42.669 +00:00 [INF] HTTP POST /api/search responded 200 in 105ms user="alan" trace=7214b786-0001-0002-0304-0506070809d0
2026-10-06 22:28:44.288 +00:00 [DBG] Cache lookup key="order:0b920533-0001-0002-0304-0506070809d1" hit=False elapsed=15ms
2026-10-06 22:28:45.383 +00:00 [WRN] Slow request /api/search took 4259ms (threshold 1000ms) user="grace"
2026-10-06 22:28:47.322 +00:00 [INF] HTTP PUT /api/orders responded 201 in 135ms user="grace" trace=0b09bc01-0001-0002-0304-0506070809d3
2026-10-06 22:28:48.481 +00:00 [INF] HTTP GET /api/orders/{id} responded 200 in 540ms user="ada" trace=18751d9a-0001-0002-0304-0506070809d4
2026-10-06 22:28:48.848 +00:00 [INF] HTTP PUT /api/payments responded 200 in 45ms user="edsger" trace=5ef051e3-0001-0002-0304-0506070809d5
2026-10-06 22:28:49.376 +00:00 [INF] HTTP GET /api/payments responded 200 in 231ms user="linus" trace=05b42f0c-0001-0002-0304-0506070809d6
2026-10-06 22:28:51.057 +00:00 [VRB] Dispatching Scheduler.Tick sequence=1490
2026-10-06 22:28:53.226 +00:00 [DBG] Cache lookup key="order:32b2d526-0001-0002-0304-0506070809d8" hit=True elapsed=27ms
2026-10-06 22:28:55.456 +00:00 [WRN] Slow request /api/orders took 2200ms (threshold 1000ms) user="barbara"
2026-10-06 22:28:56.789 +00:00 [INF] HTTP GET /api/customers/{id} responded 201 in 580ms user="linus" trace=1559217a-0001-0002-0304-0506070809da
2026-10-06 22:28:57.192 +00:00 [INF] HTTP GET /api/orders responded 200 in 162ms user="alan" trace=1e49be31-0001-0002-0304-0506070809db
2026-10-06 22:28:58.998 +00:00 [INF] HTTP POST /api/orders/{id} responded 200 in 368ms user="alan" trace=257ff142-0001-0002-0304-0506070809dc
2026-10-06 22:29:00.908 +00:00 [VRB] Dispatching InventorySync.Tick sequence=1496
2026-10-06 22:29:00.930 +00:00 [INF] HTTP PUT /api/payments responded 201 in 54ms user="alan" trace=28467029-0001-0002-0304-0506070809de
2026-10-06 22:29:01.453 +00:00 [INF] HTTP PUT /api/orders responded 200 in 158ms user="margaret" trace=3e166930-0001-0002-0304-0506070809df
2026-10-06 22:29:02.942 +00:00 [VRB] Dispatching Scheduler.Tick sequence=1499
2026-10-06 22:29:03.693 +00:00 [WRN] Slow request /health took 3425ms (threshold 1000ms) user="alan"
2026-10-06 22:29:05.341 +00:00 [INF] HTTP POST /api/payments responded 404 in 97ms user="linus" trace=6cd9e2b5-0001-0002-0304-0506070809e2
2026-10-06 22:29:05.819 +00:00 [INF] HTTP POST /api/orders/{id} responded 204 in 322ms user="alan" trace=0e977d4a-0001-0002-0304-0506070809e3
2026-10-06 22:29:08.189 +00:00 [WRN] Slow request /health took 2847ms (threshold 1000ms) user="margaret"
2026-10-06 22:29:09.038 +00:00 [DBG] Cache lookup key="order:3f410530-0001-0002-0304-0506070809e5" hit=False elapsed=35ms
2026-10-06 22:29:10.709 +00:00 [INF] HTTP GET /health responded 200 in 185ms user="ada" trace=4328bf13-0001-0002-0304-0506070809e6
2026-10-06 22:29:12.738 +00:00 [INF] HTTP POST /api/search responded 200 in 184ms user="grace" trace=48137ed6-0001-0002-0304-0506070809e7
2026-10-06 22:29:14.414 +00:00 [DBG] Cache lookup key="order:738e8d32-0001-0002-0304-0506070809e8" hit=False elapsed=31ms
2026-10-06 22:29:14.585 +00:00 [INF] HTTP POST /api/payments responded 200 in 119ms user="alan" trace=27b8c375-0001-0002-0304-0506070809e9
2026-10-06 22:29:16.675 +00:00 [INF] HTTP POST /api/search responded 201 in 240ms user="alan" trace=428d7232-0001-0002-0304-0506070809ea
2026-10-06 22:29:18.974 +00:00 [INF] HTTP PUT /api/search responded 200 in 149ms user="alan" trace=70029f53-0001-0002-0304-0506070809eb
2026-10-06 22:29:21.238 +00:00 [INF] HTTP POST /api/orders/{id} responded 204 in 73ms user="linus" trace=061d83a6-0001-0002-0304-0506070809ec
2026-10-06 22:29:22.225 +00:00 [INF] HTTP POST /api/search responded 404 in 167ms user="barbara" trace=1e4dae66-0001-0002-0304-0506070809ed
2026-10-06 22:29:24.333 +00:00 [INF] HTTP POST /api/search responded 404 in 154ms user="margaret" trace=261a7614-0001-0002-0304-0506070809ee
2026-10-06 22:29:25.268 +00:00 [DBG] Cache lookup key="order:27c76391-0001-0002-0304-0506070809ef" hit=True elapsed=24ms
2026-10-06 22:29:25.477 +00:00 [INF] HTTP POST /api/orders responded 404 in 229ms user="alan" trace=5e5e1fc8-0001-0002-0304-0506070809f0
2026-10-06 22:29:27.200 +00:00 [DBG] Cache lookup key="order:6437e33e-0001-0002-0304-0506070809f1" hit=False elapsed=22ms
2026-10-06 22:29:27.304 +00:00 [INF] HTTP GET /api/search responded 201 in 27ms user="margaret" trace=0e5a316b-0001-0002-0304-0506070809f2
2026-10-06 22:29:28.629 +00:00 [INF] HTTP POST /api/customers/{id} responded 200 in 109ms user="edsger" trace=7a8acddb-0001-0002-0304-0506070809f3
2026-10-06 22:29:29.673 +00:00 [INF] HTTP PUT /api/orders/{id} responded 204 in 483ms user="ada" trace=66ddb342-0001-0002-0304-0506070809f4
2026-10-06 22:29:30.825 +00:00 [INF] HTTP PUT /api/customers/{id} responded 201 in 527ms user="grace" trace=3fcee76e-0001-0002-0304-0506070809f5
2026-10-06 22:29:32.929 +00:00 [DBG] Cache lookup key="order:5ac66202-0001-0002-0304-0506070809f6" hit=False elapsed=8ms
2026-10-06 22:29:33.474 +00:00 [DBG] Cache lookup key="order:05ad07d6-0001-0002-0304-0506070809f7" hit=False elapsed=17ms
2026-10-06 22:29:33.848 +00:00 [INF] Reconciled inventory batch: warehouse="MEL-02" skus=2910 adjusted=43 notes="Batch includes back-ordered items carried over from the previous cycle; the reconciliation rules treat partially shipped lines as open until the courier confirms delivery, which can take several hours for regional addresses."
2026-10-06 22:29:35.550 +00:00 [INF] HTTP PUT /api/payments responded 200 in 32ms user="edsger" trace=2727d27f-0001-0002-0304-0506070809f9
2026-10-06 22:29:37.071 +00:00 [DBG] Cache lookup key="order:3fc9d4de-0001-0002-0304-0506070809fa" hit=False elapsed=36ms
2026-10-06 22:29:37.140 +00:00 [INF] HTTP PUT /health responded 404 in 153ms user="ada" trace=2d76dce5-0001-0002-0304-0506070809fb
2026-10-06 22:29:38.749 +00:00 [INF] HTTP POST /api/customers/{id} responded 404 in 44ms user="grace" trace=6526b38e-0001-0002-0304-0506070809fc
2026-10-06 22:29:40.138 +00:00 [DBG] Cache lookup key="order:3239dfa6-0001-0002-0304-0506070809fd" hit=True elapsed=25ms
2026-10-06 22:29:40.707 +00:00 [INF] HTTP GET /api/customers/{id} responded 200 in 31ms user="edsger" trace=7d4e0e70-0001-0002-0304-0506070809fe
2026-10-06 22:29:42.759 +00:00 [WRN] Slow request /api/payments took 4715ms (threshold 1000ms) user="alan"
2026-10-06 22:29:43.551 +00:00 [INF] HTTP PUT /api/orders/{id} responded 200 in 501ms user="ada" trace=62a29a39-0001-0002-0304-050607080901
2026-10-06 22:29:43.824 +00:00 [INF] HTTP POST /api/customers/{id} responded 201 in 173ms user="edsger" trace=455b7bc8-0001-0002-0304-050607080902
2026-10-06 22:29:45.554 +00:00 [INF] HTTP POST /health responded 201 in 556ms user="alan" trace=32691cf8-0001-0002-0304-050607080903
2026-10-06 22:29:47.100 +00:00 [DBG] Cache lookup key="order:4f8b230c-0001-0002-0304-050607080904" hit=True elapsed=4ms
2026-10-06 22:29:49.151 +00:00 [VRB] Dispatching Scheduler.Tick sequence=1535
2026-10-06 22:29:50.602 +00:00 [WRN] Slow request /api/payments took 4464ms (threshold 1000ms) user="ada"
2026-10-06 22:29:51.567 +00:00 [INF] HTTP PUT /api/search responded 404 in 271ms user="edsger" trace=2f35e6f3-0001-0002-0304-050607080907
2026-10-06 22:29:52.935 +00:00 [VRB] Dispatching AuthProvider.Tick sequence=1538
2026-10-06 22:29:55.293 +00:00 [INF] HTTP GET /health responded 200 in 357ms user="grace" trace=1337017f-0001-0002-0304-050607080909
2026-10-06 22:29:57.405 +00:00 [ERR] Payment failed for order 2139e5ff-0001-0002-0304-05060708090a user="ada" amount=72.27 attempt=3
System.Net.Http.HttpRequestException: Response status code does not indicate success: 502 (Bad Gateway).
   at Contoso.Orders.PaymentGateway.ChargeAsync(Order order, CancellationToken token) in C:\src\Orders\PaymentGateway.cs:line 118
   at Contoso.Orders.OrderService.CompleteAsync(Guid orderId) in C:\src\Orders\OrderService.cs:line 64
   at Contoso.Web.Endpoints.OrdersEndpoint.Post(HttpContext context) in C:\src\Web\OrdersEndpoint.cs:line 37
   at Microsoft.AspNetCore.Routing.EndpointMiddleware.Invoke(HttpContext httpContext)
--- End of stack trace from previous location ---
   at Microsoft.AspNetCore.Diagnostics.ExceptionHandlerMiddlewareImpl.Invoke(HttpContext context)
2026-10-06 22:29:59.379 +00:00 [INF] HTTP GET /api/search responded 201 in 42ms user="grace" trace=5b45d40a-0001-0002-0304-05060708090b
2026-10-06 22:29:59.506 +00:00 [WRN] Slow request /api/payments took 6800ms (threshold 1000ms) user="barbara"
2026-10-06 22:29:59.922 +00:00 [VRB] Dispatching OrderService.Tick sequence=1543
2026-10-06 22:30:01.068 +00:00 [DBG] Cache lookup key="order:32793475-0001-0002-0304-05060708090e" hit=True elapsed=35ms
2026-10-06 22:30:01.341 +00:00 [INF] HTTP POST /api/orders responded 201 in 417ms user="margaret" trace=42b8c8d0-0001-0002-0304-05060708090f
2026-10-06 22:30:03.261 +00:00 [DBG] Cache lookup key="order:32b12006-0001-0002-0304-050607080910" hit=True elapsed=4ms
2026-10-06 22:30:05.153 +00:00 [ERR] Payment failed for order 62428ab0-0001-0002-0304-050607080911 user="alan" amount=113.62 attempt=3
System.Net.Http.HttpRequestException: Response status code does not indicate success: 502 (Bad Gateway).
   at Contoso.Orders.PaymentGateway.ChargeAsync(Order order, CancellationToken token) in C:\src\Orders\PaymentGateway.cs:line 118
   at Contoso.Orders.OrderService.CompleteAsync(Guid orderId) in C:\src\Orders\OrderService.cs:line 64
   at Contoso.Web.Endpoints.OrdersEndpoint.Post(HttpContext context) in C:\src\Web\OrdersEndpoint.cs:line 37
   at Microsoft.AspNetCore.Routing.EndpointMiddleware.Invoke(HttpContext httpContext)
--- End of stack trace from previous location ---
   at Microsoft.AspNetCore.Diagnostics.ExceptionHandlerMiddlewareImpl.Invoke(HttpContext context)
2026-10-06 22:30:05.752 +00:00 [WRN] Slow request /api/payments took 3844ms (threshold 1000ms) user="ada"
2026-10-06 22:30:06.783 +00:00 [DBG] Cache lookup key="order:7d861fa8-0001-0002-0304-050607080913" hit=True elapsed=24ms
2026-10-06 22:30:07.293 +00:00 [INF] HTTP GET /api/customers/{id} responded 201 in 292ms user="ada" trace=6447bece-0001-0002-0304-050607080914
2026-10-06 22:30:08.373 +00:00 [DBG] Cache lookup key="order:4707ef06-0001-0002-0304-050607080915" hit=True elapsed=39ms
2026-10-06 22:30:08.408 +00:00 [INF] HTTP GET /api/orders/{id} responded 200 in 224ms user="grace" trace=3a7dd33c-0001-0002-0304-050607080916
2026-10-06 22:30:09.927 +00:00 [INF] HTTP GET /api/orders/{id} responded 200 in 544ms user="edsger" trace=33bea8c1-0001-0002-0304-050607080917
2026-10-06 22:30:10.175 +00:00 [INF] HTTP GET /api/orders responded 404 in 5ms user="grace" trace=6d47b393-0001-0002-0304-050607080918
2026-10-06 22:30:12.263 +00:00 [VRB] Dispatching OrderService.Tick sequence=1555
2026-10-06 22:30:12.420 +00:00 [INF] HTTP POST /api/search responded 200 in 559ms user="barbara" trace=5a170807-0001-0002-0304-05060708091a
2026-10-06 22:30:12.751 +00:00 [INF] HTTP PUT /api/orders responded 200 in 60ms user="margaret" trace=2957981f-0001-0002-0304-05060708091b
2026-10-06 22:30:14.541 +00:00 [INF] HTTP POST /health responded 200 in 177ms user="barbara" trace=273a64d3-0001-0002-0304-05060708091c
2026-10-06 22:30:16.614 +00:00 [INF] HTTP GET /api/search responded 201 in 8ms user="grace" trace=3d80c22f-0001-0002-0304-05060708091d
2026-10-06 22:30:18.167 +00:00 [DBG] Cache lookup key="order:3083d388-0001-0002-0304-05060708091e" hit=False elapsed=28ms
2026-10-06 22:30:19.418 +00:00 [INF] HTTP PUT /api/customers/{id} responded 200 in 319ms user="linus" trace=7cbbc589-0001-0002-0304-05060708091f
2026-10-06 22:30:20.247 +00:00 [INF] HTTP GET /api/customers/{id} responded 404 in 196ms user="ada" trace=742c2edd-0001-0002-0304-050607080920
2026-10-06 22:30:21.690 +00:00 [INF] HTTP PUT /api/orders responded 204 in 242ms user="alan" trace=18165475-0001-0002-0304-050607080921
2026-10-06 22:30:23.294 +00:00 [INF] HTTP PUT /api/customers/{id} responded 201 in 399ms user="margaret" trace=5e3e4d4b-0001-0002-0304-050607080922
2026-10-06 22:30:25.432 +00:00 [FTL] Unhandled exception in OrderService; the host is shutting down
System.InvalidOperationException: Sequence contains no elements
   at Contoso.Orders.PaymentGateway.ChargeAsync(Order order, CancellationToken token) in C:\src\Orders\PaymentGateway.cs:line 118
   at Contoso.Orders.OrderService.CompleteAsync(Guid orderId) in C:\src\Orders\OrderService.cs:line 64
   at Contoso.Web.Endpoints.OrdersEndpoint.Post(HttpContext context) in C:\src\Web\OrdersEndpoint.cs:line 37
   at Microsoft.AspNetCore.Routing.EndpointMiddleware.Invoke(HttpContext httpContext)
--- End of stack trace from previous location ---
   at Microsoft.AspNetCore.Diagnostics.ExceptionHandlerMiddlewareImpl.Invoke(HttpContext context)
2026-10-06 22:30:26.796 +00:00 [WRN] Slow request /api/orders/{id} took 4785ms (threshold 1000ms) user="edsger"
2026-10-06 22:30:28.053 +00:00 [INF] HTTP GET /api/orders/{id} responded 200 in 377ms user="linus" trace=3b3bc1fa-0001-0002-0304-050607080925
2026-10-06 22:30:29.465 +00:00 [INF] HTTP PUT /api/search responded 201 in 186ms user="ada" trace=6e1b69cb-0001-0002-0304-050607080926
2026-10-06 22:30:30.466 +00:00 [VRB] Dispatching Scheduler.Tick sequence=1569
2026-10-06 22:30:30.501 +00:00 [VRB] Dispatching AuthProvider.Tick sequence=1570
2026-10-06 22:30:32.524 +00:00 [DBG] Cache lookup key="order:6e7fecfa-0001-0002-0304-050607080929" hit=False elapsed=17ms
2026-10-06 22:30:33.744 +00:00 [DBG] Cache lookup key="order:78d5150e-0001-0002-0304-05060708092a" hit=False elapsed=4ms
2026-10-06 22:30:35.342 +00:00 [DBG] Cache lookup key="order:7e19305a-0001-0002-0304-05060708092b" hit=False elapsed=7ms
2026-10-06 22:30:37.436 +00:00 [DBG] Cache lookup key="order:150024e7-0001-0002-0304-05060708092c" hit=False elapsed=11ms
2026-10-06 22:30:39.120 +00:00 [DBG] Cache lookup key="order:3d3f5b60-0001-0002-0304-05060708092d" hit=True elapsed=20ms
2026-10-06 22:30:39.355 +00:00 [VRB] Dispatching InventorySync.Tick sequence=1576
2026-10-06 22:30:39.373 +00:00 [INF] HTTP POST /api/customers/{id} responded 200 in 581ms user="margaret" trace=195ebaf1-0001-0002-0304-05060708092f
2026-10-06 22:30:41.662 +00:00 [INF] HTTP POST /health responded 200 in 581ms user="linus" trace=5d3cdbfa-0001-0002-0304-050607080930
2026-10-06 22:30:42.134 +00:00 [DBG] Cache lookup key="order:55e19c69-0001-0002-0304-050607080931" hit=True elapsed=9ms
2026-10-06 22:30:43.988 +00:00 [DBG] Cache lookup key="order:35aedd22-0001-0002-0304-050607080932" hit=False elapsed=21ms
2026-10-06 22:30:44.293 +00:00 [INF] HTTP POST /api/payments responded 204 in 236ms user="alan" trace=59f25f0a-0001-0002-0304-050607080933
2026-10-06 22:30:45.064 +00:00 [INF] HTTP POST /api/orders responded 200 in 160ms user="grace" trace=6a83fb08-0001-0002-0304-050607080934
2026-10-06 22:30:45.959 +00:00 [INF] HTTP PUT /api/search responded 201 in 120ms user="barbara" trace=7d466db9-0001-0002-0304-050607080935
2026-10-06 22:30:47.136 +00:00 [INF] HTTP PUT /api/orders responded 201 in 113ms user="alan" trace=66635769-0001-0002-0304-050607080936
2026-10-06 22:30:47.916 +00:00 [WRN] Slow request /api/orders took 6090ms (threshold 1000ms) user="margaret"
2026-10-06 22:30:48.622 +00:00 [INF] HTTP POST /api/search responded 200 in 39ms user="grace" trace=2d90ab9a-0001-0002-0304-050607080938
2026-10-06 22:30:48.786 +00:00 [INF] HTTP PUT /api/search responded 201 in 32ms user="ada" trace=40fc178f-0001-0002-0304-050607080939
2026-10-06 22:30:50.067 +00:00 [INF] HTTP GET /api/search responded 404 in 330ms user="alan" trace=630e81b3-0001-0002-0304-05060708093a
2026-10-06 22:30:51.432 +00:00 [INF] HTTP POST /api/payments responded 201 in 33ms user="alan" trace=0a8f39ca-0001-0002-0304-05060708093b
2026-10-06 22:30:52.007 +00:00 [INF] HTTP PUT /api/search responded 201 in 404ms user="grace" trace=728cedfe-0001-0002-0304-05060708093c
2026-10-06 22:30:52.777 +00:00 [INF] Reconciled inventory batch: warehouse="MEL-02" skus=3029 adjusted=25 notes="Batch includes back-ordered items carried over from the previous cycle; the reconciliation rules treat partially shipped lines as open until the courier confirms delivery, which can take several hours for regional addresses."
2026-10-06 22:30:54.632 +00:00 [INF] Reconciled inventory batch: warehouse="MEL-02" skus=2163 adjusted=20 notes="Batch includes back-ordered items carried over from the previous cycle; the reconciliation rules treat partially shipped lines as open until the courier confirms delivery, which can take several hours for regional addresses."
2026-10-06 22:30:55.019 +00:00 [DBG] Cache lookup key="order:354aff78-0001-0002-0304-05060708093f" hit=True elapsed=24ms
2026-10-06 22:30:56.910 +00:00 [INF] HTTP POST /api/orders responded 201 in 598ms user="linus" trace=65a0ca4e-0001-0002-0304-050607080940
2026-10-06 22:30:57.560 +00:00 [FTL] Unhandled exception in PaymentGateway; the host is shutting down
System.InvalidOperationException: Sequence contains no elements
   at Contoso.Orders.PaymentGateway.ChargeAsync(Order order, CancellationToken token) in C:\src\Orders\PaymentGateway.cs:line 118
   at Contoso.Orders.OrderService.CompleteAsync(Guid orderId) in C:\src\Orders\OrderService.cs:line 64
   at Contoso.Web.Endpoints.OrdersEndpoint.Post(HttpContext context) in C:\src\Web\OrdersEndpoint.cs:line 37
   at Microsoft.AspNetCore.Routing.EndpointMiddleware.Invoke(HttpContext httpContext)
--- End of stack trace from previous location ---
   at Microsoft.AspNetCore.Diagnostics.ExceptionHandlerMiddlewareImpl.Invoke(HttpContext context)
2026-10-06 22:30:59.738 +00:00 [INF] HTTP PUT /api/customers/{id} responded 200 in 479ms user="grace" trace=3a24bbf1-0001-0002-0304-050607080942
2026-10-06 22:31:00.349 +00:00 [INF] HTTP GET /api/orders responded 200 in 534ms user="barbara" trace=61da722e-0001-0002-0304-050607080943
2026-10-06 22:31:02.714 +00:00 [DBG] Cache lookup key="order:12d21983-0001-0002-0304-050607080944" hit=False elapsed=33ms
2026-10-06 22:31:02.722 +00:00 [DBG] Cache lookup key="order:6fdc8a1d-0001-0002-0304-050607080945" hit=True elapsed=11ms
2026-10-06 22:31:04.531 +00:00 [FTL] Unhandled exception in PaymentGateway; the host is shutting down
System.InvalidOperationException: Sequence contains no elements
   at Contoso.Orders.PaymentGateway.ChargeAsync(Order order, CancellationToken token) in C:\src\Orders\PaymentGateway.cs:line 118
   at Contoso.Orders.OrderService.CompleteAsync(Guid orderId) in C:\src\Orders\OrderService.cs:line 64
   at Contoso.Web.Endpoints.OrdersEndpoint.Post(HttpContext context) in C:\src\Web\OrdersEndpoint.cs:line 37
   at Microsoft.AspNetCore.Routing.EndpointMiddleware.Invoke(HttpContext httpContext)
--- End of stack trace from previous location ---
   at Microsoft.AspNetCore.Diagnostics.ExceptionHandlerMiddlewareImpl.Invoke(HttpContext context)
2026-10-06 22:31:04.659 +00:00 [INF] HTTP PUT /api/orders responded 201 in 140ms user="barbara" trace=7156df2e-0001-0002-0304-050607080947
2026-10-06 22:31:06.588 +00:00 [INF] HTTP GET /api/customers/{id} responded 200 in 28ms user="alan" trace=7046ac2e-0001-0002-0304-050607080948
2026-10-06 22:31:06.848 +00:00 [DBG] Cache lookup key="order:604fd689-0001-0002-0304-050607080949" hit=True elapsed=39ms
2026-10-06 22:31:07.019 +00:00 [INF] HTTP PUT /api/orders/{id} responded 200 in 29ms user="alan" trace=76dbc07d-0001-0002-0304-05060708094a
2026-10-06 22:31:07.522 +00:00 [DBG] Cache lookup key="order:359d9b53-0001-0002-0304-05060708094b" hit=False elapsed=16ms
2026-10-06 22:31:08.777 +00:00 [ERR] Payment failed for order 59e59daa-0001-0002-0304-05060708094c user="grace" amount=645.91 attempt=3
System.Net.Http.HttpRequestException: Response status code does not indicate success: 502 (Bad Gateway).
   at Contoso.Orders.PaymentGateway.ChargeAsync(Order order, CancellationToken token) in C:\src\Orders\PaymentGateway.cs:line 118
   at Contoso.Orders.OrderService.CompleteAsync(Guid orderId) in C:\src\Orders\OrderService.cs:line 64
   at Contoso.Web.Endpoints.OrdersEndpoint.Post(HttpContext context) in C:\src\Web\OrdersEndpoint.cs:line 37
   at Microsoft.AspNetCore.Routing.EndpointMiddleware.Invoke(HttpContext httpContext)
--- End of stack trace from previous location ---
   at Microsoft.AspNetCore.Diagnostics.ExceptionHandlerMiddlewareImpl.Invoke(HttpContext context)
2026-10-06 22:31:09.794 +00:00 [DBG] Cache lookup key="order:39cd6b21-0001-0002-0304-05060708094d" hit=False elapsed=22ms
2026-10-06 22:31:10.894 +00:00 [DBG] Cache lookup key="order:61684ce7-0001-0002-0304-05060708094e" hit=False elapsed=7ms
2026-10-06 22:31:12.144 +00:00 [WRN] Slow request /api/search took 7983ms (threshold 1000ms) user="barbara"
2026-10-06 22:31:13.866 +00:00 [INF] HTTP GET /api/orders/{id} responded 201 in 367ms user="alan" trace=6130bf2a-0001-0002-0304-050607080950
2026-10-06 22:31:14.198 +00:00 [WRN] Slow request /api/orders took 1295ms (threshold 1000ms) user="barbara"
2026-10-06 22:31:14.294 +00:00 [INF] HTTP POST /api/payments responded 200 in 216ms user="edsger" trace=621a009a-0001-0002-0304-050607080952
2026-10-06 22:31:16.595 +00:00 [FTL] Unhandled exception in PaymentGateway; the host is shutting down
System.InvalidOperationException: Sequence contains no elements
   at Contoso.Orders.PaymentGateway.ChargeAsync(Order order, CancellationToken token) in C:\src\Orders\PaymentGateway.cs:line 118
   at Contoso.Orders.OrderService.CompleteAsync(Guid orderId) in C:\src\Orders\OrderService.cs:line 64
   at Contoso.Web.Endpoints.OrdersEndpoint.Post(HttpContext context) in C:\src\Web\OrdersEndpoint.cs:line 37
   at Microsoft.AspNetCore.Routing.EndpointMiddleware.Invoke(HttpContext httpContext)
--- End of stack trace from previous location ---
   at Microsoft.AspNetCore.Diagnostics.ExceptionHandlerMiddlewareImpl.Invoke(HttpContext context)
2026-10-06 22:31:17.505 +00:00 [INF] HTTP POST /api/orders/{id} responded 200 in 591ms user="ada" trace=6b67877b-0001-0002-0304-050607080954
2026-10-06 22:31:17.745 +00:00 [INF] HTTP POST /api/search responded 200 in 252ms user="edsger" trace=7d15e2ce-0001-0002-0304-050607080955
2026-10-06 22:31:18.558 +00:00 [INF] HTTP GET /api/customers/{id} responded 200 in 291ms user="barbara" trace=550431ce-0001-0002-0304-050607080956
2026-10-06 22:31:20.444 +00:00 [DBG] Cache lookup key="order:37f87568-0001-0002-0304-050607080957" hit=False elapsed=26ms
2026-10-06 22:31:22.656 +00:00 [VRB] Dispatching AuthProvider.Tick sequence=1618
2026-10-06 22:31:24.366 +00:00 [ERR] Payment failed for order 706754a0-0001-0002-0304-050607080959 user="grace" amount=41.79 attempt=3
System.Net.Http.HttpRequestException: Response status code does not indicate success: 502 (Bad Gateway).
   at Contoso.Orders.PaymentGateway.ChargeAsync(Order order, CancellationToken token) in C:\src\Orders\PaymentGateway.cs:line 118
   at Contoso.Orders.OrderService.CompleteAsync(Guid orderId) in C:\src\Orders\OrderService.cs:line 64
   at Contoso.Web.Endpoints.OrdersEndpoint.Post(HttpContext context) in C:\src\Web\OrdersEndpoint.cs:line 37
   at Microsoft.AspNetCore.Routing.EndpointMiddleware.Invoke(HttpContext httpContext)
--- End of stack trace from previous location ---
   at Microsoft.AspNetCore.Diagnostics.ExceptionHandlerMiddlewareImpl.Invoke(HttpContext context)
2026-10-06 22:31:24.435 +00:00 [INF] HTTP PUT /api/payments responded 200 in 329ms user="alan" trace=747ac7dd-0001-0002-0304-05060708095a
2026-10-06 22:31:26.688 +00:00 [INF] HTTP PUT /api/orders/{id} responded 200 in 174ms user="linus" trace=6d14fe07-0001-0002-0304-05060708095b
2026-10-06 22:31:28.236 +00:00 [WRN] Slow request /api/search took 6078ms (threshold 1000ms) user="linus"
2026-10-06 22:31:29.296 +00:00 [ERR] Payment failed for order 0c9d22d1-0001-0002-0304-05060708095d user="linus" amount=48.24 attempt=3
System.Net.Http.HttpRequestException: Response status code does not indicate success: 502 (Bad Gateway).
   at Contoso.Orders.PaymentGateway.ChargeAsync(Order order, CancellationToken token) in C:\src\Orders\PaymentGateway.cs:line 118
   at Contoso.Orders.OrderService.CompleteAsync(Guid orderId) in C:\src\Orders\OrderService.cs:line 64
   at Contoso.Web.Endpoints.OrdersEndpoint.Post(HttpContext context) in C:\src\Web\OrdersEndpoint.cs:line 37
   at Microsoft.AspNetCore.Routing.EndpointMiddleware.Invoke(HttpContext httpContext)
--- End of stack trace from previous location ---
   at Microsoft.AspNetCore.Diagnostics.ExceptionHandlerMiddlewareImpl.Invoke(HttpContext context)
2026-10-06 22:31:29.716 +00:00 [INF] Reconciled inventory batch: warehouse="MEL-02" skus=2089 adjusted=70 notes="Batch includes back-ordered items carried over from the previous cycle; the reconciliation rules treat partially shipped lines as open until the courier confirms delivery, which can take several hours for regional addresses."
2026-10-06 22:31:32.051 +00:00 [DBG] Cache lookup key="order:49466373-0001-0002-0304-05060708095f" hit=True elapsed=6ms
2026-10-06 22:31:32.229 +00:00 [INF] HTTP POST /api/orders responded 201 in 97ms user="linus" trace=04a41837-0001-0002-0304-050607080960
2026-10-06 22:31:33.922 +00:00 [INF] Reconciled inventory batch: warehouse="MEL-02" skus=2127 adjusted=33 notes="Batch includes back-ordered items carried over from the previous cycle; the reconciliation rules treat partially shipped lines as open until the courier confirms delivery, which can take several hours for regional addresses."
2026-10-06 22:31:36.079 +00:00 [INF] Reconciled inventory batch: warehouse="MEL-02" skus=2472 adjusted=55 notes="Batch includes back-ordered items carried over from the previous cycle; the reconciliation rules treat partially shipped lines as open until the courier confirms delivery, which can take several hours for regional addresses."
2026-10-06 22:31:36.332 +00:00 [DBG] Cache lookup key="order:43eadb20-0001-0002-0304-050607080963" hit=True elapsed=22ms
2026-10-06 22:31:37.156 +00:00 [INF] HTTP POST /api/orders responded 200 in 134ms user="grace" trace=077587d9-0001-0002-0304-050607080964
2026-10-06 22:31:38.471 +00:00 [INF] HTTP POST /api/orders responded 204 in 531ms user="grace" trace=33c9ee95-0001-0002-0304-050607080965
2026-10-06 22:31:39.582 +00:00 [INF] HTTP GET /api/search responded 200 in 344ms user="ada" trace=6a396c5e-0001-0002-0304-050607080966
2026-10-06 22:31:41.241 +00:00 [INF] HTTP GET /api/customers/{id} responded 404 in 534ms user="alan" trace=2729a1b9-0001-0002-0304-050607080967
2026-10-06 22:31:42.377 +00:00 [ERR] Payment failed for order 19434b97-0001-0002-0304-050607080968 user="grace" amount=798.67 attempt=3
System.Net.Http.HttpRequestException: Response status code does not indicate success: 502 (Bad Gateway).
   at Contoso.Orders.PaymentGateway.ChargeAsync(Order order, CancellationToken token) in C:\src\Orders\PaymentGateway.cs:line 118
   at Contoso.Orders.OrderService.CompleteAsync(Guid orderId) in C:\src\Orders\OrderService.cs:line 64
   at Contoso.Web.Endpoints.OrdersEndpoint.Post(HttpContext context) in C:\src\Web\OrdersEndpoint.cs:line 37
   at Microsoft.AspNetCore.Routing.EndpointMiddleware.Invoke(HttpContext httpContext)
--- End of stack trace from previous location ---
   at Microsoft.AspNetCore.Diagnostics.ExceptionHandlerMiddlewareImpl.Invoke(HttpContext context)
2026-10-06 22:31:44.277 +00:00 [DBG] Cache lookup key="order:263e0a8b-0001-0002-0304-050607080969" hit=True elapsed=36ms
2026-10-06 22:31:44.753 +00:00 [WRN] Slow request /health took 2898ms (threshold 1000ms) user="barbara"
2026-10-06 22:31:46.541 +00:00 [INF] HTTP GET /api/search responded 200 in 421ms user="barbara" trace=5df76468-0001-0002-0304-05060708096b
2026-10-06 22:31:47.426 +00:00 [INF] HTTP GET /api/payments responded 204 in 190ms user="ada" trace=60188e8e-0001-0002-0304-05060708096c
2026-10-06 22:31:49.663 +00:00 [INF] HTTP PUT /api/search responded 204 in 451ms user="edsger" trace=671f9f63-0001-0002-0304-05060708096d
2026-10-06 22:31:51.247 +00:00 [INF] HTTP POST /api/orders/{id} responded 201 in 91ms user="grace" trace=09e260b9-0001-0002-0304-05060708096e
2026-10-06 22:31:52.732 +00:00 [INF] HTTP POST /health responded 204 in 552ms user="ada" trace=722b8a1c-0001-0002-0304-05060708096f
2026-10-06 22:31:53.420 +00:00 [DBG] Cache lookup key="order:70546dd0-0001-0002-0304-050607080970" hit=False elapsed=17ms
2026-10-06 22:31:53.691 +00:00 [DBG] Cache lookup key="order:71015257-0001-0002-0304-050607080971" hit=False elapsed=2ms
2026-10-06 22:31:54.152 +00:00 [INF] HTTP PUT /api/orders responded 204 in 151ms user="grace" trace=76fa615a-0001-0002-0304-050607080972
2026-10-06 22:31:54.208 +00:00 [INF] HTTP PUT /api/orders responded 404 in 224ms user="linus" trace=62b28e7f-0001-0002-0304-050607080973
2026-10-06 22:31:55.554 +00:00 [INF] HTTP POST /api/customers/{id} responded 204 in 489ms user="alan" trace=18dac41f-0001-0002-0304-050607080974
2026-10-06 22:31:56.842 +00:00 [WRN] Slow request /api/search took 1503ms (threshold 1000ms) user="barbara"
2026-10-06 22:31:58.382 +00:00 [INF] HTTP PUT /api/customers/{id} responded 204 in 117ms user="barbara" trace=1a57ec77-0001-0002-0304-050607080976
2026-10-06 22:31:58.921 +00:00 [INF] HTTP PUT /api/search responded 200 in 306ms user="edsger" trace=4431108c-0001-0002-0304-050607080977
2026-10-06 22:31:59.429 +00:00 [DBG] Cache lookup key="order:5ebd39bb-0001-0002-0304-050607080978" hit=True elapsed=34ms
2026-10-06 22:32:01.761 +00:00 [INF] HTTP POST /api/payments responded 200 in 355ms user="linus" trace=3e18047e-0001-0002-0304-050607080979
2026-10-06 22:32:02.175 +00:00 [INF] HTTP GET /api/payments responded 404 in 278ms user="linus" trace=7dc973a3-0001-0002-0304-05060708097a
2026-10-06 22:32:02.184 +00:00 [VRB] Dispatching PaymentGateway.Tick sequence=1653
2026-10-06 22:32:02.774 +00:00 [INF] HTTP GET /api/orders responded 404 in 521ms user="ada" trace=675efb27-0001-0002-0304-05060708097c
2026-10-06 22:32:03.593 +00:00 [INF] HTTP PUT /api/payments responded 201 in 489ms user="grace" trace=34c29771-0001-0002-0304-05060708097d
2026-10-06 22:32:04.730 +00:00 [VRB] Dispatching Scheduler.Tick sequence=1656
2026-10-06 22:32:05.922 +00:00 [INF] HTTP GET /api/orders/{id} responded 200 in 449ms user="grace" trace=7526944c-0001-0002-0304-05060708097f
2026-10-06 22:32:06.462 +00:00 [INF] HTTP POST /api/payments responded 204 in 166ms user="alan" trace=210eedf2-0001-0002-0304-050607080980
2026-10-06 22:32:08.089 +00:00 [DBG] Cache lookup key="order:2ee73fed-0001-0002-0304-050607080981" hit=True elapsed=33ms
2026-10-06 22:32:10.208 +00:00 [DBG] Cache lookup key="order:34384fcb-0001-0002-0304-050607080982" hit=False elapsed=34ms
2026-10-06 22:32:11.761 +00:00 [INF] HTTP POST /health responded 204 in 422ms user="ada" trace=4a117bd3-0001-0002-0304-050607080983
2026-10-06 22:32:14.040 +00:00 [INF] HTTP PUT /api/orders responded 200 in 39ms user="margaret" trace=76aa79ac-0001-0002-0304-050607080984
2026-10-06 22:32:14.469 +00:00 [DBG] Cache lookup key="order:657182a3-0001-0002-0304-050607080985" hit=False elapsed=22ms
2026-10-06 22:32:16.378 +00:00 [WRN] Slow request /api/search took 6386ms (threshold 1000ms) user="margaret"
2026-10-06 22:32:18.646 +00:00 [INF] HTTP PUT /api/orders responded 200 in 417ms user="linus" trace=6ca7e904-0001-0002-0304-050607080987
2026-10-06 22:32:20.734 +00:00 [VRB] Dispatching AuthProvider.Tick sequence=1666
2026-10-06 22:32:22.498 +00:00 [DBG] Cache lookup key="order:3d512990-0001-0002-0304-050607080989" hit=True elapsed=20ms
2026-10-06 22:32:23.942 +00:00 [INF] HTTP POST /api/customers/{id} responded 200 in 505ms user="margaret" trace=0587c693-0001-0002-0304-05060708098a
2026-10-06 22:32:24.197 +00:00 [INF] HTTP GET /api/orders responded 204 in 455ms user="alan" trace=6abcf68c-0001-0002-0304-05060708098b
2026-10-06 22:32:24.207 +00:00 [INF] HTTP POST /api/payments responded 200 in 117ms user="alan" trace=1b5c2685-0001-0002-0304-05060708098c
2026-10-06 22:32:26.101 +00:00 [INF] HTTP GET /api/orders responded 200 in 363ms user="barbara" trace=6827c8e3-0001-0002-0304-05060708098d
2026-10-06 22:32:26.637 +00:00 [INF] HTTP GET /api/search responded 404 in 438ms user="linus" trace=79adb2ac-0001-0002-0304-05060708098e
2026-10-06 22:32:27.102 +00:00 [INF] HTTP PUT /api/customers/{id} responded 201 in 577ms user="alan" trace=7afa69f1-0001-0002-0304-05060708098f
2026-10-06 22:32:29.250 +00:00 [INF] HTTP POST /api/search responded 200 in 351ms user="linus" trace=1e67f3bb-0001-0002-0304-050607080990
2026-10-06 22:32:29.955 +00:00 [INF] HTTP POST /api/customers/{id} responded 204 in 532ms user="grace" trace=79a4a4c8-0001-0002-0304-050607080991
2026-10-06 22:32:31.693 +00:00 [DBG] Cache lookup key="order:1beeb6d8-0001-0002-0304-050607080992" hit=True elapsed=6ms
2026-10-06 22:32:33.216 +00:00 [WRN] Slow request /api/orders took 1944ms (threshold 1000ms) user="edsger"
2026-10-06 22:32:33.268 +00:00 [INF] HTTP PUT /api/search responded 201 in 192ms user="grace" trace=1e074d2f-0001-0002-0304-050607080994
2026-10-06 22:32:35.420 +00:00 [INF] HTTP PUT /api/customers/{id} responded 204 in 296ms user="ada" trace=74e2c540-0001-0002-0304-050607080995
2026-10-06 22:32:36.981 +00:00 [INF] HTTP PUT /api/orders/{id} responded 200 in 359ms user="ada" trace=3e19419e-0001-0002-0304-050607080996
2026-10-06 22:32:39.243 +00:00 [DBG] Cache lookup key="order:61856132-0001-0002-0304-050607080997" hit=False elapsed=9ms
2026-10-06 22:32:40.728 +00:00 [DBG] Cache lookup key="order:6e1a7e20-0001-0002-0304-050607080998" hit=True elapsed=33ms
2026-10-06 22:32:41.622 +00:00 [ERR] Payment failed for order 06c28651-0001-0002-0304-050607080999 user="ada" amount=711.30 attempt=3
System.Net.Http.HttpRequestException: Response status code does not indicate success: 502 (Bad Gateway).
   at Contoso.Orders.PaymentGateway.ChargeAsync(Order order, CancellationToken token) in C:\src\Orders\PaymentGateway.cs:line 118
   at Contoso.Orders.OrderService.CompleteAsync(Guid orderId) in C:\src\Orders\OrderService.cs:line 64
   at Contoso.Web.Endpoints.OrdersEndpoint.Post(HttpContext context) in C:\src\Web\OrdersEndpoint.cs:line 37
   at Microsoft.AspNetCore.Routing.EndpointMiddleware.Invoke(HttpContext httpContext)
--- End of stack trace from previous location ---
   at Microsoft.AspNetCore.Diagnostics.ExceptionHandlerMiddlewareImpl.Invoke(HttpContext context)
2026-10-06 22:32:43.996 +00:00 [INF] HTTP GET /api/payments responded 204 in 87ms user="grace" trace=596c9f4a-0001-0002-0304-05060708099a
2026-10-06 22:32:45.074 +00:00 [INF] HTTP GET /api/orders/{id} responded 404 in 398ms user="ada" trace=44a2fef5-0001-0002-0304-05060708099b
2026-10-06 22:32:45.778 +00:00 [INF] HTTP PUT /api/orders responded 204 in 485ms user="ada" trace=1411b38e-0001-0002-0304-05060708099c
2026-10-06 22:32:47.281 +00:00 [WRN] Slow request /api/orders took 6116ms (threshold 1000ms) user="grace"
2026-10-06 22:32:49.549 +00:00 [WRN] Slow request /api/orders took 3425ms (threshold 1000ms) user="edsger"
2026-10-06 22:32:50.392 +00:00 [DBG] Cache lookup key="order:57fb9d5f-0001-0002-0304-05060708099f" hit=False elapsed=8ms
2026-10-06 22:32:52.253 +00:00 [INF] HTTP PUT /api/customers/{id} responded 201 in 425ms user="grace" trace=602b8d36-0001-0002-0304-0506070809a0
2026-10-06 22:32:54.000 +00:00 [INF] HTTP GET /health responded 200 in 264ms user="alan" trace=50dddc03-0001-0002-0304-0506070809a1
2026-10-06 22:32:54.179 +00:00 [DBG] Cache lookup key="order:53066389-0001-0002-0304-0506070809a2" hit=False elapsed=32ms
2026-10-06 22:32:55.852 +00:00 [FTL] Unhandled exception in Scheduler; the host is shutting down
System.InvalidOperationException: Sequence contains no elements
   at Contoso.Orders.PaymentGateway.ChargeAsync(Order order, CancellationToken token) in C:\src\Orders\PaymentGateway.cs:line 118
   at Contoso.Orders.OrderService.CompleteAsync(Guid orderId) in C:\src\Orders\OrderService.cs:line 64
   at Contoso.Web.Endpoints.OrdersEndpoint.Post(HttpContext context) in C:\src\Web\OrdersEndpoint.cs:line 37
   at Microsoft.AspNetCore.Routing.EndpointMiddleware.Invoke(HttpContext httpContext)
--- End of stack trace from previous location ---
   at Microsoft.AspNetCore.Diagnostics.ExceptionHandlerMiddlewareImpl.Invoke(HttpContext context)
2026-10-06 22:32:58.105 +00:00 [DBG] Cache lookup key="order:414a4d2a-0001-0002-0304-0506070809a4" hit=False elapsed=34ms
2026-10-06 22:32:59.959 +00:00 [INF] HTTP PUT /api/customers/{id} responded 200 in 133ms user="grace" trace=51feca97-0001-0002-0304-0506070809a5
2026-10-06 22:33:00.952 +00:00 [INF] HTTP GET /health responded 200 in 294ms user="barbara" trace=0e086270-0001-0002-0304-0506070809a6
2026-10-06 22:33:03.143 +00:00 [DBG] Cache lookup key="order:09e6153c-0001-0002-0304-0506070809a7" hit=True elapsed=8ms
2026-10-06 22:33:05.441 +00:00 [DBG] Cache lookup key="order:74b2404d-0001-0002-0304-0506070809a8" hit=False elapsed=34ms
2026-10-06 22:33:07.047 +00:00 [VRB] Dispatching InventorySync.Tick sequence=1699
2026-10-06 22:33:08.876 +00:00 [INF] HTTP PUT /health responded 200 in 64ms user="linus" trace=4f3e1a44-0001-0002-0304-0506070809aa
2026-10-06 22:33:09.909 +00:00 [INF] HTTP PUT /api/orders responded 204 in 588ms user="alan" trace=1925468a-0001-0002-0304-0506070809ab
2026-10-06 22:33:10.993 +00:00 [INF] Reconciled inventory batch: warehouse="MEL-02" skus=1375 adjusted=18 notes="Batch includes back-ordered items carried over from the previous cycle; the reconciliation rules treat partially shipped lines as open until the courier confirms delivery, which can take several hours for regional addresses."
2026-10-06 22:33:12.415 +00:00 [INF] HTTP PUT /api/customers/{id} responded 200 in 331ms user="alan" trace=41bba337-0001-0002-0304-0506070809ad
2026-10-06 22:33:12.461 +00:00 [DBG] Cache lookup key="order:46cef90d-0001-0002-0304-0506070809ae" hit=False elapsed=37ms
2026-10-06 22:33:13.395 +00:00 [INF] HTTP GET /api/orders/{id} responded 404 in 344ms user="ada" trace=7c7334e9-0001-0002-0304-0506070809af
2026-10-06 22:33:13.501 +00:00 [WRN] Slow request /api/orders took 8137ms (threshold 1000ms) user="grace"
2026-10-06 22:33:14.027 +00:00 [INF] HTTP GET /api/search responded 201 in 288ms user="margaret" trace=2d6305c5-0001-0002-0304-0506070809b1
2026-10-06 22:33:15.758 +00:00 [DBG] Cache lookup key="order:3c1a6913-0001-0002-0304-0506070809b2" hit=False elapsed=35ms
2026-10-06 22:33:17.178 +00:00 [INF] HTTP POST /api/customers/{id} responded 200 in 350ms user="edsger" trace=306ce9df-0001-0002-0304-0506070809b3
2026-10-06 22:33:17.863 +00:00 [INF] HTTP GET /api/search responded 200 in 489ms user="linus" trace=2d12a602-0001-0002-0304-0506070809b4
2026-10-06 22:33:18.629 +00:00 [INF] HTTP GET /api/payments responded 200 in 128ms user="grace" trace=5fd8c37e-0001-0002-0304-0506070809b5
2026-10-06 22:33:19.409 +00:00 [INF] HTTP GET /health responded 204 in 444ms user="ada" trace=748a6de1-0001-0002-0304-0506070809b6
2026-10-06 22:33:20.637 +00:00 [DBG] Cache lookup key="order:2ce49f24-0001-0002-0304-0506070809b7" hit=False elapsed=32ms
2026-10-06 22:33:22.234 +00:00 [INF] HTTP PUT /api/search responded 404 in 526ms user="linus" trace=5166fec5-0001-0002-0304-0506070809b8
2026-10-06 22:33:23.452 +00:00 [INF] HTTP PUT /api/orders/{id} responded 200 in 430ms user="edsger" trace=73f0c262-0001-0002-0304-0506070809b9
2026-10-06 22:33:24.765 +00:00 [INF] HTTP GET /api/orders responded 204 in 410ms user="grace" trace=35e117dc-0001-0002-0304-0506070809ba
2026-10-06 22:33:25.808 +00:00 [INF] HTTP PUT /api/orders responded 204 in 329ms user="grace" trace=50baca31-0001-0002-0304-0506070809bb
2026-10-06 22:33:26.682 +00:00 [INF] HTTP POST /api/orders/{id} responded 204 in 314ms user="grace" trace=16021e19-0001-0002-0304-0506070809bc
2026-10-06 22:33:27.229 +00:00 [INF] HTTP GET /api/search responded 200 in 197ms user="grace" trace=16f75533-0001-0002-0304-0506070809bd
2026-10-06 22:33:28.232 +00:00 [INF] HTTP GET /health responded 200 in 579ms user="margaret" trace=34bed074-0001-0002-0304-0506070809be
2026-10-06 22:33:30.382 +00:00 [INF] HTTP PUT /api/orders responded 200 in 488ms user="grace" trace=213f9103-0001-0002-0304-0506070809bf
2026-10-06 22:33:32.382 +00:00 [ERR] Payment failed for order 3b742f06-0001-0002-0304-0506070809c0 user="barbara" amount=232.23 attempt=3
System.Net.Http.HttpRequestException: Response status code does not indicate success: 502 (Bad Gateway).
   at Contoso.Orders.PaymentGateway.ChargeAsync(Order order, CancellationToken token) in C:\src\Orders\PaymentGateway.cs:line 118
   at Contoso.Orders.OrderService.CompleteAsync(Guid orderId) in C:\src\Orders\OrderService.cs:line 64
   at Contoso.Web.Endpoints.OrdersEndpoint.Post(HttpContext context) in C:\src\Web\OrdersEndpoint.cs:line 37
   at Microsoft.AspNetCore.Routing.EndpointMiddleware.Invoke(HttpContext httpContext)
--- End of stack trace from previous location ---
   at Microsoft.AspNetCore.Diagnostics.ExceptionHandlerMiddlewareImpl.Invoke(HttpContext context)
2026-10-06 22:33:33.018 +00:00 [INF] HTTP GET /api/payments responded 201 in 539ms user="grace" trace=5fda9751-0001-0002-0304-0506070809c1
2026-10-06 22:33:33.863 +00:00 [DBG] Cache lookup key="order:6be1bf2a-0001-0002-0304-0506070809c2" hit=False elapsed=2ms
2026-10-06 22:33:36.048 +00:00 [INF] HTTP PUT /api/orders/{id} responded 200 in 502ms user="barbara" trace=2a81a5b8-0001-0002-0304-0506070809c3
2026-10-06 22:33:37.237 +00:00 [WRN] Slow request /api/payments took 4738ms (threshold 1000ms) user="margaret"
2026-10-06 22:33:38.071 +00:00 [DBG] Cache lookup key="order:3394f346-0001-0002-0304-0506070809c5" hit=False elapsed=11ms
2026-10-06 22:33:39.350 +00:00 [INF] HTTP PUT /api/customers/{id} responded 200 in 598ms user="grace" trace=2a4d3042-0001-0002-0304-0506070809c6
2026-10-06 22:33:39.988 +00:00 [ERR] Payment failed for order 7179cd3a-0001-0002-0304-0506070809c7 user="edsger" amount=133.98 attempt=3
System.Net.Http.HttpRequestException: Response status code does not indicate success: 502 (Bad Gateway).
   at Contoso.Orders.PaymentGateway.ChargeAsync(Order order, CancellationToken token) in C:\src\Orders\PaymentGateway.cs:line 118
   at Contoso.Orders.OrderService.CompleteAsync(Guid orderId) in C:\src\Orders\OrderService.cs:line 64
   at Contoso.Web.Endpoints.OrdersEndpoint.Post(HttpContext context) in C:\src\Web\OrdersEndpoint.cs:line 37
   at Microsoft.AspNetCore.Routing.EndpointMiddleware.Invoke(HttpContext httpContext)
--- End of stack trace from previous location ---
   at Microsoft.AspNetCore.Diagnostics.ExceptionHandlerMiddlewareImpl.Invoke(HttpContext context)
2026-10-06 22:33:42.154 +00:00 [DBG] Cache lookup key="order:1af60ba3-0001-0002-0304-0506070809c8" hit=True elapsed=3ms
2026-10-06 22:33:44.255 +00:00 [INF] Reconciled inventory batch: warehouse="MEL-02" skus=3827 adjusted=25 notes="Batch includes back-ordered items carried over from the previous cycle; the reconciliation rules treat partially shipped lines as open until the courier confirms delivery, which can take several hours for regional addresses."
2026-10-06 22:33:44.731 +00:00 [INF] HTTP POST /health responded 200 in 569ms user="barbara" trace=06a8f7fc-0001-0002-0304-0506070809ca
2026-10-06 22:33:45.966 +00:00 [INF] HTTP POST /api/customers/{id} responded 201 in 169ms user="barbara" trace=119759c6-0001-0002-0304-0506070809cb
2026-10-06 22:33:47.340 +00:00 [INF] HTTP PUT /api/customers/{id} responded 200 in 86ms user="linus" trace=740ce69d-0001-0002-0304-0506070809cc
2026-10-06 22:33:49.104 +00:00 [INF] HTTP POST /api/customers/{id} responded 200 in 568ms user="edsger" trace=029bd521-0001-0002-0304-0506070809cd
2026-10-06 22:33:50.006 +00:00 [INF] HTTP POST /api/customers/{id} responded 200 in 298ms user="alan" trace=472f46a8-0001-0002-0304-0506070809ce
2026-10-06 22:33:50.297 +00:00 [DBG] Cache lookup key="order:769691a8-0001-0002-0304-0506070809cf" hit=True elapsed=17ms
2026-10-06 22:33:52.015 +00:00 [DBG] Cache lookup key="order:4c4356f7-0001-0002-0304-0506070809d0" hit=True elapsed=34ms
2026-10-06 22:33:54.010 +00:00 [FTL] Unhandled exception in InventorySync; the host is shutting down
System.InvalidOperationException: Sequence contains no elements
   at Contoso.Orders.PaymentGateway.ChargeAsync(Order order, CancellationToken token) in C:\src\Orders\PaymentGateway.cs:line 118
   at Contoso.Orders.OrderService.CompleteAsync(Guid orderId) in C:\src\Orders\OrderService.cs:line 64
   at Contoso.Web.Endpoints.OrdersEndpoint.Post(HttpContext context) in C:\src\Web\OrdersEndpoint.cs:line 37
   at Microsoft.AspNetCore.Routing.EndpointMiddleware.Invoke(HttpContext httpContext)
--- End of stack trace from previous location ---
   at Microsoft.AspNetCore.Diagnostics.ExceptionHandlerMiddlewareImpl.Invoke(HttpContext context)
2026-10-06 22:33:55.004 +00:00 [DBG] Cache lookup key="order:409008ba-0001-0002-0304-0506070809d2" hit=True elapsed=22ms
2026-10-06 22:33:55.988 +00:00 [VRB] Dispatching AuthProvider.Tick sequence=1741
2026-10-06 22:33:57.488 +00:00 [WRN] Slow request /api/search took 8067ms (threshold 1000ms) user="margaret"
2026-10-06 22:33:59.377 +00:00 [INF] HTTP POST /health responded 200 in 321ms user="alan" trace=4ff371fb-0001-0002-0304-0506070809d5
2026-10-06 22:34:00.877 +00:00 [INF] HTTP GET /api/search responded 200 in 111ms user="grace" trace=5a90ce84-0001-0002-0304-0506070809d6
2026-10-06 22:34:01.190 +00:00 [ERR] Payment failed for order 424cdef3-0001-0002-0304-0506070809d7 user="alan" amount=891.43 attempt=3
System.Net.Http.HttpRequestException: Response status code does not indicate success: 502 (Bad Gateway).
   at Contoso.Orders.PaymentGateway.ChargeAsync(Order order, CancellationToken token) in C:\src\Orders\PaymentGateway.cs:line 118
   at Contoso.Orders.OrderService.CompleteAsync(Guid orderId) in C:\src\Orders\OrderService.cs:line 64
   at Contoso.Web.Endpoints.OrdersEndpoint.Post(HttpContext context) in C:\src\Web\OrdersEndpoint.cs:line 37
   at Microsoft.AspNetCore.Routing.EndpointMiddleware.Invoke(HttpContext httpContext)
--- End of stack trace from previous location ---
   at Microsoft.AspNetCore.Diagnostics.ExceptionHandlerMiddlewareImpl.Invoke(HttpContext context)
2026-10-06 22:34:02.708 +00:00 [WRN] Slow request /api/customers/{id} took 6940ms (threshold 1000ms) user="barbara"
2026-10-06 22:34:03.956 +00:00 [DBG] Cache lookup key="order:3f6d4437-0001-0002-0304-0506070809d9" hit=True elapsed=38ms
2026-10-06 22:34:04.588 +00:00 [FTL] Unhandled exception in OrderService; the host is shutting down
System.InvalidOperationException: Sequence contains no elements
   at Contoso.Orders.PaymentGateway.ChargeAsync(Order order, CancellationToken token) in C:\src\Orders\PaymentGateway.cs:line 118
   at Contoso.Orders.OrderService.CompleteAsync(Guid orderId) in C:\src\Orders\OrderService.cs:line 64
   at Contoso.Web.Endpoints.OrdersEndpoint.Post(HttpContext context) in C:\src\Web\OrdersEndpoint.cs:line 37
   at Microsoft.AspNetCore.Routing.EndpointMiddleware.Invoke(HttpContext httpContext)
--- End of stack trace from previous location ---
   at Microsoft.AspNetCore.Diagnostics.ExceptionHandlerMiddlewareImpl.Invoke(HttpContext context)
2026-10-06 22:34:04.616 +00:00 [DBG] Cache lookup key="order:0f9e55ce-0001-0002-0304-0506070809db" hit=True elapsed=7ms
2026-10-06 22:34:06.271 +00:00 [INF] Reconciled inventory batch: warehouse="MEL-02" skus=1824 adjusted=77 notes="Batch includes back-ordered items carried over from the previous cycle; the reconciliation rules treat partially shipped lines as open until the courier confirms delivery, which can take several hours for regional addresses."
2026-10-06 22:34:08.203 +00:00 [INF] HTTP POST /api/search responded 404 in 59ms user="barbara" trace=71e659b0-0001-0002-0304-0506070809dd
2026-10-06 22:34:08.678 +00:00 [INF] HTTP GET /health responded 200 in 479ms user="ada" trace=01b9308c-0001-0002-0304-0506070809de
2026-10-06 22:34:09.081 +00:00 [WRN] Slow request /api/orders/{id} took 1382ms (threshold 1000ms) user="alan"
2026-10-06 22:34:11.205 +00:00 [DBG] Cache lookup key="order:20285e1a-0001-0002-0304-0506070809e0" hit=True elapsed=36ms
2026-10-06 22:34:13.222 +00:00 [INF] HTTP GET /api/search responded 200 in 21ms user="grace" trace=57e29a42-0001-0002-0304-0506070809e1
2026-10-06 22:34:14.338 +00:00 [WRN] Slow request /api/search took 6720ms (threshold 1000ms) user="margaret"
2026-10-06 22:34:16.285 +00:00 [VRB] Dispatching Scheduler.Tick sequence=1757
2026-10-06 22:34:18.038 +00:00 [INF] Reconciled inventory batch: warehouse="MEL-02" skus=1555 adjusted=12 notes="Batch includes back-ordered items carried over from the previous cycle; the reconciliation rules treat partially shipped lines as open until the courier confirms delivery, which can take several hours for regional addresses."
2026-10-06 22:34:18.262 +00:00 [INF] HTTP GET /api/orders responded 404 in 29ms user="margaret" trace=4a38b75c-0001-0002-0304-0506070809e5
2026-10-06 22:34:20.584 +00:00 [DBG] Cache lookup key="order:353f035b-0001-0002-0304-0506070809e6" hit=False elapsed=37ms
2026-10-06 22:34:20.623 +00:00 [WRN] Slow request /api/orders took 2878ms (threshold 1000ms) user="margaret"
2026-10-06 22:34:22.440 +00:00 [VRB] Dispatching InventorySync.Tick sequence=1762
2026-10-06 22:34:22.682 +00:00 [WRN] Slow request /api/customers/{id} took 8608ms (threshold 1000ms) user="barbara"
2026-10-06 22:34:24.027 +00:00 [INF] HTTP PUT /api/payments responded 200 in 187ms user="barbara" trace=7e21e2c2-0001-0002-0304-0506070809ea
2026-10-06 22:34:24.486 +00:00 [INF] HTTP POST /api/search responded 200 in 504ms user="ada" trace=7e75fd05-0001-0002-0304-0506070809eb
2026-10-06 22:34:24.543 +00:00 [INF] HTTP POST /api/orders responded 200 in 244ms user="edsger" trace=573c905e-0001-0002-0304-0506070809ec
2026-10-06 22:34:26.218 +00:00 [ERR] Payment failed for order 07e26c2c-0001-0002-0304-0506070809ed user="barbara" amount=59.82 attempt=3
System.Net.Http.HttpRequestException: Response status code does not indicate success: 502 (Bad Gateway).
   at Contoso.Orders.PaymentGateway.ChargeAsync(Order order, CancellationToken token) in C:\src\Orders\PaymentGateway.cs:line 118
   at Contoso.Orders.OrderService.CompleteAsync(Guid orderId) in C:\src\Orders\OrderService.cs:line 64
   at Contoso.Web.Endpoints.OrdersEndpoint.Post(HttpContext context) in C:\src\Web\OrdersEndpoint.cs:line 37
   at Microsoft.AspNetCore.Routing.EndpointMiddleware.Invoke(HttpContext httpContext)
--- End of stack trace from previous location ---
   at Microsoft.AspNetCore.Diagnostics.ExceptionHandlerMiddlewareImpl.Invoke(HttpContext context)
2026-10-06 22:34:27.902 +00:00 [INF] HTTP PUT /health responded 201 in 570ms user="barbara" trace=26ff58e5-0001-0002-0304-0506070809ee
2026-10-06 22:34:28.733 +00:00 [INF] HTTP PUT /health responded 201 in 245ms user="grace" trace=03534aa1-0001-0002-0304-0506070809ef
2026-10-06 22:34:29.133 +00:00 [INF] HTTP GET /api/payments responded 204 in 493ms user="barbara" trace=21424db8-0001-0002-0304-0506070809f0
2026-10-06 22:34:30.081 +00:00 [INF] Reconciled inventory batch: warehouse="MEL-02" skus=1223 adjusted=51 notes="Batch includes back-ordered items carried over from the previous cycle; the reconciliation rules treat partially shipped lines as open until the courier confirms delivery, which can take several hours for regional addresses."
2026-10-06 22:34:31.534 +00:00 [VRB] Dispatching AuthProvider.Tick sequence=1772
2026-10-06 22:34:31.971 +00:00 [INF] HTTP POST /api/orders responded 200 in 260ms user="grace" trace=4a5d3699-0001-0002-0304-0506070809f3
2026-10-06 22:34:33.764 +00:00 [INF] Reconciled inventory batch: warehouse="MEL-02" skus=2551 adjusted=58 notes="Batch includes back-ordered items carried over from the previous cycle; the reconciliation rules treat partially shipped lines as open until the courier confirms delivery, which can take several hours for regional addresses."
2026-10-06 22:34:34.465 +00:00 [INF] HTTP PUT /api/orders responded 204 in 253ms user="margaret" trace=3f3ab516-0001-0002-0304-0506070809f5
2026-10-06 22:34:36.007 +00:00 [INF] HTTP PUT /health responded 201 in 181ms user="linus" trace=6ecedfe1-0001-0002-0304-0506070809f6
2026-10-06 22:34:38.127 +00:00 [INF] HTTP POST /api/orders responded 404 in 131ms user="barbara" trace=45b541cf-0001-0002-0304-0506070809f7
2026-10-06 22:34:38.560 +00:00 [DBG] Cache lookup key="order:20984f09-0001-0002-0304-0506070809f8" hit=True elapsed=17ms
2026-10-06 22:34:40.634 +00:00 [DBG] Cache lookup key="order:314cb898-0001-0002-0304-0506070809f9" hit=True elapsed=31ms
2026-10-06 22:34:42.632 +00:00 [INF] HTTP PUT /api/search responded 204 in 144ms user="barbara" trace=4def4568-0001-0002-0304-0506070809fa
2026-10-06 22:34:43.043 +00:00 [INF] HTTP PUT /api/customers/{id} responded 200 in 454ms user="linus" trace=3445b82b-0001-0002-0304-0506070809fb
2026-10-06 22:34:44.687 +00:00 [WRN] Slow request /api/search took 5547ms (threshold 1000ms) user="grace"
2026-10-06 22:34:45.446 +00:00 [INF] HTTP PUT /api/orders responded 200 in 127ms user="margaret" trace=616c181a-0001-0002-0304-0506070809fd
2026-10-06 22:34:47.362 +00:00 [DBG] Cache lookup key="order:771d3b7b-0001-0002-0304-0506070809fe" hit=False elapsed=39ms
2026-10-06 22:34:48.126 +00:00 [INF] HTTP GET /api/orders responded 204 in 394ms user="edsger" trace=5d370561-0001-0002-0304-050607080900
2026-10-06 22:34:50.384 +00:00 [INF] HTTP PUT /api/customers/{id} responded 200 in 590ms user="barbara" trace=257ef088-0001-0002-0304-050607080901
2026-10-06 22:34:50.724 +00:00 [INF] HTTP POST /health responded 404 in 127ms user="alan" trace=232e2387-0001-0002-0304-050607080902
2026-10-06 22:34:50.924 +00:00 [INF] HTTP PUT /health responded 404 in 477ms user="grace" trace=7b10fbfe-0001-0002-0304-050607080903
2026-10-06 22:34:53.274 +00:00 [INF] HTTP POST /api/payments responded 201 in 44ms user="barbara" trace=6101c248-0001-0002-0304-050607080904
2026-10-06 22:34:54.504 +00:00 [INF] HTTP GET /api/payments responded 200 in 563ms user="edsger" trace=1f363728-0001-0002-0304-050607080905
2026-10-06 22:34:56.160 +00:00 [INF] HTTP GET /api/payments responded 200 in 247ms user="grace" trace=09d07a55-0001-0002-0304-050607080906
2026-10-06 22:34:56.455 +00:00 [VRB] Dispatching InventorySync.Tick sequence=1792
2026-10-06 22:34:56.661 +00:00 [INF] HTTP PUT /api/payments responded 200 in 401ms user="alan" trace=6887cef8-0001-0002-0304-050607080908
2026-10-06 22:34:58.487 +00:00 [INF] HTTP PUT /api/search responded 204 in 181ms user="edsger" trace=173ec3c2-0001-0002-0304-050607080909
2026-10-06 22:34:59.837 +00:00 [INF] HTTP GET /api/search responded 200 in 482ms user="edsger" trace=27cb85d6-0001-0002-0304-05060708090a
2026-10-06 22:35:01.437 +00:00 [INF] HTTP GET /api/orders responded 201 in 522ms user="margaret" trace=10b39b55-0001-0002-0304-05060708090b
2026-10-06 22:35:01.583 +00:00 [INF] HTTP POST /api/payments responded 200 in 46ms user="linus" trace=5d42fbff-0001-0002-0304-05060708090c
2026-10-06 22:35:03.965 +00:00 [DBG] Cache lookup key="order:2b7e918e-0001-0002-0304-05060708090d" hit=True elapsed=35ms
2026-10-06 22:35:04.317 +00:00 [INF] Reconciled inventory batch: warehouse="MEL-02" skus=2282 adjusted=31 notes="Batch includes back-ordered items carried over from the previous cycle; the reconciliation rules treat partially shipped lines as open until the courier confirms delivery, which can take several hours for regional addresses."
2026-10-06 22:35:06.601 +00:00 [ERR] Payment failed for order 67ffe2d1-0001-0002-0304-05060708090f user="linus" amount=28.23 attempt=3
System.Net.Http.HttpRequestException: Response status code does not indicate success: 502 (Bad Gateway).
   at Contoso.Orders.PaymentGateway.ChargeAsync(Order order, CancellationToken token) in C:\src\Orders\PaymentGateway.cs:line 118
   at Contoso.Orders.OrderService.CompleteAsync(Guid orderId) in C:\src\Orders\OrderService.cs:line 64
   at Contoso.Web.Endpoints.OrdersEndpoint.Post(HttpContext context) in C:\src\Web\OrdersEndpoint.cs:line 37
   at Microsoft.AspNetCore.Routing.EndpointMiddleware.Invoke(HttpContext httpContext)
--- End of stack trace from previous location ---
   at Microsoft.AspNetCore.Diagnostics.ExceptionHandlerMiddlewareImpl.Invoke(HttpContext context)
2026-10-06 22:35:06.966 +00:00 [INF] HTTP POST /api/payments responded 200 in 452ms user="barbara" trace=1bfa33a9-0001-0002-0304-050607080910
2026-10-06 22:35:07.264 +00:00 [VRB] Dispatching Scheduler.Tick sequence=1802
2026-10-06 22:35:07.591 +00:00 [INF] HTTP PUT /api/customers/{id} responded 200 in 149ms user="edsger" trace=28b6f020-0001-0002-0304-050607080912
2026-10-06 22:35:09.442 +00:00 [INF] HTTP PUT /health responded 200 in 551ms user="linus" trace=5262f38d-0001-0002-0304-050607080913
2026-10-06 22:35:09.499 +00:00 [DBG] Cache lookup key="order:5a9cce4a-0001-0002-0304-050607080914" hit=False elapsed=11ms
2026-10-06 22:35:10.831 +00:00 [INF] HTTP PUT /health responded 200 in 464ms user="margaret" trace=50e9a508-0001-0002-0304-050607080915
2026-10-06 22:35:12.673 +00:00 [WRN] Slow request /api/payments took 8321ms (threshold 1000ms) user="linus"
2026-10-06 22:35:13.468 +00:00 [INF] HTTP POST /api/payments responded 404 in 180ms user="linus" trace=3c1e62f6-0001-0002-0304-050607080917
2026-10-06 22:35:13.880 +00:00 [INF] HTTP POST /api/orders responded 404 in 142ms user="margaret" trace=060151e6-0001-0002-0304-050607080918
2026-10-06 22:35:15.612 +00:00 [INF] HTTP PUT /api/customers/{id} responded 200 in 210ms user="grace" trace=6dd08e9c-0001-0002-0304-050607080919
2026-10-06 22:35:16.905 +00:00 [INF] HTTP PUT /api/payments responded 200 in 273ms user="barbara" trace=7fc95288-0001-0002-0304-05060708091a
2026-10-06 22:35:18.472 +00:00 [INF] HTTP PUT /api/orders/{id} responded 200 in 355ms user="edsger" trace=26c482fb-0001-0002-0304-05060708091b
2026-10-06 22:35:20.625 +00:00 [DBG] Cache lookup key="order:198321f1-0001-0002-0304-05060708091c" hit=True elapsed=30ms
2026-10-06 22:35:21.635 +00:00 [INF] HTTP POST /api/orders/{id} responded 204 in 341ms user="edsger" trace=444c4e64-0001-0002-0304-05060708091d
2026-10-06 22:35:24.007 +00:00 [DBG] Cache lookup key="order:0100802a-0001-0002-0304-05060708091e" hit=True elapsed=35ms
2026-10-06 22:35:25.136 +00:00 [VRB] Dispatching PaymentGateway.Tick sequence=1816
2026-10-06 22:35:25.785 +00:00 [VRB] Dispatching Scheduler.Tick sequence=1817
2026-10-06 22:35:26.857 +00:00 [INF] HTTP PUT /health responded 204 in 208ms user="grace" trace=47700e18-0001-0002-0304-050607080921
2026-10-06 22:35:27.910 +00:00 [INF] HTTP GET /api/search responded 200 in 324ms user="grace" trace=3be62096-0001-0002-0304-050607080922
2026-10-06 22:35:28.239 +00:00 [WRN] Slow request /api/orders took 7286ms (threshold 1000ms) user="margaret"
2026-10-06 22:35:28.754 +00:00 [VRB] Dispatching AuthProvider.Tick sequence=1821
2026-10-06 22:35:29.882 +00:00 [INF] HTTP PUT /api/search responded 204 in 55ms user="edsger" trace=2e81c739-0001-0002-0304-050607080925
2026-10-06 22:35:31.793 +00:00 [INF] HTTP GET /health responded 201 in 343ms user="margaret" trace=4d973554-0001-0002-0304-050607080926
2026-10-06 22:35:32.162 +00:00 [INF] HTTP GET /health responded 200 in 82ms user="ada" trace=07102298-0001-0002-0304-050607080927
2026-10-06 22:35:32.908 +00:00 [INF] HTTP POST /api/search responded 200 in 264ms user="alan" trace=55c029c5-0001-0002-0304-050607080928
2026-10-06 22:35:33.978 +00:00 [INF] HTTP PUT /api/payments responded 200 in 446ms user="grace" trace=2f82625d-0001-0002-0304-050607080929
2026-10-06 22:35:35.063 +00:00 [DBG] Cache lookup key="order:7a38bea8-0001-0002-0304-05060708092a" hit=False elapsed=19ms
2026-10-06 22:35:36.328 +00:00 [INF] HTTP GET /api/orders responded 201 in 278ms user="linus" trace=1ae95672-0001-0002-0304-05060708092b
2026-10-06 22:35:38.171 +00:00 [INF] HTTP GET /health responded 204 in 125ms user="linus" trace=40f15c14-0001-0002-0304-05060708092c
2026-10-06 22:35:39.188 +00:00 [INF] HTTP GET /api/orders/{id} responded 200 in 277ms user="margaret" trace=2918064c-0001-0002-0304-05060708092d
2026-10-06 22:35:41.045 +00:00 [INF] HTTP POST /api/search responded 204 in 440ms user="grace" trace=2122a9a6-0001-0002-0304-05060708092e
2026-10-06 22:35:42.863 +00:00 [INF] HTTP POST /api/orders/{id} responded 200 in 136ms user="linus" trace=10c5e34d-0001-0002-0304-05060708092f
2026-10-06 22:35:43.632 +00:00 [INF] HTTP GET /api/payments responded 200 in 424ms user="ada" trace=638cdd34-0001-0002-0304-050607080930
2026-10-06 22:35:45.862 +00:00 [DBG] Cache lookup key="order:54bb4f63-0001-0002-0304-050607080931" hit=False elapsed=3ms
2026-10-06 22:35:46.628 +00:00 [ERR] Payment failed for order 6b29d00e-0001-0002-0304-050607080932 user="barbara" amount=398.38 attempt=3
System.Net.Http.HttpRequestException: Response status code does not indicate success: 502 (Bad Gateway).
   at Contoso.Orders.PaymentGateway.ChargeAsync(Order order, CancellationToken token) in C:\src\Orders\PaymentGateway.cs:line 118
   at Contoso.Orders.OrderService.CompleteAsync(Guid orderId) in C:\src\Orders\OrderService.cs:line 64
   at Contoso.Web.Endpoints.OrdersEndpoint.Post(HttpContext context) in C:\src\Web\OrdersEndpoint.cs:line 37
   at Microsoft.AspNetCore.Routing.EndpointMiddleware.Invoke(HttpContext httpContext)
--- End of stack trace from previous location ---
   at Microsoft.AspNetCore.Diagnostics.ExceptionHandlerMiddlewareImpl.Invoke(HttpContext context)
2026-10-06 22:35:47.508 +00:00 [INF] HTTP POST /health responded 201 in 136ms user="margaret" trace=79f91c52-0001-0002-0304-050607080933
2026-10-06 22:35:48.451 +00:00 [INF] HTTP GET /api/orders responded 201 in 108ms user="margaret" trace=7be0e243-0001-0002-0304-050607080934
2026-10-06 22:35:49.493 +00:00 [INF] HTTP POST /api/orders/{id} responded 201 in 216ms user="linus" trace=3df887e4-0001-0002-0304-050607080935
2026-10-06 22:35:51.844 +00:00 [DBG] Cache lookup key="order:59d12ec8-0001-0002-0304-050607080936" hit=True elapsed=14ms
2026-10-06 22:35:53.460 +00:00 [INF] HTTP PUT /api/orders responded 200 in 67ms user="ada" trace=7ceeccd0-0001-0002-0304-050607080937
2026-10-06 22:35:54.050 +00:00 [INF] HTTP GET /api/payments responded 200 in 520ms user="barbara" trace=11d5030a-0001-0002-0304-050607080938
2026-10-06 22:35:55.325 +00:00 [INF] HTTP POST /api/payments responded 404 in 571ms user="ada" trace=1200fcb4-0001-0002-0304-050607080939
2026-10-06 22:35:57.611 +00:00 [INF] HTTP PUT /api/orders responded 200 in 31ms user="barbara" trace=3fe42106-0001-0002-0304-05060708093a
2026-10-06 22:35:59.317 +00:00 [FTL] Unhandled exception in AuthProvider; the host is shutting down
System.InvalidOperationException: Sequence contains no elements
   at Contoso.Orders.PaymentGateway.ChargeAsync(Order order, CancellationToken token) in C:\src\Orders\PaymentGateway.cs:line 118
   at Contoso.Orders.OrderService.CompleteAsync(Guid orderId) in C:\src\Orders\OrderService.cs:line 64
   at Contoso.Web.Endpoints.OrdersEndpoint.Post(HttpContext context) in C:\src\Web\OrdersEndpoint.cs:line 37
   at Microsoft.AspNetCore.Routing.EndpointMiddleware.Invoke(HttpContext httpContext)
--- End of stack trace from previous location ---
   at Microsoft.AspNetCore.Diagnostics.ExceptionHandlerMiddlewareImpl.Invoke(HttpContext context)
2026-10-06 22:35:59.694 +00:00 [INF] HTTP GET /api/search responded 200 in 567ms user="barbara" trace=065c5863-0001-0002-0304-05060708093c
2026-10-06 22:36:00.258 +00:00 [DBG] Cache lookup key="order:78b58cf9-0001-0002-0304-05060708093d" hit=False elapsed=29ms
2026-10-06 22:36:02.147 +00:00 [INF] HTTP PUT /api/orders responded 200 in 16ms user="linus" trace=5f1850a1-0001-0002-0304-05060708093e
2026-10-06 22:36:02.275 +00:00 [INF] HTTP PUT /api/payments responded 200 in 258ms user="edsger" trace=1130a8fb-0001-0002-0304-05060708093f
2026-10-06 22:36:02.915 +00:00 [DBG] Cache lookup key="order:75693437-0001-0002-0304-050607080940" hit=False elapsed=3ms
2026-10-06 22:36:04.144 +00:00 [WRN] Slow request /api/customers/{id} took 1259ms (threshold 1000ms) user="grace"
2026-10-06 22:36:05.871 +00:00 [INF] HTTP PUT /api/orders/{id} responded 201 in 242ms user="barbara" trace=472e940c-0001-0002-0304-050607080942
2026-10-06 22:36:06.686 +00:00 [DBG] Cache lookup key="order:1c84238b-0001-0002-0304-050607080943" hit=True elapsed=6ms
2026-10-06 22:36:08.120 +00:00 [INF] HTTP GET /api/payments responded 200 in 483ms user="linus" trace=1880387e-0001-0002-0304-050607080944
2026-10-06 22:36:10.470 +00:00 [INF] HTTP POST /api/orders responded 204 in 170ms user="margaret" trace=190c4479-0001-0002-0304-050607080945
2026-10-06 22:36:11.597 +00:00 [DBG] Cache lookup key="order:0765bb9a-0001-0002-0304-050607080946" hit=False elapsed=20ms
2026-10-06 22:36:12.756 +00:00 [WRN] Slow request /api/orders/{id} took 1904ms (threshold 1000ms) user="grace"
2026-10-06 22:36:12.977 +00:00 [INF] HTTP GET /api/payments responded 200 in 539ms user="alan" trace=72adf373-0001-0002-0304-050607080948
2026-10-06 22:36:14.585 +00:00 [WRN] Slow request /api/customers/{id} took 8330ms (threshold 1000ms) user="grace"
2026-10-06 22:36:15.985 +00:00 [INF] HTTP GET /api/orders/{id} responded 201 in 37ms user="margaret" trace=550af30d-0001-0002-0304-05060708094a
2026-10-06 22:36:17.995 +00:00 [WRN] Slow request /health took 2033ms (threshold 1000ms) user="margaret"
2026-10-06 22:36:18.313 +00:00 [VRB] Dispatching OrderService.Tick sequence=1861
2026-10-06 22:36:19.189 +00:00 [INF] HTTP PUT /api/orders responded 200 in 146ms user="ada" trace=6dda7dac-0001-0002-0304-05060708094d
2026-10-06 22:36:19.765 +00:00 [INF] HTTP GET /api/payments responded 201 in 544ms user="linus" trace=6eb90dfa-0001-0002-0304-05060708094e
2026-10-06 22:36:21.879 +00:00 [VRB] Dispatching Scheduler.Tick sequence=1864
2026-10-06 22:36:23.863 +00:00 [ERR] Payment failed for order 7148c4a2-0001-0002-0304-050607080950 user="ada" amount=122.28 attempt=3
System.Net.Http.HttpRequestException: Response status code does not indicate success: 502 (Bad Gateway).
   at Contoso.Orders.PaymentGateway.ChargeAsync(Order order, CancellationToken token) in C:\src\Orders\PaymentGateway.cs:line 118
   at Contoso.Orders.OrderService.CompleteAsync(Guid orderId) in C:\src\Orders\OrderService.cs:line 64
   at Contoso.Web.Endpoints.OrdersEndpoint.Post(HttpContext context) in C:\src\Web\OrdersEndpoint.cs:line 37
   at Microsoft.AspNetCore.Routing.EndpointMiddleware.Invoke(HttpContext httpContext)
--- End of stack trace from previous location ---
   at Microsoft.AspNetCore.Diagnostics.ExceptionHandlerMiddlewareImpl.Invoke(HttpContext context)
2026-10-06 22:36:24.861 +00:00 [VRB] Dispatching OrderService.Tick sequence=1866
2026-10-06 22:36:25.761 +00:00 [WRN] Slow request /api/customers/{id} took 6995ms (threshold 1000ms) user="grace"
2026-10-06 22:36:27.690 +00:00 [INF] HTTP GET /api/payments responded 200 in 144ms user="ada" trace=2722bb88-0001-0002-0304-050607080953
2026-10-06 22:36:29.083 +00:00 [DBG] Cache lookup key="order:198c5f80-0001-0002-0304-050607080954" hit=False elapsed=1ms
2026-10-06 22:36:29.824 +00:00 [INF] HTTP PUT /api/search responded 404 in 482ms user="barbara" trace=44cc372c-0001-0002-0304-050607080955
2026-10-06 22:36:32.118 +00:00 [INF] HTTP GET /api/payments responded 200 in 38ms user="alan" trace=3c50bde2-0001-0002-0304-050607080956
2026-10-06 22:36:32.877 +00:00 [DBG] Cache lookup key="order:11a52096-0001-0002-0304-050607080957" hit=True elapsed=5ms
2026-10-06 22:36:33.227 +00:00 [VRB] Dispatching Scheduler.Tick sequence=1873
2026-10-06 22:36:34.782 +00:00 [INF] HTTP GET /api/orders/{id} responded 201 in 515ms user="alan" trace=7d14b784-0001-0002-0304-050607080959
2026-10-06 22:36:36.448 +00:00 [INF] HTTP POST /api/orders responded 204 in 328ms user="edsger" trace=42424f01-0001-0002-0304-05060708095a
2026-10-06 22:36:37.384 +00:00 [INF] HTTP GET /api/customers/{id} responded 204 in 7ms user="barbara" trace=13c40f63-0001-0002-0304-05060708095b
2026-10-06 22:36:37.980 +00:00 [INF] HTTP GET /api/orders responded 201 in 442ms user="ada" trace=3c6933e4-0001-0002-0304-05060708095c
2026-10-06 22:36:38.212 +00:00 [DBG] Cache lookup key="order:20c73dee-0001-0002-0304-05060708095d" hit=False elapsed=28ms
2026-10-06 22:36:39.899 +00:00 [INF] HTTP PUT /api/customers/{id} responded 200 in 404ms user="alan" trace=2e519e06-0001-0002-0304-05060708095e
2026-10-06 22:36:41.533 +00:00 [VRB] Dispatching Scheduler.Tick sequence=1880
2026-10-06 22:36:43.788 +00:00 [DBG] Cache lookup key="order:381d4556-0001-0002-0304-050607080960" hit=True elapsed=2ms
2026-10-06 22:36:45.895 +00:00 [INF] HTTP PUT /api/orders responded 201 in 360ms user="linus" trace=33e257f9-0001-0002-0304-050607080961
2026-10-06 22:36:48.093 +00:00 [INF] Reconciled inventory batch: warehouse="MEL-02" skus=3005 adjusted=37 notes="Batch includes back-ordered items carried over from the previous cycle; the reconciliation rules treat partially shipped lines as open until the courier confirms delivery, which can take several hours for regional addresses."
2026-10-06 22:36:49.705 +00:00 [INF] HTTP PUT /api/orders responded 404 in 207ms user="edsger" trace=16517d34-0001-0002-0304-050607080963
2026-10-06 22:36:51.085 +00:00 [DBG] Cache lookup key="order:77cf4ec4-0001-0002-0304-050607080964" hit=True elapsed=31ms
2026-10-06 22:36:51.423 +00:00 [INF] HTTP POST /api/orders/{id} responded 200 in 592ms user="edsger" trace=6516796e-0001-0002-0304-050607080965
2026-10-06 22:36:52.358 +00:00 [INF] HTTP POST /health responded 204 in 152ms user="ada" trace=59fab3cc-0001-0002-0304-050607080966
2026-10-06 22:36:52.947 +00:00 [INF] HTTP GET /api/customers/{id} responded 200 in 157ms user="margaret" trace=0b293763-0001-0002-0304-050607080967
2026-10-06 22:36:54.313 +00:00 [INF] HTTP GET /api/customers/{id} responded 200 in 542ms user="alan" trace=44711712-0001-0002-0304-050607080968
2026-10-06 22:36:54.369 +00:00 [VRB] Dispatching Scheduler.Tick sequence=1890
2026-10-06 22:36:55.922 +00:00 [ERR] Payment failed for order 24136e92-0001-0002-0304-05060708096a user="barbara" amount=618.40 attempt=3
System.Net.Http.HttpRequestException: Response status code does not indicate success: 502 (Bad Gateway).
   at Contoso.Orders.PaymentGateway.ChargeAsync(Order order, CancellationToken token) in C:\src\Orders\PaymentGateway.cs:line 118
   at Contoso.Orders.OrderService.CompleteAsync(Guid orderId) in C:\src\Orders\OrderService.cs:line 64
   at Contoso.Web.Endpoints.OrdersEndpoint.Post(HttpContext context) in C:\src\Web\OrdersEndpoint.cs:line 37
   at Microsoft.AspNetCore.Routing.EndpointMiddleware.Invoke(HttpContext httpContext)
--- End of stack trace from previous location ---
   at Microsoft.AspNetCore.Diagnostics.ExceptionHandlerMiddlewareImpl.Invoke(HttpContext context)
2026-10-06 22:36:56.050 +00:00 [ERR] Payment failed for order 278ddc44-0001-0002-0304-05060708096b user="grace" amount=324.63 attempt=3
System.Net.Http.HttpRequestException: Response status code does not indicate success: 502 (Bad Gateway).
   at Contoso.Orders.PaymentGateway.ChargeAsync(Order order, CancellationToken token) in C:\src\Orders\PaymentGateway.cs:line 118
   at Contoso.Orders.OrderService.CompleteAsync(Guid orderId) in C:\src\Orders\OrderService.cs:line 64
   at Contoso.Web.Endpoints.OrdersEndpoint.Post(HttpContext context) in C:\src\Web\OrdersEndpoint.cs:line 37
   at Microsoft.AspNetCore.Routing.EndpointMiddleware.Invoke(HttpContext httpContext)
--- End of stack trace from previous location ---
   at Microsoft.AspNetCore.Diagnostics.ExceptionHandlerMiddlewareImpl.Invoke(HttpContext context)
2026-10-06 22:36:56.831 +00:00 [INF] HTTP POST /api/search responded 204 in 505ms user="margaret" trace=128fa703-0001-0002-0304-05060708096c
2026-10-06 22:36:57.803 +00:00 [DBG] Cache lookup key="order:2b87dc35-0001-0002-0304-05060708096d" hit=True elapsed=33ms
2026-10-06 22:36:58.405 +00:00 [INF] HTTP GET /api/orders/{id} responded 200 in 295ms user="grace" trace=57372cfd-0001-0002-0304-05060708096e
2026-10-06 22:36:59.840 +00:00 [INF] HTTP POST /api/customers/{id} responded 404 in 137ms user="grace" trace=6715c8d0-0001-0002-0304-05060708096f
2026-10-06 22:37:00.807 +00:00 [INF] HTTP PUT /api/search responded 200 in 455ms user="barbara" trace=783089a2-0001-0002-0304-050607080970
2026-10-06 22:37:01.941 +00:00 [INF] HTTP POST /api/customers/{id} responded 200 in 107ms user="barbara" trace=4b0b2914-0001-0002-0304-050607080971
2026-10-06 22:37:03.439 +00:00 [INF] HTTP PUT /api/orders responded 200 in 20ms user="ada" trace=150ced2f-0001-0002-0304-050607080972
2026-10-06 22:37:04.103 +00:00 [INF] HTTP PUT /api/orders/{id} responded 204 in 43ms user="linus" trace=7549f836-0001-0002-0304-050607080973
2026-10-06 22:37:04.695 +00:00 [DBG] Cache lookup key="order:6a013c99-0001-0002-0304-050607080974" hit=True elapsed=29ms
2026-10-06 22:37:04.700 +00:00 [FTL] Unhandled exception in PaymentGateway; the host is shutting down
System.InvalidOperationException: Sequence contains no elements
   at Contoso.Orders.PaymentGateway.ChargeAsync(Order order, CancellationToken token) in C:\src\Orders\PaymentGateway.cs:line 118
   at Contoso.Orders.OrderService.CompleteAsync(Guid orderId) in C:\src\Orders\OrderService.cs:line 64
   at Contoso.Web.Endpoints.OrdersEndpoint.Post(HttpContext context) in C:\src\Web\OrdersEndpoint.cs:line 37
   at Microsoft.AspNetCore.Routing.EndpointMiddleware.Invoke(HttpContext httpContext)
--- End of stack trace from previous location ---
   at Microsoft.AspNetCore.Diagnostics.ExceptionHandlerMiddlewareImpl.Invoke(HttpContext context)
2026-10-06 22:37:06.097 +00:00 [INF] HTTP GET /api/orders responded 200 in 111ms user="margaret" trace=10f6c5fe-0001-0002-0304-050607080976
2026-10-06 22:37:07.418 +00:00 [INF] HTTP PUT /api/customers/{id} responded 201 in 399ms user="barbara" trace=36d4a4dc-0001-0002-0304-050607080977
2026-10-06 22:37:09.811 +00:00 [INF] HTTP PUT /api/payments responded 200 in 206ms user="alan" trace=71c701f1-0001-0002-0304-050607080978
2026-10-06 22:37:10.241 +00:00 [INF] HTTP PUT /api/orders responded 404 in 73ms user="margaret" trace=2f8b7867-0001-0002-0304-050607080979
2026-10-06 22:37:11.005 +00:00 [DBG] Cache lookup key="order:1db060a9-0001-0002-0304-05060708097a" hit=True elapsed=28ms
2026-10-06 22:37:11.396 +00:00 [INF] HTTP PUT /health responded 200 in 451ms user="margaret" trace=480e0f1c-0001-0002-0304-05060708097b
2026-10-06 22:37:13.563 +00:00 [DBG] Cache lookup key="order:07230e53-0001-0002-0304-05060708097c" hit=False elapsed=7ms
2026-10-06 22:37:13.859 +00:00 [INF] HTTP POST /api/search responded 200 in 340ms user="barbara" trace=191efba6-0001-0002-0304-05060708097d
2026-10-06 22:37:15.387 +00:00 [INF] HTTP PUT /api/orders responded 200 in 385ms user="grace" trace=596dcba2-0001-0002-0304-05060708097e
2026-10-06 22:37:15.707 +00:00 [DBG] Cache lookup key="order:25bf8443-0001-0002-0304-05060708097f" hit=True elapsed=15ms
2026-10-06 22:37:15.998 +00:00 [DBG] Cache lookup key="order:14dee2c1-0001-0002-0304-050607080980" hit=True elapsed=17ms
2026-10-06 22:37:17.688 +00:00 [INF] HTTP PUT /api/search responded 404 in 437ms user="ada" trace=6c98f62a-0001-0002-0304-050607080981
2026-10-06 22:37:19.590 +00:00 [DBG] Cache lookup key="order:12fcaa42-0001-0002-0304-050607080982" hit=True elapsed=24ms
2026-10-06 22:37:21.808 +00:00 [FTL] Unhandled exception in InventorySync; the host is shutting down
System.InvalidOperationException: Sequence contains no elements
   at Contoso.Orders.PaymentGateway.ChargeAsync(Order order, CancellationToken token) in C:\src\Orders\PaymentGateway.cs:line 118
   at Contoso.Orders.OrderService.CompleteAsync(Guid orderId) in C:\src\Orders\OrderService.cs:line 64
   at Contoso.Web.Endpoints.OrdersEndpoint.Post(HttpContext context) in C:\src\Web\OrdersEndpoint.cs:line 37
   at Microsoft.AspNetCore.Routing.EndpointMiddleware.Invoke(HttpContext httpContext)
--- End of stack trace from previous location ---
   at Microsoft.AspNetCore.Diagnostics.ExceptionHandlerMiddlewareImpl.Invoke(HttpContext context)
2026-10-06 22:37:23.012 +00:00 [INF] HTTP GET /health responded 404 in 272ms user="grace" trace=0cbe61b3-0001-0002-0304-050607080984
2026-10-06 22:37:24.830 +00:00 [INF] HTTP GET /api/customers/{id} responded 404 in 517ms user="linus" trace=474b2206-0001-0002-0304-050607080985
2026-10-06 22:37:25.188 +00:00 [INF] HTTP PUT /api/payments responded 200 in 509ms user="barbara" trace=6ce75e08-0001-0002-0304-050607080986
2026-10-06 22:37:27.259 +00:00 [VRB] Dispatching OrderService.Tick sequence=1920
2026-10-06 22:37:28.317 +00:00 [WRN] Slow request /api/customers/{id} took 1405ms (threshold 1000ms) user="alan"
2026-10-06 22:37:30.206 +00:00 [INF] HTTP PUT /api/payments responded 200 in 145ms user="linus" trace=06e74d74-0001-0002-0304-050607080989
2026-10-06 22:37:30.825 +00:00 [INF] HTTP GET /health responded 200 in 466ms user="edsger" trace=5c5e80cd-0001-0002-0304-05060708098a
2026-10-06 22:37:31.755 +00:00 [INF] HTTP GET /api/payments responded 200 in 144ms user="grace" trace=5fdf67a1-0001-0002-0304-05060708098b
2026-10-06 22:37:33.294 +00:00 [INF] HTTP GET /api/payments responded 200 in 579ms user="grace" trace=2abdd858-0001-0002-0304-05060708098c
2026-10-06 22:37:34.712 +00:00 [INF] HTTP PUT /api/customers/{id} responded 201 in 427ms user="margaret" trace=35ca34c0-0001-0002-0304-05060708098d
2026-10-06 22:37:35.663 +00:00 [WRN] Slow request /api/orders took 6336ms (threshold 1000ms) user="ada"
2026-10-06 22:37:37.324 +00:00 [DBG] Cache lookup key="order:54e7bf77-0001-0002-0304-05060708098f" hit=True elapsed=1ms
2026-10-06 22:37:38.276 +00:00 [INF] HTTP GET /api/payments responded 200 in 573ms user="margaret" trace=44061abd-0001-0002-0304-050607080990
2026-10-06 22:37:40.625 +00:00 [WRN] Slow request /api/orders took 7026ms (threshold 1000ms) user="alan"
2026-10-06 22:37:40.945 +00:00 [INF] HTTP GET /api/payments responded 204 in 292ms user="barbara" trace=28218560-0001-0002-0304-050607080992
2026-10-06 22:37:41.797 +00:00 [WRN] Slow request /api/orders took 8861ms (threshold 1000ms) user="ada"
2026-10-06 22:37:42.444 +00:00 [INF] HTTP PUT /api/customers/{id} responded 200 in 454ms user="alan" trace=53b6e752-0001-0002-0304-050607080994
2026-10-06 22:37:44.837 +00:00 [DBG] Cache lookup key="order:4d99a8ff-0001-0002-0304-050607080995" hit=False elapsed=22ms
2026-10-06 22:37:46.595 +00:00 [DBG] Cache lookup key="order:2194fc6b-0001-0002-0304-050607080996" hit=False elapsed=16ms
2026-10-06 22:37:47.862 +00:00 [DBG] Cache lookup key="order:090d50c3-0001-0002-0304-050607080997" hit=True elapsed=36ms
2026-10-06 22:37:49.497 +00:00 [INF] HTTP POST /api/orders responded 404 in 260ms user="barbara" trace=5e20bf0b-0001-0002-0304-050607080998
2026-10-06 22:37:51.147 +00:00 [DBG] Cache lookup key="order:224729bd-0001-0002-0304-050607080999" hit=False elapsed=24ms
2026-10-06 22:37:51.577 +00:00 [VRB] Dispatching AuthProvider.Tick sequence=1939
2026-10-06 22:37:52.568 +00:00 [INF] HTTP GET /api/search responded 404 in 417ms user="margaret" trace=60662a7f-0001-0002-0304-05060708099b
2026-10-06 22:37:54.207 +00:00 [INF] HTTP PUT /health responded 200 in 443ms user="ada" trace=7d97436a-0001-0002-0304-05060708099c
2026-10-06 22:37:55.790 +00:00 [DBG] Cache lookup key="order:6733df23-0001-0002-0304-05060708099d" hit=False elapsed=22ms
2026-10-06 22:37:57.605 +00:00 [INF] HTTP PUT /health responded 200 in 138ms user="edsger" trace=123a2b54-0001-0002-0304-05060708099e
2026-10-06 22:37:57.971 +00:00 [INF] HTTP GET /api/search responded 200 in 96ms user="edsger" trace=13086d1e-0001-0002-0304-05060708099f
2026-10-06 22:37:58.984 +00:00 [INF] HTTP POST /health responded 404 in 102ms user="barbara" trace=261a8f1a-0001-0002-0304-0506070809a0
2026-10-06 22:37:59.641 +00:00 [DBG] Cache lookup key="order:70227d81-0001-0002-0304-0506070809a1" hit=True elapsed=4ms
2026-10-06 22:38:00.085 +00:00 [INF] HTTP PUT /api/orders/{id} responded 404 in 550ms user="barbara" trace=6f9a1d86-0001-0002-0304-0506070809a2
2026-10-06 22:38:00.241 +00:00 [INF] HTTP GET /api/payments responded 200 in 438ms user="alan" trace=3a607744-0001-0002-0304-0506070809a3
2026-10-06 22:38:02.104 +00:00 [INF] HTTP PUT /api/orders/{id} responded 200 in 64ms user="margaret" trace=4044bae7-0001-0002-0304-0506070809a4
2026-10-06 22:38:02.483 +00:00 [INF] HTTP PUT /health responded 201 in 512ms user="grace" trace=35a75216-0001-0002-0304-0506070809a5
2026-10-06 22:38:04.183 +00:00 [FTL] Unhandled exception in Scheduler; the host is shutting down
System.InvalidOperationException: Sequence contains no elements
   at Contoso.Orders.PaymentGateway.ChargeAsync(Order order, CancellationToken token) in C:\src\Orders\PaymentGateway.cs:line 118
   at Contoso.Orders.OrderService.CompleteAsync(Guid orderId) in C:\src\Orders\OrderService.cs:line 64
   at Contoso.Web.Endpoints.OrdersEndpoint.Post(HttpContext context) in C:\src\Web\OrdersEndpoint.cs:line 37
   at Microsoft.AspNetCore.Routing.EndpointMiddleware.Invoke(HttpContext httpContext)
--- End of stack trace from previous location ---
   at Microsoft.AspNetCore.Diagnostics.ExceptionHandlerMiddlewareImpl.Invoke(HttpContext context)
2026-10-06 22:38:05.053 +00:00 [INF] HTTP POST /health responded 204 in 202ms user="alan" trace=7e9a3eeb-0001-0002-0304-0506070809a7
2026-10-06 22:38:07.280 +00:00 [INF] HTTP POST /api/search responded 200 in 24ms user="barbara" trace=623aa044-0001-0002-0304-0506070809a8
2026-10-06 22:38:07.323 +00:00 [DBG] Cache lookup key="order:18c2d508-0001-0002-0304-0506070809a9" hit=False elapsed=28ms
2026-10-06 22:38:07.480 +00:00 [INF] HTTP POST /api/orders responded 200 in 449ms user="margaret" trace=06168b08-0001-0002-0304-0506070809aa
2026-10-06 22:38:08.095 +00:00 [INF] HTTP POST /api/search responded 200 in 309ms user="grace" trace=0d3e6917-0001-0002-0304-0506070809ab
2026-10-06 22:38:08.937 +00:00 [INF] HTTP GET /health responded 200 in 392ms user="barbara" trace=625b9e6d-0001-0002-0304-0506070809ac
2026-10-06 22:38:09.726 +00:00 [DBG] Cache lookup key="order:689eb5fc-0001-0002-0304-0506070809ad" hit=True elapsed=32ms
2026-10-06 22:38:11.920 +00:00 [INF] HTTP POST /api/orders/{id} responded 200 in 275ms user="grace" trace=52a1d0ef-0001-0002-0304-0506070809ae
2026-10-06 22:38:12.611 +00:00 [INF] HTTP POST /api/payments responded 404 in 265ms user="grace" trace=16fe61f4-0001-0002-0304-0506070809af
2026-10-06 22:38:12.779 +00:00 [INF] HTTP PUT /health responded 404 in 391ms user="grace" trace=40687f4c-0001-0002-0304-0506070809b0
2026-10-06 22:38:13.950 +00:00 [INF] HTTP PUT /api/orders/{id} responded 200 in 177ms user="alan" trace=0c6e6f51-0001-0002-0304-0506070809b1
2026-10-06 22:38:14.090 +00:00 [INF] HTTP PUT /api/customers/{id} responded 204 in 343ms user="edsger" trace=2cd349ab-0001-0002-0304-0506070809b2
2026-10-06 22:38:14.748 +00:00 [INF] HTTP POST /health responded 200 in 539ms user="barbara" trace=63e7aaf7-0001-0002-0304-0506070809b3
2026-10-06 22:38:15.140 +00:00 [INF] HTTP POST /api/search responded 200 in 579ms user="ada" trace=7c6384ce-0001-0002-0304-0506070809b4
2026-10-06 22:38:15.706 +00:00 [INF] HTTP GET /health responded 200 in 598ms user="grace" trace=38bf3faf-0001-0002-0304-0506070809b5
2026-10-06 22:38:16.923 +00:00 [INF] HTTP GET /api/customers/{id} responded 200 in 181ms user="ada" trace=7b55bbc3-0001-0002-0304-0506070809b6
2026-10-06 22:38:17.493 +00:00 [INF] HTTP POST /api/orders responded 404 in 264ms user="grace" trace=009636c5-0001-0002-0304-0506070809b7
2026-10-06 22:38:18.126 +00:00 [WRN] Slow request /api/orders/{id} took 3087ms (threshold 1000ms) user="alan"
2026-10-06 22:38:19.710 +00:00 [INF] HTTP GET /api/customers/{id} responded 200 in 112ms user="barbara" trace=5bb24454-0001-0002-0304-0506070809b9
2026-10-06 22:38:20.296 +00:00 [WRN] Slow request /api/orders/{id} took 5974ms (threshold 1000ms) user="grace"
2026-10-06 22:38:22.517 +00:00 [INF] HTTP POST /health responded 204 in 14ms user="margaret" trace=02dcf482-0001-0002-0304-0506070809bb
2026-10-06 22:38:24.816 +00:00 [INF] HTTP POST /api/orders/{id} responded 204 in 166ms user="barbara" trace=292f46be-0001-0002-0304-0506070809bc
2026-10-06 22:38:25.318 +00:00 [INF] HTTP GET /api/payments responded 200 in 275ms user="margaret" trace=21ceb1fc-0001-0002-0304-0506070809bd
2026-10-06 22:38:25.379 +00:00 [DBG] Cache lookup key="order:06c6ddc7-0001-0002-0304-0506070809be" hit=False elapsed=4ms
2026-10-06 22:38:27.412 +00:00 [ERR] Payment failed for order 3f55cd15-0001-0002-0304-0506070809bf user="edsger" amount=466.57 attempt=3
System.Net.Http.HttpRequestException: Response status code does not indicate success: 502 (Bad Gateway).
   at Contoso.Orders.PaymentGateway.ChargeAsync(Order order, CancellationToken token) in C:\src\Orders\PaymentGateway.cs:line 118
   at Contoso.Orders.OrderService.CompleteAsync(Guid orderId) in C:\src\Orders\OrderService.cs:line 64
   at Contoso.Web.Endpoints.OrdersEndpoint.Post(HttpContext context) in C:\src\Web\OrdersEndpoint.cs:line 37
   at Microsoft.AspNetCore.Routing.EndpointMiddleware.Invoke(HttpContext httpContext)
--- End of stack trace from previous location ---
   at Microsoft.AspNetCore.Diagnostics.ExceptionHandlerMiddlewareImpl.Invoke(HttpContext context)
2026-10-06 22:38:28.205 +00:00 [INF] HTTP POST /api/search responded 201 in 391ms user="barbara" trace=3751f68a-0001-0002-0304-0506070809c0
2026-10-06 22:38:28.758 +00:00 [INF] HTTP GET /api/search responded 404 in 154ms user="alan" trace=71fc79ac-0001-0002-0304-0506070809c1
2026-10-06 22:38:30.402 +00:00 [ERR] Payment failed for order 55ca511c-0001-0002-0304-0506070809c2 user="linus" amount=290.33 attempt=3
System.Net.Http.HttpRequestException: Response status code does not indicate success: 502 (Bad Gateway).
   at Contoso.Orders.PaymentGateway.ChargeAsync(Order order, CancellationToken token) in C:\src\Orders\PaymentGateway.cs:line 118
   at Contoso.Orders.OrderService.CompleteAsync(Guid orderId) in C:\src\Orders\OrderService.cs:line 64
   at Contoso.Web.Endpoints.OrdersEndpoint.Post(HttpContext context) in C:\src\Web\OrdersEndpoint.cs:line 37
   at Microsoft.AspNetCore.Routing.EndpointMiddleware.Invoke(HttpContext httpContext)
--- End of stack trace from previous location ---
   at Microsoft.AspNetCore.Diagnostics.ExceptionHandlerMiddlewareImpl.Invoke(HttpContext context)
2026-10-06 22:38:32.798 +00:00 [DBG] Cache lookup key="order:5763b5e9-0001-0002-0304-0506070809c3" hit=True elapsed=34ms
2026-10-06 22:38:32.927 +00:00 [INF] HTTP GET /api/search responded 201 in 179ms user="edsger" trace=7a2ee9ed-0001-0002-0304-0506070809c4
2026-10-06 22:38:33.933 +00:00 [VRB] Dispatching PaymentGateway.Tick sequence=1982
2026-10-06 22:38:35.767 +00:00 [DBG] Cache lookup key="order:27ffb532-0001-0002-0304-0506070809c6" hit=True elapsed=2ms
2026-10-06 22:38:36.733 +00:00 [DBG] Cache lookup key="order:292d0a65-0001-0002-0304-0506070809c7" hit=True elapsed=7ms
2026-10-06 22:38:38.755 +00:00 [DBG] Cache lookup key="order:7502ff90-0001-0002-0304-0506070809c8" hit=False elapsed=14ms
2026-10-06 22:38:40.732 +00:00 [INF] HTTP PUT /api/search responded 200 in 410ms user="ada" trace=4c9b386d-0001-0002-0304-0506070809c9
2026-10-06 22:38:41.587 +00:00 [ERR] Payment failed for order 6addc352-0001-0002-0304-0506070809ca user="edsger" amount=302.32 attempt=3
System.Net.Http.HttpRequestException: Response status code does not indicate success: 502 (Bad Gateway).
   at Contoso.Orders.PaymentGateway.ChargeAsync(Order order, CancellationToken token) in C:\src\Orders\PaymentGateway.cs:line 118
   at Contoso.Orders.OrderService.CompleteAsync(Guid orderId) in C:\src\Orders\OrderService.cs:line 64
   at Contoso.Web.Endpoints.OrdersEndpoint.Post(HttpContext context) in C:\src\Web\OrdersEndpoint.cs:line 37
   at Microsoft.AspNetCore.Routing.EndpointMiddleware.Invoke(HttpContext httpContext)
--- End of stack trace from previous location ---
   at Microsoft.AspNetCore.Diagnostics.ExceptionHandlerMiddlewareImpl.Invoke(HttpContext context)
2026-10-06 22:38:43.288 +00:00 [DBG] Cache lookup key="order:056555c8-0001-0002-0304-0506070809cb" hit=True elapsed=33ms
2026-10-06 22:38:43.992 +00:00 [INF] HTTP POST /api/orders responded 200 in 480ms user="grace" trace=56dd6fee-0001-0002-0304-0506070809cc
2026-10-06 22:38:44.871 +00:00 [INF] Reconciled inventory batch: warehouse="MEL-02" skus=392 adjusted=1 notes="Batch includes back-ordered items carried over from the previous cycle; the reconciliation rules treat partially shipped lines as open until the courier confirms delivery, which can take several hours for regional addresses."
2026-10-06 22:38:47.113 +00:00 [INF] HTTP POST /api/payments responded 200 in 71ms user="linus" trace=1526d94c-0001-0002-0304-0506070809ce
2026-10-06 22:38:48.783 +00:00 [VRB] Dispatching AuthProvider.Tick sequence=1992
2026-10-06 22:38:49.687 +00:00 [INF] HTTP GET /api/customers/{id} responded 200 in 32ms user="barbara" trace=5587c57d-0001-0002-0304-0506070809d0
2026-10-06 22:38:50.150 +00:00 [INF] HTTP POST /api/orders responded 200 in 192ms user="linus" trace=11fdc451-0001-0002-0304-0506070809d1
2026-10-06 22:38:52.376 +00:00 [DBG] Cache lookup key="order:61474095-0001-0002-0304-0506070809d2" hit=False elapsed=13ms
2026-10-06 22:38:52.549 +00:00 [ERR] Payment failed for order 47fec547-0001-0002-0304-0506070809d3 user="linus" amount=588.50 attempt=3
System.Net.Http.HttpRequestException: Response status code does not indicate success: 502 (Bad Gateway).
   at Contoso.Orders.PaymentGateway.ChargeAsync(Order order, CancellationToken token) in C:\src\Orders\PaymentGateway.cs:line 118
   at Contoso.Orders.OrderService.CompleteAsync(Guid orderId) in C:\src\Orders\OrderService.cs:line 64
   at Contoso.Web.Endpoints.OrdersEndpoint.Post(HttpContext context) in C:\src\Web\OrdersEndpoint.cs:line 37
   at Microsoft.AspNetCore.Routing.EndpointMiddleware.Invoke(HttpContext httpContext)
--- End of stack trace from previous location ---
   at Microsoft.AspNetCore.Diagnostics.ExceptionHandlerMiddlewareImpl.Invoke(HttpContext context)
2026-10-06 22:38:52.977 +00:00 [INF] HTTP PUT /health responded 200 in 213ms user="alan" trace=102e620c-0001-0002-0304-0506070809d4
2026-10-06 22:38:55.011 +00:00 [INF] HTTP POST /health responded 404 in 535ms user="alan" trace=1e3012ac-0001-0002-0304-0506070809d5
2026-10-06 22:38:57.219 +00:00 [ERR] Payment failed for order 083b667f-0001-0002-0304-0506070809d6 user="alan" amount=223.80 attempt=3
System.Net.Http.HttpRequestException: Response status code does not indicate success: 502 (Bad Gateway).
   at Contoso.Orders.PaymentGateway.ChargeAsync(Order order, CancellationToken token) in C:\src\Orders\PaymentGateway.cs:line 118
   at Contoso.Orders.OrderService.CompleteAsync(Guid orderId) in C:\src\Orders\OrderService.cs:line 64
   at Contoso.Web.Endpoints.OrdersEndpoint.Post(HttpContext context) in C:\src\Web\OrdersEndpoint.cs:line 37
   at Microsoft.AspNetCore.Routing.EndpointMiddleware.Invoke(HttpContext httpContext)
--- End of stack trace from previous location ---
   at Microsoft.AspNetCore.Diagnostics.ExceptionHandlerMiddlewareImpl.Invoke(HttpContext context)
2026-10-06 22:38:59.063 +00:00 [DBG] Cache lookup key="order:7fe26dc6-0001-0002-0304-0506070809d7" hit=True elapsed=3ms
2026-10-06 22:38:59.968 +00:00 [INF] HTTP POST /api/search responded 200 in 154ms user="grace" trace=3a3ddde6-0001-0002-0304-0506070809d8
2026-10-06 22:39:02.070 +00:00 [DBG] Cache lookup key="order:35e45fdd-0001-0002-0304-0506070809d9" hit=False elapsed=31ms
2026-10-06 22:39:03.202 +00:00 [DBG] Cache lookup key="order:0141ed23-0001-0002-0304-0506070809da" hit=False elapsed=14ms
2026-10-06 22:39:04.585 +00:00 [DBG] Cache lookup key="order:2e343b42-0001-0002-0304-0506070809db" hit=True elapsed=23ms
2026-10-06 22:39:05.100 +00:00 [VRB] Dispatching AuthProvider.Tick sequence=2005
2026-10-06 22:39:06.780 +00:00 [INF] HTTP POST /api/payments responded 200 in 445ms user="edsger" trace=7d12ea1d-0001-0002-0304-0506070809dd
2026-10-06 22:39:07.988 +00:00 [WRN] Slow request /health took 5747ms (threshold 1000ms) user="barbara"
2026-10-06 22:39:09.120 +00:00 [INF] HTTP POST /api/orders/{id} responded 404 in 481ms user="barbara" trace=29c75109-0001-0002-0304-0506070809df
2026-10-06 22:39:09.899 +00:00 [INF] HTTP PUT /api/search responded 204 in 508ms user="grace" trace=3017034d-0001-0002-0304-0506070809e0
2026-10-06 22:39:11.085 +00:00 [WRN] Slow request /health took 8458ms (threshold 1000ms) user="grace"
2026-10-06 22:39:12.889 +00:00 [INF] HTTP PUT /health responded 200 in 160ms user="ada" trace=586136eb-0001-0002-0304-0506070809e2
2026-10-06 22:39:13.102 +00:00 [DBG] Cache lookup key="order:639524d8-0001-0002-0304-0506070809e3" hit=False elapsed=35ms
2026-10-06 22:39:14.918 +00:00 [WRN] Slow request /api/customers/{id} took 8211ms (threshold 1000ms) user="barbara"
2026-10-06 22:39:15.322 +00:00 [DBG] Cache lookup key="order:7e0afa00-0001-0002-0304-0506070809e5" hit=True elapsed=25ms
2026-10-06 22:39:17.317 +00:00 [INF] HTTP PUT /api/search responded 200 in 325ms user="edsger" trace=338d83e0-0001-0002-0304-0506070809e6
2026-10-06 22:39:19.569 +00:00 [INF] HTTP GET /api/orders responded 200 in 38ms user="grace" trace=74736ef9-0001-0002-0304-0506070809e7
2026-10-06 22:39:20.519 +00:00 [ERR] Payment failed for order 12611525-0001-0002-0304-0506070809e8 user="alan" amount=529.11 attempt=3
System.Net.Http.HttpRequestException: Response status code does not indicate success: 502 (Bad Gateway).
   at Contoso.Orders.PaymentGateway.ChargeAsync(Order order, CancellationToken token) in C:\src\Orders\PaymentGateway.cs:line 118
   at Contoso.Orders.OrderService.CompleteAsync(Guid orderId) in C:\src\Orders\OrderService.cs:line 64
   at Contoso.Web.Endpoints.OrdersEndpoint.Post(HttpContext context) in C:\src\Web\OrdersEndpoint.cs:line 37
   at Microsoft.AspNetCore.Routing.EndpointMiddleware.Invoke(HttpContext httpContext)
--- End of stack trace from previous location ---
   at Microsoft.AspNetCore.Diagnostics.ExceptionHandlerMiddlewareImpl.Invoke(HttpContext context)
2026-10-06 22:39:20.739 +00:00 [INF] HTTP PUT /health responded 404 in 367ms user="barbara" trace=47c955c4-0001-0002-0304-0506070809e9
2026-10-06 22:39:20.805 +00:00 [WRN] Slow request /api/payments took 1509ms (threshold 1000ms) user="ada"
2026-10-06 22:39:22.407 +00:00 [INF] HTTP PUT /api/search responded 201 in 65ms user="linus" trace=18add361-0001-0002-0304-0506070809eb
2026-10-06 22:39:24.417 +00:00 [INF] HTTP PUT /health responded 200 in 448ms user="edsger" trace=3f70fe5e-0001-0002-0304-0506070809ec
2026-10-06 22:39:24.535 +00:00 [INF] Reconciled inventory batch: warehouse="MEL-02" skus=2308 adjusted=12 notes="Batch includes back-ordered items carried over from the previous cycle; the reconciliation rules treat partially shipped lines as open until the courier confirms delivery, which can take several hours for regional addresses."
2026-10-06 22:39:26.661 +00:00 [DBG] Cache lookup key="order:7fbb8074-0001-0002-0304-0506070809ee" hit=True elapsed=13ms
2026-10-06 22:39:28.163 +00:00 [WRN] Slow request /api/customers/{id} took 1708ms (threshold 1000ms) user="margaret"
2026-10-06 22:39:29.109 +00:00 [INF] HTTP GET /api/orders responded 404 in 590ms user="edsger" trace=5f4e5336-0001-0002-0304-0506070809f0
2026-10-06 22:39:30.556 +00:00 [INF] HTTP GET /api/search responded 201 in 169ms user="alan" trace=3449e1ea-0001-0002-0304-0506070809f1
2026-10-06 22:39:30.748 +00:00 [INF] HTTP POST /health responded 201 in 104ms user="grace" trace=4f847333-0001-0002-0304-0506070809f2
2026-10-06 22:39:32.792 +00:00 [INF] HTTP POST /api/search responded 204 in 432ms user="alan" trace=507a2bfe-0001-0002-0304-0506070809f3
2026-10-06 22:39:34.967 +00:00 [INF] HTTP GET /api/orders/{id} responded 200 in 74ms user="edsger" trace=04a20863-0001-0002-0304-0506070809f4
2026-10-06 22:39:36.793 +00:00 [INF] HTTP GET /api/search responded 404 in 74ms user="barbara" trace=039a5c5d-0001-0002-0304-0506070809f5
2026-10-06 22:39:37.911 +00:00 [VRB] Dispatching Scheduler.Tick sequence=2031
2026-10-06 22:39:40.234 +00:00 [INF] HTTP POST /api/orders/{id} responded 404 in 26ms user="alan" trace=74be361e-0001-0002-0304-0506070809f7
2026-10-06 22:39:41.263 +00:00 [INF] HTTP GET /api/orders/{id} responded 201 in 565ms user="margaret" trace=7ca3c2ba-0001-0002-0304-0506070809f8
2026-10-06 22:39:43.249 +00:00 [DBG] Cache lookup key="order:423b6cf1-0001-0002-0304-0506070809f9" hit=False elapsed=34ms
2026-10-06 22:39:45.390 +00:00 [INF] HTTP PUT /health responded 404 in 100ms user="margaret" trace=777c3fa6-0001-0002-0304-0506070809fa
2026-10-06 22:39:45.715 +00:00 [INF] HTTP PUT /health responded 200 in 77ms user="margaret" trace=066db33b-0001-0002-0304-0506070809fb
2026-10-06 22:39:47.209 +00:00 [INF] Reconciled inventory batch: warehouse="MEL-02" skus=1396 adjusted=6 notes="Batch includes back-ordered items carried over from the previous cycle; the reconciliation rules treat partially shipped lines as open until the courier confirms delivery, which can take several hours for regional addresses."
2026-10-06 22:39:48.886 +00:00 [WRN] Slow request /api/customers/{id} took 2580ms (threshold 1000ms) user="alan"
2026-10-06 22:39:50.418 +00:00 [DBG] Cache lookup key="order:446ed36d-0001-0002-0304-0506070809fe" hit=True elapsed=5ms
2026-10-06 22:39:52.098 +00:00 [INF] HTTP PUT /api/orders/{id} responded 200 in 160ms user="ada" trace=4596ca70-0001-0002-0304-050607080900
2026-10-06 22:39:52.992 +00:00 [WRN] Slow request /api/customers/{id} took 2633ms (threshold 1000ms) user="ada"
2026-10-06 22:39:53.263 +00:00 [INF] HTTP POST /api/customers/{id} responded 404 in 490ms user="barbara" trace=2ed53120-0001-0002-0304-050607080902
2026-10-06 22:39:53.885 +00:00 [INF] HTTP POST /api/customers/{id} responded 201 in 581ms user="alan" trace=3e6fcd85-0001-0002-0304-050607080903
2026-10-06 22:39:55.081 +00:00 [DBG] Cache lookup key="order:6a66ad60-0001-0002-0304-050607080904" hit=False elapsed=36ms
2026-10-06 22:39:57.438 +00:00 [WRN] Slow request /health took 1731ms (threshold 1000ms) user="barbara"
2026-10-06 22:39:59.130 +00:00 [INF] HTTP PUT /api/orders responded 200 in 561ms user="alan" trace=62517a9f-0001-0002-0304-050607080906
2026-10-06 22:40:00.589 +00:00 [INF] HTTP POST /health responded 404 in 257ms user="alan" trace=4daff2a9-0001-0002-0304-050607080907
2026-10-06 22:40:02.001 +00:00 [INF] HTTP PUT /api/customers/{id} responded 200 in 507ms user="alan" trace=58361c5f-0001-0002-0304-050607080908
2026-10-06 22:40:03.819 +00:00 [INF] HTTP PUT /api/search responded 200 in 551ms user="margaret" trace=1a61d4e7-0001-0002-0304-050607080909
2026-10-06 22:40:04.273 +00:00 [INF] HTTP PUT /api/customers/{id} responded 200 in 551ms user="ada" trace=571d8250-0001-0002-0304-05060708090a
2026-10-06 22:40:05.526 +00:00 [INF] HTTP POST /api/orders/{id} responded 404 in 333ms user="linus" trace=50370790-0001-0002-0304-05060708090b
2026-10-06 22:40:06.099 +00:00 [INF] HTTP PUT /api/orders/{id} responded 200 in 183ms user="barbara" trace=795f197e-0001-0002-0304-05060708090c
2026-10-06 22:40:08.388 +00:00 [WRN] Slow request /health took 7903ms (threshold 1000ms) user="ada"
2026-10-06 22:40:08.905 +00:00 [WRN] Slow request /api/payments took 2124ms (threshold 1000ms) user="alan"
2026-10-06 22:40:10.759 +00:00 [INF] HTTP PUT /api/orders/{id} responded 404 in 91ms user="edsger" trace=331fb994-0001-0002-0304-05060708090f
2026-10-06 22:40:10.864 +00:00 [INF] HTTP POST /api/search responded 200 in 101ms user="barbara" trace=74cb828b-0001-0002-0304-050607080910
2026-10-06 22:40:13.238 +00:00 [INF] HTTP GET /health responded 204 in 441ms user="grace" trace=0951b5b2-0001-0002-0304-050607080911
2026-10-06 22:40:13.667 +00:00 [INF] HTTP POST /health responded 200 in 185ms user="grace" trace=54baa67a-0001-0002-0304-050607080912
2026-10-06 22:40:14.691 +00:00 [WRN] Slow request /api/search took 1913ms (threshold 1000ms) user="margaret"
2026-10-06 22:40:14.892 +00:00 [INF] HTTP GET /api/customers/{id} responded 404 in 61ms user="alan" trace=173f864d-0001-0002-0304-050607080914
2026-10-06 22:40:16.465 +00:00 [INF] HTTP GET /api/search responded 404 in 209ms user="alan" trace=06596e16-0001-0002-0304-050607080915
2026-10-06 22:40:18.835 +00:00 [INF] HTTP GET /health responded 200 in 304ms user="grace" trace=71a97a6f-0001-0002-0304-050607080916
2026-10-06 22:40:20.686 +00:00 [INF] HTTP POST /api/payments responded 200 in 432ms user="linus" trace=1912eb1c-0001-0002-0304-050607080917
2026-10-06 22:40:21.244 +00:00 [INF] HTTP GET /api/customers/{id} responded 404 in 462ms user="alan" trace=364519ec-0001-0002-0304-050607080918
2026-10-06 22:40:21.653 +00:00 [WRN] Slow request /health took 3751ms (threshold 1000ms) user="margaret"
2026-10-06 22:40:21.888 +00:00 [INF] HTTP GET /api/search responded 204 in 30ms user="barbara" trace=0a1b3799-0001-0002-0304-05060708091a
2026-10-06 22:40:23.975 +00:00 [INF] HTTP POST /api/customers/{id} responded 200 in 224ms user="alan" trace=38780794-0001-0002-0304-05060708091b
2026-10-06 22:40:25.444 +00:00 [DBG] Cache lookup key="order:15f534bc-0001-0002-0304-05060708091c" hit=True elapsed=10ms
2026-10-06 22:40:25.585 +00:00 [INF] HTTP POST /health responded 200 in 88ms user="grace" trace=04edc2c6-0001-0002-0304-05060708091d
2026-10-06 22:40:26.904 +00:00 [WRN] Slow request /health took 5732ms (threshold 1000ms) user="margaret"
2026-10-06 22:40:28.711 +00:00 [INF] Reconciled inventory batch: warehouse="MEL-02" skus=2947 adjusted=14 notes="Batch includes back-ordered items carried over from the previous cycle; the reconciliation rules treat partially shipped lines as open until the courier confirms delivery, which can take several hours for regional addresses."
2026-10-06 22:40:28.784 +00:00 [DBG] Cache lookup key="order:57a2dfdd-0001-0002-0304-050607080920" hit=True elapsed=4ms
2026-10-06 22:40:29.082 +00:00 [INF] HTTP POST /api/customers/{id} responded 201 in 514ms user="barbara" trace=42e079ce-0001-0002-0304-050607080921
2026-10-06 22:40:30.696 +00:00 [ERR] Payment failed for order 0dcd6fdc-0001-0002-0304-050607080922 user="alan" amount=372.54 attempt=3
System.Net.Http.HttpRequestException: Response status code does not indicate success: 502 (Bad Gateway).
   at Contoso.Orders.PaymentGateway.ChargeAsync(Order order, CancellationToken token) in C:\src\Orders\PaymentGateway.cs:line 118
   at Contoso.Orders.OrderService.CompleteAsync(Guid orderId) in C:\src\Orders\OrderService.cs:line 64
   at Contoso.Web.Endpoints.OrdersEndpoint.Post(HttpContext context) in C:\src\Web\OrdersEndpoint.cs:line 37
   at Microsoft.AspNetCore.Routing.EndpointMiddleware.Invoke(HttpContext httpContext)
--- End of stack trace from previous location ---
   at Microsoft.AspNetCore.Diagnostics.ExceptionHandlerMiddlewareImpl.Invoke(HttpContext context)
2026-10-06 22:40:31.482 +00:00 [INF] HTTP PUT /health responded 404 in 42ms user="grace" trace=74a4a855-0001-0002-0304-050607080923
2026-10-06 22:40:32.965 +00:00 [DBG] Cache lookup key="order:4035a008-0001-0002-0304-050607080924" hit=False elapsed=25ms
2026-10-06 22:40:33.476 +00:00 [INF] HTTP POST /api/payments responded 200 in 552ms user="alan" trace=449e848f-0001-0002-0304-050607080925
2026-10-06 22:40:35.098 +00:00 [ERR] Payment failed for order 113cbc5a-0001-0002-0304-050607080926 user="barbara" amount=842.86 attempt=3
System.Net.Http.HttpRequestException: Response status code does not indicate success: 502 (Bad Gateway).
   at Contoso.Orders.PaymentGateway.ChargeAsync(Order order, CancellationToken token) in C:\src\Orders\PaymentGateway.cs:line 118
   at Contoso.Orders.OrderService.CompleteAsync(Guid orderId) in C:\src\Orders\OrderService.cs:line 64
   at Contoso.Web.Endpoints.OrdersEndpoint.Post(HttpContext context) in C:\src\Web\OrdersEndpoint.cs:line 37
   at Microsoft.AspNetCore.Routing.EndpointMiddleware.Invoke(HttpContext httpContext)
--- End of stack trace from previous location ---
   at Microsoft.AspNetCore.Diagnostics.ExceptionHandlerMiddlewareImpl.Invoke(HttpContext context)
2026-10-06 22:40:37.279 +00:00 [INF] HTTP GET /api/search responded 200 in 183ms user="barbara" trace=0bbe0480-0001-0002-0304-050607080927
2026-10-06 22:40:37.392 +00:00 [INF] HTTP POST /api/orders/{id} responded 200 in 160ms user="alan" trace=4940e2f8-0001-0002-0304-050607080928
2026-10-06 22:40:38.386 +00:00 [WRN] Slow request /api/customers/{id} took 7547ms (threshold 1000ms) user="grace"
2026-10-06 22:40:38.430 +00:00 [DBG] Cache lookup key="order:0bf57043-0001-0002-0304-05060708092a" hit=False elapsed=16ms
2026-10-06 22:40:38.556 +00:00 [WRN] Slow request /api/orders took 8096ms (threshold 1000ms) user="barbara"
2026-10-06 22:40:38.937 +00:00 [INF] HTTP GET /health responded 200 in 545ms user="edsger" trace=023e3aa0-0001-0002-0304-05060708092c
2026-10-06 22:40:40.889 +00:00 [INF] HTTP PUT /health responded 200 in 248ms user="barbara" trace=76b8af10-0001-0002-0304-05060708092d
2026-10-06 22:40:42.362 +00:00 [DBG] Cache lookup key="order:079f582d-0001-0002-0304-05060708092e" hit=False elapsed=4ms
2026-10-06 22:40:44.121 +00:00 [DBG] Cache lookup key="order:0bbb78d0-0001-0002-0304-05060708092f" hit=False elapsed=18ms
2026-10-06 22:40:44.728 +00:00 [INF] HTTP POST /api/search responded 200 in 189ms user="ada" trace=33f5db58-0001-0002-0304-050607080930
2026-10-06 22:40:46.195 +00:00 [VRB] Dispatching OrderService.Tick sequence=2089
2026-10-06 22:40:47.961 +00:00 [ERR] Payment failed for order 61cac97a-0001-0002-0304-050607080932 user="barbara" amount=615.22 attempt=3
System.Net.Http.HttpRequestException: Response status code does not indicate success: 502 (Bad Gateway).
   at Contoso.Orders.PaymentGateway.ChargeAsync(Order order, CancellationToken token) in C:\src\Orders\PaymentGateway.cs:line 118
   at Contoso.Orders.OrderService.CompleteAsync(Guid orderId) in C:\src\Orders\OrderService.cs:line 64
   at Contoso.Web.Endpoints.OrdersEndpoint.Post(HttpContext context) in C:\src\Web\OrdersEndpoint.cs:line 37
   at Microsoft.AspNetCore.Routing.EndpointMiddleware.Invoke(HttpContext httpContext)
--- End of stack trace from previous location ---
   at Microsoft.AspNetCore.Diagnostics.ExceptionHandlerMiddlewareImpl.Invoke(HttpContext context)
2026-10-06 22:40:49.922 +00:00 [INF] HTTP GET /api/search responded 201 in 404ms user="edsger" trace=41c8f783-0001-0002-0304-050607080933
2026-10-06 22:40:50.075 +00:00 [WRN] Slow request /api/orders/{id} took 2024ms (threshold 1000ms) user="linus"
2026-10-06 22:40:50.843 +00:00 [INF] HTTP GET /api/payments responded 200 in 249ms user="alan" trace=307ef2ea-0001-0002-0304-050607080935
2026-10-06 22:40:51.872 +00:00 [INF] HTTP GET /api/payments responded 404 in 59ms user="grace" trace=4219cd61-0001-0002-0304-050607080936
2026-10-06 22:40:52.269 +00:00 [INF] HTTP GET /api/customers/{id} responded 204 in 244ms user="margaret" trace=79fd35d7-0001-0002-0304-050607080937
2026-10-06 22:40:54.469 +00:00 [INF] HTTP PUT /api/orders/{id} responded 200 in 517ms user="barbara" trace=66900193-0001-0002-0304-050607080938
2026-10-06 22:40:55.859 +00:00 [INF] HTTP GET /api/customers/{id} responded 200 in 178ms user="margaret" trace=09ed3867-0001-0002-0304-050607080939
2026-10-06 22:40:57.440 +00:00 [INF] Reconciled inventory batch: warehouse="MEL-02" skus=1256 adjusted=50 notes="Batch includes back-ordered items carried over from the previous cycle; the reconciliation rules treat partially shipped lines as open until the courier confirms delivery, which can take several hours for regional addresses."
2026-10-06 22:40:58.806 +00:00 [ERR] Payment failed for order 7bd4d09c-0001-0002-0304-05060708093b user="grace" amount=875.95 attempt=3
System.Net.Http.HttpRequestException: Response status code does not indicate success: 502 (Bad Gateway).
   at Contoso.Orders.PaymentGateway.ChargeAsync(Order order, CancellationToken token) in C:\src\Orders\PaymentGateway.cs:line 118
   at Contoso.Orders.OrderService.CompleteAsync(Guid orderId) in C:\src\Orders\OrderService.cs:line 64
   at Contoso.Web.Endpoints.OrdersEndpoint.Post(HttpContext context) in C:\src\Web\OrdersEndpoint.cs:line 37
   at Microsoft.AspNetCore.Routing.EndpointMiddleware.Invoke(HttpContext httpContext)
--- End of stack trace from previous location ---
   at Microsoft.AspNetCore.Diagnostics.ExceptionHandlerMiddlewareImpl.Invoke(HttpContext context)
2026-10-06 22:41:00.560 +00:00 [DBG] Cache lookup key="order:43c621ea-0001-0002-0304-05060708093c" hit=False elapsed=20ms
2026-10-06 22:41:01.671 +00:00 [VRB] Dispatching InventorySync.Tick sequence=2101
2026-10-06 22:41:02.278 +00:00 [INF] HTTP GET /api/payments responded 200 in 593ms user="linus" trace=780e4505-0001-0002-0304-05060708093e
2026-10-06 22:41:04.615 +00:00 [INF] HTTP PUT /health responded 201 in 67ms user="barbara" trace=25b82762-0001-0002-0304-05060708093f
2026-10-06 22:41:05.294 +00:00 [DBG] Cache lookup key="order:4d3fe11b-0001-0002-0304-050607080940" hit=True elapsed=8ms
2026-10-06 22:41:05.831 +00:00 [WRN] Slow request /api/orders/{id} took 1444ms (threshold 1000ms) user="linus"
2026-10-06 22:41:07.308 +00:00 [INF] HTTP PUT /api/search responded 204 in 136ms user="grace" trace=3d31419e-0001-0002-0304-050607080942
2026-10-06 22:41:09.566 +00:00 [INF] HTTP PUT /api/search responded 404 in 68ms user="linus" trace=6bc93b7a-0001-0002-0304-050607080943
2026-10-06 22:41:10.102 +00:00 [INF] HTTP GET /api/orders/{id} responded 200 in 62ms user="alan" trace=7d2884e9-0001-0002-0304-050607080944
2026-10-06 22:41:10.732 +00:00 [WRN] Slow request /api/payments took 2949ms (threshold 1000ms) user="edsger"
2026-10-06 22:41:12.248 +00:00 [DBG] Cache lookup key="order:2eee609f-0001-0002-0304-050607080946" hit=False elapsed=10ms
2026-10-06 22:41:13.646 +00:00 [ERR] Payment failed for order 069ce058-0001-0002-0304-050607080947 user="linus" amount=513.58 attempt=3
System.Net.Http.HttpRequestException: Response status code does not indicate success: 502 (Bad Gateway).
   at Contoso.Orders.PaymentGateway.ChargeAsync(Order order, CancellationToken token) in C:\src\Orders\PaymentGateway.cs:line 118
   at Contoso.Orders.OrderService.CompleteAsync(Guid orderId) in C:\src\Orders\OrderService.cs:line 64
   at Contoso.Web.Endpoints.OrdersEndpoint.Post(HttpContext context) in C:\src\Web\OrdersEndpoint.cs:line 37
   at Microsoft.AspNetCore.Routing.EndpointMiddleware.Invoke(HttpContext httpContext)
--- End of stack trace from previous location ---
   at Microsoft.AspNetCore.Diagnostics.ExceptionHandlerMiddlewareImpl.Invoke(HttpContext context)
2026-10-06 22:41:14.049 +00:00 [INF] HTTP PUT /api/orders/{id} responded 404 in 69ms user="margaret" trace=5b48e0c0-0001-0002-0304-050607080948
2026-10-06 22:41:16.232 +00:00 [DBG] Cache lookup key="order:237032c3-0001-0002-0304-050607080949" hit=True elapsed=10ms
2026-10-06 22:41:17.547 +00:00 [DBG] Cache lookup key="order:73b289b3-0001-0002-0304-05060708094a" hit=False elapsed=37ms
2026-10-06 22:41:19.540 +00:00 [INF] HTTP PUT /api/customers/{id} responded 200 in 452ms user="ada" trace=1ce4b0a8-0001-0002-0304-05060708094b
2026-10-06 22:41:20.810 +00:00 [DBG] Cache lookup key="order:71631001-0001-0002-0304-05060708094c" hit=False elapsed=29ms
2026-10-06 22:41:21.333 +00:00 [INF] HTTP GET /api/search responded 204 in 170ms user="grace" trace=46208008-0001-0002-0304-05060708094d
2026-10-06 22:41:22.091 +00:00 [DBG] Cache lookup key="order:520eb0f2-0001-0002-0304-05060708094e" hit=True elapsed=6ms
2026-10-06 22:41:23.769 +00:00 [INF] Reconciled inventory batch: warehouse="MEL-02" skus=3710 adjusted=50 notes="Batch includes back-ordered items carried over from the previous cycle; the reconciliation rules treat partially shipped lines as open until the courier confirms delivery, which can take several hours for regional addresses."
2026-10-06 22:41:25.494 +00:00 [INF] HTTP PUT /api/orders/{id} responded 200 in 272ms user="barbara" trace=50c1f0d0-0001-0002-0304-050607080950
2026-10-06 22:41:26.896 +00:00 [INF] HTTP PUT /api/orders responded 200 in 570ms user="edsger" trace=19b8708f-0001-0002-0304-050607080951
2026-10-06 22:41:29.118 +00:00 [INF] HTTP GET /api/payments responded 201 in 459ms user="edsger" trace=28216695-0001-0002-0304-050607080952
2026-10-06 22:41:29.489 +00:00 [DBG] Cache lookup key="order:3b09aaa2-0001-0002-0304-050607080953" hit=False elapsed=5ms
2026-10-06 22:41:30.397 +00:00 [DBG] Cache lookup key="order:645cd977-0001-0002-0304-050607080954" hit=False elapsed=30ms
2026-10-06 22:41:30.590 +00:00 [INF] HTTP POST /health responded 200 in 358ms user="margaret" trace=7359b564-0001-0002-0304-050607080955
2026-10-06 22:41:32.114 +00:00 [INF] HTTP GET /api/payments responded 204 in 89ms user="margaret" trace=49e07d57-0001-0002-0304-050607080956
2026-10-06 22:41:33.985 +00:00 [INF] HTTP GET /api/payments responded 204 in 305ms user="barbara" trace=15a53b01-0001-0002-0304-050607080957
2026-10-06 22:41:35.299 +00:00 [INF] HTTP POST /api/orders/{id} responded 200 in 51ms user="linus" trace=3bcd62db-0001-0002-0304-050607080958
2026-10-06 22:41:35.364 +00:00 [DBG] Cache lookup key="order:281acf3d-0001-0002-0304-050607080959" hit=True elapsed=29ms
2026-10-06 22:41:37.258 +00:00 [INF] HTTP GET /api/customers/{id} responded 200 in 150ms user="margaret" trace=67240def-0001-0002-0304-05060708095a
2026-10-06 22:41:38.061 +00:00 [DBG] Cache lookup key="order:1dc71e37-0001-0002-0304-05060708095b" hit=False elapsed=14ms
2026-10-06 22:41:38.667 +00:00 [INF] HTTP GET /api/payments responded 200 in 419ms user="margaret" trace=29a1f7b7-0001-0002-0304-05060708095c
2026-10-06 22:41:41.050 +00:00 [DBG] Cache lookup key="order:1bc8e495-0001-0002-0304-05060708095d" hit=True elapsed=28ms
2026-10-06 22:41:42.377 +00:00 [INF] HTTP GET /health responded 200 in 497ms user="alan" trace=16241e04-0001-0002-0304-05060708095e
2026-10-06 22:41:43.143 +00:00 [DBG] Cache lookup key="order:19187cc9-0001-0002-0304-05060708095f" hit=True elapsed=12ms
2026-10-06 22:41:44.329 +00:00 [WRN] Slow request /api/search took 8166ms (threshold 1000ms) user="margaret"
2026-10-06 22:41:46.321 +00:00 [DBG] Cache lookup key="order:45f49833-0001-0002-0304-050607080961" hit=False elapsed=26ms
2026-10-06 22:41:47.227 +00:00 [WRN] Slow request /api/customers/{id} took 8321ms (threshold 1000ms) user="edsger"
2026-10-06 22:41:48.791 +00:00 [INF] HTTP POST /api/search responded 200 in 255ms user="edsger" trace=3a0fb708-0001-0002-0304-050607080963
2026-10-06 22:41:50.052 +00:00 [INF] Reconciled inventory batch: warehouse="MEL-02" skus=2836 adjusted=75 notes="Batch includes back-ordered items carried over from the previous cycle; the reconciliation rules treat partially shipped lines as open until the courier confirms delivery, which can take several hours for regional addresses."
2026-10-06 22:41:50.664 +00:00 [WRN] Slow request /api/payments took 2341ms (threshold 1000ms) user="grace"
2026-10-06 22:41:51.318 +00:00 [INF] HTTP POST /api/search responded 200 in 347ms user="alan" trace=2eb856e9-0001-0002-0304-050607080966
2026-10-06 22:41:52.932 +00:00 [INF] HTTP PUT /api/customers/{id} responded 204 in 114ms user="ada" trace=593d238f-0001-0002-0304-050607080967
2026-10-06 22:41:54.386 +00:00 [ERR] Payment failed for order 30ae7142-0001-0002-0304-050607080968 user="edsger" amount=108.56 attempt=3
System.Net.Http.HttpRequestException: Response status code does not indicate success: 502 (Bad Gateway).
   at Contoso.Orders.PaymentGateway.ChargeAsync(Order order, CancellationToken token) in C:\src\Orders\PaymentGateway.cs:line 118
   at Contoso.Orders.OrderService.CompleteAsync(Guid orderId) in C:\src\Orders\OrderService.cs:line 64
   at Contoso.Web.Endpoints.OrdersEndpoint.Post(HttpContext context) in C:\src\Web\OrdersEndpoint.cs:line 37
   at Microsoft.AspNetCore.Routing.EndpointMiddleware.Invoke(HttpContext httpContext)
--- End of stack trace from previous location ---
   at Microsoft.AspNetCore.Diagnostics.ExceptionHandlerMiddlewareImpl.Invoke(HttpContext context)
2026-10-06 22:41:55.273 +00:00 [INF] Reconciled inventory batch: warehouse="MEL-02" skus=3394 adjusted=19 notes="Batch includes back-ordered items carried over from the previous cycle; the reconciliation rules treat partially shipped lines as open until the courier confirms delivery, which can take several hours for regional addresses."
2026-10-06 22:41:56.244 +00:00 [DBG] Cache lookup key="order:679ce693-0001-0002-0304-05060708096a" hit=False elapsed=16ms
2026-10-06 22:41:57.786 +00:00 [INF] HTTP GET /api/payments responded 200 in 254ms user="alan" trace=2a30614c-0001-0002-0304-05060708096b
2026-10-06 22:41:59.589 +00:00 [INF] HTTP PUT /api/payments responded 404 in 42ms user="linus" trace=69563bd0-0001-0002-0304-05060708096c
2026-10-06 22:42:00.669 +00:00 [DBG] Cache lookup key="order:01ab6477-0001-0002-0304-05060708096d" hit=False elapsed=30ms
2026-10-06 22:42:01.557 +00:00 [INF] HTTP POST /api/orders/{id} responded 204 in 211ms user="edsger" trace=263ac912-0001-0002-0304-05060708096e
2026-10-06 22:42:03.587 +00:00 [DBG] Cache lookup key="order:24b11adb-0001-0002-0304-05060708096f" hit=False elapsed=25ms
2026-10-06 22:42:04.171 +00:00 [DBG] Cache lookup key="order:47cf335e-0001-0002-0304-050607080970" hit=True elapsed=27ms
2026-10-06 22:42:06.025 +00:00 [INF] HTTP GET /api/search responded 404 in 204ms user="ada" trace=6c099ce2-0001-0002-0304-050607080971
2026-10-06 22:42:08.120 +00:00 [INF] HTTP POST /api/customers/{id} responded 404 in 294ms user="barbara" trace=1b6bf925-0001-0002-0304-050607080972
2026-10-06 22:42:09.637 +00:00 [INF] HTTP GET /api/search responded 200 in 597ms user="edsger" trace=5a804cee-0001-0002-0304-050607080973
2026-10-06 22:42:10.487 +00:00 [INF] HTTP PUT /api/orders/{id} responded 200 in 408ms user="alan" trace=61912ce7-0001-0002-0304-050607080974
2026-10-06 22:42:10.719 +00:00 [VRB] Dispatching PaymentGateway.Tick sequence=2157
2026-10-06 22:42:12.769 +00:00 [ERR] Payment failed for order 7471b3a8-0001-0002-0304-050607080976 user="edsger" amount=753.52 attempt=3
System.Net.Http.HttpRequestException: Response status code does not indicate success: 502 (Bad Gateway).
   at Contoso.Orders.PaymentGateway.ChargeAsync(Order order, CancellationToken token) in C:\src\Orders\PaymentGateway.cs:line 118
   at Contoso.Orders.OrderService.CompleteAsync(Guid orderId) in C:\src\Orders\OrderService.cs:line 64
   at Contoso.Web.Endpoints.OrdersEndpoint.Post(HttpContext context) in C:\src\Web\OrdersEndpoint.cs:line 37
   at Microsoft.AspNetCore.Routing.EndpointMiddleware.Invoke(HttpContext httpContext)
--- End of stack trace from previous location ---
   at Microsoft.AspNetCore.Diagnostics.ExceptionHandlerMiddlewareImpl.Invoke(HttpContext context)
2026-10-06 22:42:13.071 +00:00 [INF] HTTP GET /health responded 200 in 387ms user="grace" trace=7589132a-0001-0002-0304-050607080977
2026-10-06 22:42:13.393 +00:00 [INF] HTTP POST /api/orders responded 201 in 296ms user="grace" trace=3860a9f8-0001-0002-0304-050607080978
2026-10-06 22:42:15.234 +00:00 [INF] HTTP PUT /api/search responded 200 in 74ms user="ada" trace=41a8eea9-0001-0002-0304-050607080979
2026-10-06 22:42:15.289 +00:00 [INF] HTTP PUT /api/search responded 204 in 479ms user="margaret" trace=10f23319-0001-0002-0304-05060708097a
2026-10-06 22:42:16.281 +00:00 [INF] HTTP GET /health responded 201 in 406ms user="margaret" trace=20dfdb84-0001-0002-0304-05060708097b
2026-10-06 22:42:16.453 +00:00 [INF] HTTP PUT /api/customers/{id} responded 404 in 100ms user="ada" trace=5de73de5-0001-0002-0304-05060708097c
2026-10-06 22:42:17.051 +00:00 [VRB] Dispatching AuthProvider.Tick sequence=2165
2026-10-06 22:42:17.829 +00:00 [INF] HTTP GET /api/orders/{id} responded 404 in 202ms user="edsger" trace=6ca42dd5-0001-0002-0304-05060708097e
2026-10-06 22:42:19.323 +00:00 [INF] HTTP POST /api/payments responded 200 in 484ms user="linus" trace=7b0796b6-0001-0002-0304-05060708097f
2026-10-06 22:42:21.364 +00:00 [VRB] Dispatching InventorySync.Tick sequence=2168
2026-10-06 22:42:22.429 +00:00 [DBG] Cache lookup key="order:140dc3bc-0001-0002-0304-050607080981" hit=False elapsed=5ms
2026-10-06 22:42:23.188 +00:00 [INF] HTTP POST /api/search responded 200 in 56ms user="alan" trace=35134776-0001-0002-0304-050607080982
2026-10-06 22:42:23.544 +00:00 [DBG] Cache lookup key="order:7aff3a02-0001-0002-0304-050607080983" hit=True elapsed=20ms
2026-10-06 22:42:24.364 +00:00 [INF] HTTP PUT /api/search responded 200 in 96ms user="edsger" trace=5e17c89b-0001-0002-0304-050607080984
2026-10-06 22:42:25.220 +00:00 [VRB] Dispatching InventorySync.Tick sequence=2173
2026-10-06 22:42:26.227 +00:00 [INF] HTTP PUT /health responded 404 in 564ms user="edsger" trace=1debab72-0001-0002-0304-050607080986
2026-10-06 22:42:28.017 +00:00 [INF] HTTP PUT /api/search responded 200 in 182ms user="barbara" trace=6d7814e4-0001-0002-0304-050607080987
2026-10-06 22:42:29.497 +00:00 [INF] HTTP PUT /api/search responded 200 in 306ms user="barbara" trace=40359c59-0001-0002-0304-050607080988
2026-10-06 22:42:31.087 +00:00 [VRB] Dispatching OrderService.Tick sequence=2177
2026-10-06 22:42:31.652 +00:00 [INF] HTTP PUT /api/orders/{id} responded 201 in 325ms user="barbara" trace=366911ea-0001-0002-0304-05060708098a
2026-10-06 22:42:33.950 +00:00 [INF] HTTP POST /health responded 201 in 128ms user="ada" trace=735204ac-0001-0002-0304-05060708098b
2026-10-06 22:42:36.062 +00:00 [WRN] Slow request /api/search took 6967ms (threshold 1000ms) user="ada"
2026-10-06 22:42:38.354 +00:00 [INF] HTTP POST /api/orders responded 404 in 344ms user="edsger" trace=69e0cb20-0001-0002-0304-05060708098d
2026-10-06 22:42:39.096 +00:00 [WRN] Slow request /api/customers/{id} took 3151ms (threshold 1000ms) user="barbara"
2026-10-06 22:42:39.116 +00:00 [INF] HTTP PUT /api/customers/{id} responded 204 in 436ms user="alan" trace=71f455e6-0001-0002-0304-05060708098f
2026-10-06 22:42:40.014 +00:00 [INF] HTTP GET /health responded 200 in 175ms user="ada" trace=3c7780b2-0001-0002-0304-050607080990
2026-10-06 22:42:41.784 +00:00 [DBG] Cache lookup key="order:3f51de79-0001-0002-0304-050607080991" hit=True elapsed=36ms
2026-10-06 22:42:43.815 +00:00 [INF] HTTP POST /api/payments responded 200 in 554ms user="grace" trace=29834028-0001-0002-0304-050607080992
2026-10-06 22:42:44.666 +00:00 [INF] HTTP GET /api/orders/{id} responded 200 in 84ms user="ada" trace=3af09c6f-0001-0002-0304-050607080993
2026-10-06 22:42:45.176 +00:00 [WRN] Slow request /api/orders took 8829ms (threshold 1000ms) user="ada"
2026-10-06 22:42:46.831 +00:00 [INF] HTTP PUT /api/payments responded 200 in 153ms user="edsger" trace=668fd3a6-0001-0002-0304-050607080995
2026-10-06 22:42:47.987 +00:00 [ERR] Payment failed for order 0c88ce09-0001-0002-0304-050607080996 user="margaret" amount=529.96 attempt=3
System.Net.Http.HttpRequestException: Response status code does not indicate success: 502 (Bad Gateway).
   at Contoso.Orders.PaymentGateway.ChargeAsync(Order order, CancellationToken token) in C:\src\Orders\PaymentGateway.cs:line 118
   at Contoso.Orders.OrderService.CompleteAsync(Guid orderId) in C:\src\Orders\OrderService.cs:line 64
   at Contoso.Web.Endpoints.OrdersEndpoint.Post(HttpContext context) in C:\src\Web\OrdersEndpoint.cs:line 37
   at Microsoft.AspNetCore.Routing.EndpointMiddleware.Invoke(HttpContext httpContext)
--- End of stack trace from previous location ---
   at Microsoft.AspNetCore.Diagnostics.ExceptionHandlerMiddlewareImpl.Invoke(HttpContext context)
2026-10-06 22:42:49.641 +00:00 [INF] Reconciled inventory batch: warehouse="MEL-02" skus=1341 adjusted=35 notes="Batch includes back-ordered items carried over from the previous cycle; the reconciliation rules treat partially shipped lines as open until the courier confirms delivery, which can take several hours for regional addresses."
2026-10-06 22:42:50.238 +00:00 [VRB] Dispatching OrderService.Tick sequence=2192
2026-10-06 22:42:51.039 +00:00 [WRN] Slow request /api/orders/{id} took 4426ms (threshold 1000ms) user="edsger"
2026-10-06 22:42:51.771 +00:00 [INF] HTTP GET /api/customers/{id} responded 204 in 359ms user="alan" trace=200d2000-0001-0002-0304-05060708099a
2026-10-06 22:42:52.707 +00:00 [INF] HTTP GET /api/orders responded 204 in 519ms user="ada" trace=250092c8-0001-0002-0304-05060708099b
2026-10-06 22:42:53.226 +00:00 [INF] HTTP PUT /health responded 404 in 439ms user="margaret" trace=63796bc0-0001-0002-0304-05060708099c
2026-10-06 22:42:54.000 +00:00 [INF] HTTP POST /health responded 404 in 103ms user="margaret" trace=5a9800d4-0001-0002-0304-05060708099d
2026-10-06 22:42:54.663 +00:00 [INF] HTTP PUT /api/payments responded 204 in 409ms user="linus" trace=2d277938-0001-0002-0304-05060708099e
2026-10-06 22:42:56.293 +00:00 [INF] HTTP GET /api/orders/{id} responded 200 in 51ms user="alan" trace=76896a4d-0001-0002-0304-05060708099f
2026-10-06 22:42:58.662 +00:00 [INF] HTTP GET /api/customers/{id} responded 200 in 237ms user="alan" trace=1358d38f-0001-0002-0304-0506070809a0
2026-10-06 22:42:58.742 +00:00 [WRN] Slow request /api/search took 8472ms (threshold 1000ms) user="alan"
2026-10-06 22:42:59.082 +00:00 [INF] HTTP GET /api/orders/{id} responded 200 in 452ms user="margaret" trace=775c0381-0001-0002-0304-0506070809a2
2026-10-06 22:42:59.446 +00:00 [INF] HTTP GET /api/search responded 200 in 473ms user="ada" trace=0ff89426-0001-0002-0304-0506070809a3
2026-10-06 22:43:00.850 +00:00 [DBG] Cache lookup key="order:59163a43-0001-0002-0304-0506070809a4" hit=True elapsed=39ms
2026-10-06 22:43:00.918 +00:00 [INF] HTTP PUT /api/orders/{id} responded 200 in 348ms user="alan" trace=6c5eb0fc-0001-0002-0304-0506070809a5
2026-10-06 22:43:02.817 +00:00 [INF] HTTP POST /api/orders/{id} responded 200 in 130ms user="margaret" trace=5f8ef6d3-0001-0002-0304-0506070809a6
2026-10-06 22:43:02.977 +00:00 [INF] HTTP GET /api/orders responded 200 in 94ms user="margaret" trace=1dfa604a-0001-0002-0304-0506070809a7
2026-10-06 22:43:03.772 +00:00 [INF] HTTP POST /api/customers/{id} responded 204 in 152ms user="linus" trace=1f3c0207-0001-0002-0304-0506070809a8
2026-10-06 22:43:04.284 +00:00 [DBG] Cache lookup key="order:09bec57f-0001-0002-0304-0506070809a9" hit=False elapsed=7ms
2026-10-06 22:43:05.406 +00:00 [DBG] Cache lookup key="order:4924f378-0001-0002-0304-0506070809aa" hit=True elapsed=22ms
2026-10-06 22:43:06.343 +00:00 [VRB] Dispatching InventorySync.Tick sequence=2211
2026-10-06 22:43:07.234 +00:00 [DBG] Cache lookup key="order:78a885bf-0001-0002-0304-0506070809ac" hit=False elapsed=27ms
2026-10-06 22:43:08.752 +00:00 [INF] HTTP POST /api/orders responded 201 in 18ms user="margaret" trace=421ae72b-0001-0002-0304-0506070809ad
2026-10-06 22:43:09.005 +00:00 [INF] HTTP POST /api/orders responded 200 in 105ms user="barbara" trace=446b449d-0001-0002-0304-0506070809ae
2026-10-06 22:43:11.160 +00:00 [VRB] Dispatching Scheduler.Tick sequence=2215
2026-10-06 22:43:12.819 +00:00 [INF] HTTP PUT /api/customers/{id} responded 404 in 112ms user="margaret" trace=7d3ea1d0-0001-0002-0304-0506070809b0
2026-10-06 22:43:14.045 +00:00 [VRB] Dispatching InventorySync.Tick sequence=2217
2026-10-06 22:43:16.002 +00:00 [INF] HTTP PUT /api/payments responded 204 in 328ms user="linus" trace=535060fd-0001-0002-0304-0506070809b2
2026-10-06 22:43:17.443 +00:00 [INF] HTTP GET /api/payments responded 201 in 121ms user="alan" trace=6899e362-0001-0002-0304-0506070809b3
2026-10-06 22:43:18.116 +00:00 [INF] HTTP PUT /api/orders responded 404 in 584ms user="barbara" trace=578b5d02-0001-0002-0304-0506070809b4
2026-10-06 22:43:19.409 +00:00 [INF] HTTP PUT /api/customers/{id} responded 201 in 109ms user="margaret" trace=35a3fc55-0001-0002-0304-0506070809b5
2026-10-06 22:43:21.350 +00:00 [INF] HTTP PUT /api/payments responded 200 in 450ms user="grace" trace=509b5e06-0001-0002-0304-0506070809b6
2026-10-06 22:43:22.426 +00:00 [DBG] Cache lookup key="order:6ab64c8d-0001-0002-0304-0506070809b7" hit=True elapsed=7ms
2026-10-06 22:43:24.017 +00:00 [VRB] Dispatching PaymentGateway.Tick sequence=2224
2026-10-06 22:43:25.054 +00:00 [INF] HTTP PUT /api/orders/{id} responded 200 in 70ms user="ada" trace=465032e7-0001-0002-0304-0506070809b9
2026-10-06 22:43:25.752 +00:00 [INF] HTTP GET /health responded 200 in 8ms user="alan" trace=59fcaee7-0001-0002-0304-0506070809ba
2026-10-06 22:43:26.485 +00:00 [DBG] Cache lookup key="order:2a525175-0001-0002-0304-0506070809bb" hit=False elapsed=19ms
2026-10-06 22:43:28.278 +00:00 [DBG] Cache lookup key="order:6cd5e155-0001-0002-0304-0506070809bc" hit=False elapsed=5ms
2026-10-06 22:43:29.185 +00:00 [INF] HTTP PUT /api/orders responded 200 in 221ms user="linus" trace=1c5443e1-0001-0002-0304-0506070809bd
2026-10-06 22:43:31.025 +00:00 [VRB] Dispatching InventorySync.Tick sequence=2230
2026-10-06 22:43:31.350 +00:00 [DBG] Cache lookup key="order:4178f15a-0001-0002-0304-0506070809bf" hit=False elapsed=4ms
2026-10-06 22:43:32.948 +00:00 [WRN] Slow request /api/orders took 4063ms (threshold 1000ms) user="grace"
2026-10-06 22:43:34.518 +00:00 [DBG] Cache lookup key="order:084a7ec6-0001-0002-0304-0506070809c1" hit=True elapsed=33ms
2026-10-06 22:43:34.579 +00:00 [DBG] Cache lookup key="order:5e3c94b6-0001-0002-0304-0506070809c2" hit=False elapsed=25ms
2026-10-06 22:43:36.295 +00:00 [INF] HTTP POST /api/search responded 200 in 5ms user="edsger" trace=0ad26594-0001-0002-0304-0506070809c3
2026-10-06 22:43:37.816 +00:00 [INF] HTTP PUT /api/orders/{id} responded 204 in 460ms user="alan" trace=27f35311-0001-0002-0304-0506070809c4
2026-10-06 22:43:39.172 +00:00 [INF] HTTP GET /api/orders/{id} responded 404 in 101ms user="grace" trace=50be7557-0001-0002-0304-0506070809c5
2026-10-06 22:43:39.475 +00:00 [DBG] Cache lookup key="order:44d88d18-0001-0002-0304-0506070809c6" hit=False elapsed=39ms
2026-10-06 22:43:40.247 +00:00 [VRB] Dispatching Scheduler.Tick sequence=2239
2026-10-06 22:43:41.813 +00:00 [INF] HTTP PUT /api/orders responded 200 in 441ms user="edsger" trace=6307a5dd-0001-0002-0304-0506070809c8
2026-10-06 22:43:43.878 +00:00 [DBG] Cache lookup key="order:0bd1e595-0001-0002-0304-0506070809c9" hit=False elapsed=23ms
2026-10-06 22:43:44.500 +00:00 [INF] HTTP PUT /api/search responded 200 in 385ms user="grace" trace=418fbed5-0001-0002-0304-0506070809ca
2026-10-06 22:43:45.653 +00:00 [INF] HTTP POST /api/customers/{id} responded 204 in 285ms user="ada" trace=23f026ff-0001-0002-0304-0506070809cb
2026-10-06 22:43:46.857 +00:00 [INF] HTTP POST /api/search responded 200 in 126ms user="margaret" trace=76cc4511-0001-0002-0304-0506070809cc
2026-10-06 22:43:47.612 +00:00 [DBG] Cache lookup key="order:0f681fbc-0001-0002-0304-0506070809cd" hit=False elapsed=34ms
2026-10-06 22:43:48.760 +00:00 [DBG] Cache lookup key="order:796fafb5-0001-0002-0304-0506070809ce" hit=False elapsed=14ms
2026-10-06 22:43:48.968 +00:00 [INF] HTTP PUT /api/search responded 200 in 373ms user="grace" trace=6b1b3f4f-0001-0002-0304-0506070809cf
2026-10-06 22:43:50.686 +00:00 [INF] HTTP GET /health responded 200 in 119ms user="ada" trace=2ad2241e-0001-0002-0304-0506070809d0
2026-10-06 22:43:51.342 +00:00 [DBG] Cache lookup key="order:77705d08-0001-0002-0304-0506070809d1" hit=True elapsed=2ms
2026-10-06 22:43:51.823 +00:00 [INF] HTTP GET /api/payments responded 201 in 509ms user="ada" trace=5eb49f4c-0001-0002-0304-0506070809d2
2026-10-06 22:43:52.785 +00:00 [INF] HTTP POST /api/orders/{id} responded 201 in 590ms user="edsger" trace=2419a90d-0001-0002-0304-0506070809d3
2026-10-06 22:43:55.164 +00:00 [INF] HTTP POST /api/orders/{id} responded 204 in 558ms user="linus" trace=2e6a68b8-0001-0002-0304-0506070809d4
2026-10-06 22:43:55.228 +00:00 [INF] HTTP PUT /api/search responded 204 in 65ms user="ada" trace=243e6d1e-0001-0002-0304-0506070809d5
2026-10-06 22:43:56.913 +00:00 [WRN] Slow request /health took 2735ms (threshold 1000ms) user="edsger"
2026-10-06 22:43:58.633 +00:00 [VRB] Dispatching PaymentGateway.Tick sequence=2255
2026-10-06 22:43:59.948 +00:00 [INF] HTTP GET /api/orders/{id} responded 404 in 98ms user="margaret" trace=7fdcbe41-0001-0002-0304-0506070809d8
2026-10-06 22:44:01.009 +00:00 [INF] HTTP POST /api/orders responded 200 in 429ms user="linus" trace=44be83c2-0001-0002-0304-0506070809d9
2026-10-06 22:44:01.823 +00:00 [INF] HTTP PUT /api/customers/{id} responded 201 in 349ms user="grace" trace=74b504ee-0001-0002-0304-0506070809da
2026-10-06 22:44:02.622 +00:00 [INF] HTTP PUT /api/orders responded 404 in 136ms user="barbara" trace=1953415c-0001-0002-0304-0506070809db
2026-10-06 22:44:04.123 +00:00 [INF] HTTP GET /api/search responded 404 in 213ms user="edsger" trace=21e72c48-0001-0002-0304-0506070809dc
2026-10-06 22:44:05.681 +00:00 [INF] HTTP POST /api/orders/{id} responded 201 in 300ms user="barbara" trace=447de9b4-0001-0002-0304-0506070809dd
2026-10-06 22:44:07.276 +00:00 [INF] HTTP PUT /api/customers/{id} responded 404 in 19ms user="linus" trace=66094480-0001-0002-0304-0506070809de
2026-10-06 22:44:07.521 +00:00 [DBG] Cache lookup key="order:20a506e2-0001-0002-0304-0506070809df" hit=False elapsed=4ms
2026-10-06 22:44:08.403 +00:00 [INF] HTTP PUT /api/customers/{id} responded 200 in 514ms user="barbara" trace=08b17c0e-0001-0002-0304-0506070809e0
2026-10-06 22:44:09.613 +00:00 [VRB] Dispatching PaymentGateway.Tick sequence=2265
2026-10-06 22:44:09.863 +00:00 [ERR] Payment failed for order 15e15605-0001-0002-0304-0506070809e2 user="ada" amount=733.77 attempt=3
System.Net.Http.HttpRequestException: Response status code does not indicate success: 502 (Bad Gateway).
   at Contoso.Orders.PaymentGateway.ChargeAsync(Order order, CancellationToken token) in C:\src\Orders\PaymentGateway.cs:line 118
   at Contoso.Orders.OrderService.CompleteAsync(Guid orderId) in C:\src\Orders\OrderService.cs:line 64
   at Contoso.Web.Endpoints.OrdersEndpoint.Post(HttpContext context) in C:\src\Web\OrdersEndpoint.cs:line 37
   at Microsoft.AspNetCore.Routing.EndpointMiddleware.Invoke(HttpContext httpContext)
--- End of stack trace from previous location ---
   at Microsoft.AspNetCore.Diagnostics.ExceptionHandlerMiddlewareImpl.Invoke(HttpContext context)
2026-10-06 22:44:09.934 +00:00 [INF] HTTP GET /health responded 200 in 536ms user="linus" trace=3c987142-0001-0002-0304-0506070809e3
2026-10-06 22:44:11.464 +00:00 [DBG] Cache lookup key="order:254e6e50-0001-0002-0304-0506070809e4" hit=True elapsed=37ms
2026-10-06 22:44:12.804 +00:00 [DBG] Cache lookup key="order:7da69898-0001-0002-0304-0506070809e5" hit=False elapsed=24ms
2026-10-06 22:44:13.070 +00:00 [INF] HTTP PUT /api/orders responded 200 in 415ms user="margaret" trace=7d49f1a2-0001-0002-0304-0506070809e6
2026-10-06 22:44:14.169 +00:00 [ERR] Payment failed for order 07ef7ea4-0001-0002-0304-0506070809e7 user="ada" amount=770.54 attempt=3
System.Net.Http.HttpRequestException: Response status code does not indicate success: 502 (Bad Gateway).
   at Contoso.Orders.PaymentGateway.ChargeAsync(Order order, CancellationToken token) in C:\src\Orders\PaymentGateway.cs:line 118
   at Contoso.Orders.OrderService.CompleteAsync(Guid orderId) in C:\src\Orders\OrderService.cs:line 64
   at Contoso.Web.Endpoints.OrdersEndpoint.Post(HttpContext context) in C:\src\Web\OrdersEndpoint.cs:line 37
   at Microsoft.AspNetCore.Routing.EndpointMiddleware.Invoke(HttpContext httpContext)
--- End of stack trace from previous location ---
   at Microsoft.AspNetCore.Diagnostics.ExceptionHandlerMiddlewareImpl.Invoke(HttpContext context)
2026-10-06 22:44:15.079 +00:00 [INF] HTTP POST /api/orders/{id} responded 204 in 103ms user="ada" trace=0ed3c021-0001-0002-0304-0506070809e8
2026-10-06 22:44:17.329 +00:00 [INF] HTTP GET /health responded 404 in 540ms user="barbara" trace=0b499521-0001-0002-0304-0506070809e9
2026-10-06 22:44:17.599 +00:00 [FTL] Unhandled exception in Scheduler; the host is shutting down
System.InvalidOperationException: Sequence contains no elements
   at Contoso.Orders.PaymentGateway.ChargeAsync(Order order, CancellationToken token) in C:\src\Orders\PaymentGateway.cs:line 118
   at Contoso.Orders.OrderService.CompleteAsync(Guid orderId) in C:\src\Orders\OrderService.cs:line 64
   at Contoso.Web.Endpoints.OrdersEndpoint.Post(HttpContext context) in C:\src\Web\OrdersEndpoint.cs:line 37
   at Microsoft.AspNetCore.Routing.EndpointMiddleware.Invoke(HttpContext httpContext)
--- End of stack trace from previous location ---
   at Microsoft.AspNetCore.Diagnostics.ExceptionHandlerMiddlewareImpl.Invoke(HttpContext context)
2026-10-06 22:44:17.854 +00:00 [INF] HTTP GET /api/search responded 200 in 263ms user="linus" trace=3cc3956c-0001-0002-0304-0506070809eb
2026-10-06 22:44:19.366 +00:00 [WRN] Slow request /api/orders took 5632ms (threshold 1000ms) user="alan"
2026-10-06 22:44:19.372 +00:00 [DBG] Cache lookup key="order:52e2902d-0001-0002-0304-0506070809ed" hit=True elapsed=15ms
2026-10-06 22:44:21.631 +00:00 [INF] HTTP PUT /api/orders/{id} responded 200 in 591ms user="ada" trace=3a28cfe5-0001-0002-0304-0506070809ee
2026-10-06 22:44:22.967 +00:00 [INF] HTTP POST /api/orders/{id} responded 404 in 499ms user="ada" trace=1dc58573-0001-0002-0304-0506070809ef
2026-10-06 22:44:24.697 +00:00 [INF] HTTP GET /api/orders/{id} responded 204 in 359ms user="grace" trace=4b627a3a-0001-0002-0304-0506070809f0
2026-10-06 22:44:26.157 +00:00 [INF] HTTP PUT /api/orders/{id} responded 204 in 242ms user="alan" trace=2a9af7cc-0001-0002-0304-0506070809f1
2026-10-06 22:44:26.809 +00:00 [INF] HTTP POST /api/customers/{id} responded 404 in 4ms user="edsger" trace=0f34f80c-0001-0002-0304-0506070809f2
2026-10-06 22:44:26.821 +00:00 [INF] HTTP GET /health responded 204 in 169ms user="alan" trace=5dc4b2cc-0001-0002-0304-0506070809f3
2026-10-06 22:44:27.531 +00:00 [DBG] Cache lookup key="order:1383b2ab-0001-0002-0304-0506070809f4" hit=False elapsed=38ms
2026-10-06 22:44:27.780 +00:00 [DBG] Cache lookup key="order:4242e5b8-0001-0002-0304-0506070809f5" hit=True elapsed=11ms
2026-10-06 22:44:28.206 +00:00 [INF] HTTP POST /api/search responded 201 in 485ms user="grace" trace=66ced9ad-0001-0002-0304-0506070809f6
2026-10-06 22:44:28.552 +00:00 [DBG] Cache lookup key="order:6ba90ea4-0001-0002-0304-0506070809f7" hit=False elapsed=10ms
2026-10-06 22:44:29.960 +00:00 [DBG] Cache lookup key="order:49b15639-0001-0002-0304-0506070809f8" hit=True elapsed=37ms
2026-10-06 22:44:32.030 +00:00 [INF] HTTP GET /api/search responded 200 in 182ms user="ada" trace=449082c8-0001-0002-0304-0506070809f9
2026-10-06 22:44:33.803 +00:00 [INF] HTTP GET /health responded 200 in 89ms user="barbara" trace=0be18870-0001-0002-0304-0506070809fa
2026-10-06 22:44:35.513 +00:00 [WRN] Slow request /health took 8846ms (threshold 1000ms) user="grace"
2026-10-06 22:44:35.845 +00:00 [WRN] Slow request /api/orders took 2457ms (threshold 1000ms) user="alan"
2026-10-06 22:44:36.770 +00:00 [INF] HTTP PUT /api/payments responded 404 in 327ms user="linus" trace=0d002013-0001-0002-0304-0506070809fd
2026-10-06 22:44:38.737 +00:00 [INF] HTTP POST /api/orders responded 201 in 388ms user="barbara" trace=350ed1ca-0001-0002-0304-0506070809fe
2026-10-06 22:44:40.450 +00:00 [WRN] Slow request /api/payments took 4634ms (threshold 1000ms) user="margaret"
2026-10-06 22:44:41.791 +00:00 [INF] HTTP GET /api/payments responded 404 in 539ms user="linus" trace=09fd12f4-0001-0002-0304-050607080901
2026-10-06 22:44:43.201 +00:00 [INF] HTTP PUT /api/orders responded 404 in 205ms user="ada" trace=6af86a58-0001-0002-0304-050607080902
2026-10-06 22:44:43.450 +00:00 [WRN] Slow request /api/orders/{id} took 8744ms (threshold 1000ms) user="alan"
2026-10-06 22:44:44.891 +00:00 [INF] HTTP PUT /api/payments responded 200 in 493ms user="margaret" trace=07be7839-0001-0002-0304-050607080904
2026-10-06 22:44:46.759 +00:00 [DBG] Cache lookup key="order:78ce62eb-0001-0002-0304-050607080905" hit=False elapsed=23ms
2026-10-06 22:44:48.390 +00:00 [INF] HTTP GET /api/orders responded 404 in 444ms user="margaret" trace=41ea635b-0001-0002-0304-050607080906
2026-10-06 22:44:49.173 +00:00 [INF] HTTP POST /api/orders responded 200 in 420ms user="margaret" trace=14e6c4f2-0001-0002-0304-050607080907
2026-10-06 22:44:51.248 +00:00 [WRN] Slow request /api/orders/{id} took 6534ms (threshold 1000ms) user="ada"
2026-10-06 22:44:51.863 +00:00 [DBG] Cache lookup key="order:00ac8441-0001-0002-0304-050607080909" hit=False elapsed=30ms
2026-10-06 22:44:54.169 +00:00 [INF] HTTP POST /api/customers/{id} responded 201 in 115ms user="ada" trace=7c7d29ed-0001-0002-0304-05060708090a
2026-10-06 22:44:55.102 +00:00 [VRB] Dispatching AuthProvider.Tick sequence=2306
2026-10-06 22:44:57.168 +00:00 [INF] Reconciled inventory batch: warehouse="MEL-02" skus=3013 adjusted=78 notes="Batch includes back-ordered items carried over from the previous cycle; the reconciliation rules treat partially shipped lines as open until the courier confirms delivery, which can take several hours for regional addresses."
2026-10-06 22:44:57.299 +00:00 [INF] HTTP POST /health responded 204 in 251ms user="ada" trace=382a677a-0001-0002-0304-05060708090d
2026-10-06 22:44:59.687 +00:00 [INF] HTTP GET /api/payments responded 200 in 467ms user="edsger" trace=4589f2d8-0001-0002-0304-05060708090e
2026-10-06 22:45:00.983 +00:00 [INF] HTTP PUT /api/search responded 204 in 188ms user="margaret" trace=43e46bfc-0001-0002-0304-05060708090f
2026-10-06 22:45:02.118 +00:00 [INF] HTTP GET /api/orders/{id} responded 200 in 495ms user="edsger" trace=641193c0-0001-0002-0304-050607080910
2026-10-06 22:45:02.660 +00:00 [ERR] Payment failed for order 7c219405-0001-0002-0304-050607080911 user="linus" amount=794.40 attempt=3
System.Net.Http.HttpRequestException: Response status code does not indicate success: 502 (Bad Gateway).
   at Contoso.Orders.PaymentGateway.ChargeAsync(Order order, CancellationToken token) in C:\src\Orders\PaymentGateway.cs:line 118
   at Contoso.Orders.OrderService.CompleteAsync(Guid orderId) in C:\src\Orders\OrderService.cs:line 64
   at Contoso.Web.Endpoints.OrdersEndpoint.Post(HttpContext context) in C:\src\Web\OrdersEndpoint.cs:line 37
   at Microsoft.AspNetCore.Routing.EndpointMiddleware.Invoke(HttpContext httpContext)
--- End of stack trace from previous location ---
   at Microsoft.AspNetCore.Diagnostics.ExceptionHandlerMiddlewareImpl.Invoke(HttpContext context)
2026-10-06 22:45:03.813 +00:00 [DBG] Cache lookup key="order:10e14c1f-0001-0002-0304-050607080912" hit=True elapsed=21ms
2026-10-06 22:45:05.750 +00:00 [INF] HTTP POST /api/search responded 200 in 202ms user="grace" trace=7a8c22c4-0001-0002-0304-050607080913
2026-10-06 22:45:07.054 +00:00 [DBG] Cache lookup key="order:2b8ec6bb-0001-0002-0304-050607080914" hit=True elapsed=30ms
2026-10-06 22:45:09.374 +00:00 [INF] HTTP GET /api/payments responded 204 in 453ms user="ada" trace=7359bfa0-0001-0002-0304-050607080915
2026-10-06 22:45:10.142 +00:00 [ERR] Payment failed for order 362b4e8a-0001-0002-0304-050607080916 user="ada" amount=807.27 attempt=3
System.Net.Http.HttpRequestException: Response status code does not indicate success: 502 (Bad Gateway).
   at Contoso.Orders.PaymentGateway.ChargeAsync(Order order, CancellationToken token) in C:\src\Orders\PaymentGateway.cs:line 118
   at Contoso.Orders.OrderService.CompleteAsync(Guid orderId) in C:\src\Orders\OrderService.cs:line 64
   at Contoso.Web.Endpoints.OrdersEndpoint.Post(HttpContext context) in C:\src\Web\OrdersEndpoint.cs:line 37
   at Microsoft.AspNetCore.Routing.EndpointMiddleware.Invoke(HttpContext httpContext)
--- End of stack trace from previous location ---
   at Microsoft.AspNetCore.Diagnostics.ExceptionHandlerMiddlewareImpl.Invoke(HttpContext context)
2026-10-06 22:45:10.672 +00:00 [INF] HTTP GET /api/customers/{id} responded 200 in 374ms user="edsger" trace=6a266568-0001-0002-0304-050607080917
2026-10-06 22:45:12.362 +00:00 [INF] HTTP POST /api/orders/{id} responded 404 in 7ms user="linus" trace=1d4aac81-0001-0002-0304-050607080918
2026-10-06 22:45:12.375 +00:00 [WRN] Slow request /api/payments took 7172ms (threshold 1000ms) user="ada"
2026-10-06 22:45:12.433 +00:00 [FTL] Unhandled exception in OrderService; the host is shutting down
System.InvalidOperationException: Sequence contains no elements
   at Contoso.Orders.PaymentGateway.ChargeAsync(Order order, CancellationToken token) in C:\src\Orders\PaymentGateway.cs:line 118
   at Contoso.Orders.OrderService.CompleteAsync(Guid orderId) in C:\src\Orders\OrderService.cs:line 64
   at Contoso.Web.Endpoints.OrdersEndpoint.Post(HttpContext context) in C:\src\Web\OrdersEndpoint.cs:line 37
   at Microsoft.AspNetCore.Routing.EndpointMiddleware.Invoke(HttpContext httpContext)
--- End of stack trace from previous location ---
   at Microsoft.AspNetCore.Diagnostics.ExceptionHandlerMiddlewareImpl.Invoke(HttpContext context)
2026-10-06 22:45:12.562 +00:00 [INF] HTTP PUT /health responded 200 in 71ms user="grace" trace=76eb134a-0001-0002-0304-05060708091b
2026-10-06 22:45:14.753 +00:00 [INF] HTTP POST /api/payments responded 200 in 9ms user="grace" trace=25988a34-0001-0002-0304-05060708091c
2026-10-06 22:45:15.642 +00:00 [INF] HTTP POST /api/orders/{id} responded 200 in 11ms user="alan" trace=2a0811f7-0001-0002-0304-05060708091d
2026-10-06 22:45:17.919 +00:00 [INF] Reconciled inventory batch: warehouse="MEL-02" skus=1870 adjusted=48 notes="Batch includes back-ordered items carried over from the previous cycle; the reconciliation rules treat partially shipped lines as open until the courier confirms delivery, which can take several hours for regional addresses."
2026-10-06 22:45:19.197 +00:00 [INF] HTTP POST /api/customers/{id} responded 200 in 493ms user="ada" trace=1b0a2934-0001-0002-0304-05060708091f
2026-10-06 22:45:20.095 +00:00 [FTL] Unhandled exception in PaymentGateway; the host is shutting down
System.InvalidOperationException: Sequence contains no elements
   at Contoso.Orders.PaymentGateway.ChargeAsync(Order order, CancellationToken token) in C:\src\Orders\PaymentGateway.cs:line 118
   at Contoso.Orders.OrderService.CompleteAsync(Guid orderId) in C:\src\Orders\OrderService.cs:line 64
   at Contoso.Web.Endpoints.OrdersEndpoint.Post(HttpContext context) in C:\src\Web\OrdersEndpoint.cs:line 37
   at Microsoft.AspNetCore.Routing.EndpointMiddleware.Invoke(HttpContext httpContext)
--- End of stack trace from previous location ---
   at Microsoft.AspNetCore.Diagnostics.ExceptionHandlerMiddlewareImpl.Invoke(HttpContext context)
2026-10-06 22:45:20.989 +00:00 [INF] HTTP PUT /health responded 200 in 392ms user="margaret" trace=2dc1819f-0001-0002-0304-050607080921
2026-10-06 22:45:22.223 +00:00 [DBG] Cache lookup key="order:45b0c07c-0001-0002-0304-050607080922" hit=True elapsed=9ms
2026-10-06 22:45:22.615 +00:00 [INF] HTTP PUT /api/orders/{id} responded 201 in 65ms user="edsger" trace=33b5d2d1-0001-0002-0304-050607080923
2026-10-06 22:45:23.550 +00:00 [DBG] Cache lookup key="order:67c8e385-0001-0002-0304-050607080924" hit=False elapsed=19ms
2026-10-06 22:45:24.865 +00:00 [DBG] Cache lookup key="order:4ea647b0-0001-0002-0304-050607080925" hit=True elapsed=4ms
2026-10-06 22:45:27.119 +00:00 [DBG] Cache lookup key="order:0706c7ff-0001-0002-0304-050607080926" hit=True elapsed=31ms
2026-10-06 22:45:28.796 +00:00 [INF] HTTP POST /api/search responded 204 in 523ms user="ada" trace=5375b47b-0001-0002-0304-050607080927
2026-10-06 22:45:29.677 +00:00 [INF] HTTP PUT /api/orders responded 200 in 162ms user="margaret" trace=51c88046-0001-0002-0304-050607080928
2026-10-06 22:45:30.697 +00:00 [INF] HTTP PUT /api/orders responded 200 in 212ms user="alan" trace=05314c1a-0001-0002-0304-050607080929
2026-10-06 22:45:31.461 +00:00 [INF] HTTP GET /health responded 404 in 316ms user="margaret" trace=3d2aa29e-0001-0002-0304-05060708092a
2026-10-06 22:45:32.599 +00:00 [WRN] Slow request /api/orders took 6944ms (threshold 1000ms) user="alan"
2026-10-06 22:45:34.271 +00:00 [INF] HTTP GET /api/payments responded 204 in 119ms user="alan" trace=30b3a5e0-0001-0002-0304-05060708092c
2026-10-06 22:45:36.122 +00:00 [INF] HTTP PUT /api/orders responded 201 in 534ms user="ada" trace=5608f9f9-0001-0002-0304-05060708092d
2026-10-06 22:45:38.503 +00:00 [INF] Reconciled inventory batch: warehouse="MEL-02" skus=1406 adjusted=39 notes="Batch includes back-ordered items carried over from the previous cycle; the reconciliation rules treat partially shipped lines as open until the courier confirms delivery, which can take several hours for regional addresses."
2026-10-06 22:45:40.664 +00:00 [VRB] Dispatching OrderService.Tick sequence=2342
2026-10-06 22:45:41.308 +00:00 [DBG] Cache lookup key="order:12f92c26-0001-0002-0304-050607080930" hit=True elapsed=8ms
2026-10-06 22:45:42.959 +00:00 [INF] HTTP POST /api/payments responded 200 in 588ms user="ada" trace=0d10a73e-0001-0002-0304-050607080931
2026-10-06 22:45:43.257 +00:00 [DBG] Cache lookup key="order:384efa7f-0001-0002-0304-050607080932" hit=True elapsed=8ms
2026-10-06 22:45:43.863 +00:00 [VRB] Dispatching InventorySync.Tick sequence=2346
2026-10-06 22:45:45.071 +00:00 [INF] Reconciled inventory batch: warehouse="MEL-02" skus=3512 adjusted=43 notes="Batch includes back-ordered items carried over from the previous cycle; the reconciliation rules treat partially shipped lines as open until the courier confirms delivery, which can take several hours for regional addresses."
2026-10-06 22:45:46.965 +00:00 [INF] HTTP GET /api/customers/{id} responded 200 in 197ms user="edsger" trace=0d29263b-0001-0002-0304-050607080935
2026-10-06 22:45:48.146 +00:00 [WRN] Slow request /health took 5797ms (threshold 1000ms) user="edsger"
2026-10-06 22:45:48.795 +00:00 [INF] HTTP GET /api/search responded 204 in 589ms user="edsger" trace=1b279d13-0001-0002-0304-050607080937
2026-10-06 22:45:49.337 +00:00 [INF] HTTP POST /api/orders/{id} responded 201 in 458ms user="alan" trace=4a809371-0001-0002-0304-050607080938
2026-10-06 22:45:50.026 +00:00 [INF] HTTP POST /health responded 200 in 527ms user="grace" trace=476d9e6d-0001-0002-0304-050607080939
2026-10-06 22:45:50.255 +00:00 [DBG] Cache lookup key="order:0eb308a9-0001-0002-0304-05060708093a" hit=False elapsed=4ms
2026-10-06 22:45:51.663 +00:00 [VRB] Dispatching PaymentGateway.Tick sequence=2354
2026-10-06 22:45:51.799 +00:00 [INF] HTTP GET /health responded 201 in 293ms user="grace" trace=77d19475-0001-0002-0304-05060708093c
2026-10-06 22:45:53.972 +00:00 [DBG] Cache lookup key="order:30340385-0001-0002-0304-05060708093d" hit=True elapsed=5ms
2026-10-06 22:45:55.722 +00:00 [INF] HTTP GET /health responded 404 in 436ms user="alan" trace=5e0780d5-0001-0002-0304-05060708093e
2026-10-06 22:45:57.662 +00:00 [WRN] Slow request /api/search took 7953ms (threshold 1000ms) user="ada"
2026-10-06 22:45:57.986 +00:00 [DBG] Cache lookup key="order:64ac8615-0001-0002-0304-050607080940" hit=False elapsed=14ms
2026-10-06 22:45:58.363 +00:00 [ERR] Payment failed for order 619a7005-0001-0002-0304-050607080941 user="ada" amount=179.96 attempt=3
System.Net.Http.HttpRequestException: Response status code does not indicate success: 502 (Bad Gateway).
   at Contoso.Orders.PaymentGateway.ChargeAsync(Order order, CancellationToken token) in C:\src\Orders\PaymentGateway.cs:line 118
   at Contoso.Orders.OrderService.CompleteAsync(Guid orderId) in C:\src\Orders\OrderService.cs:line 64
   at Contoso.Web.Endpoints.OrdersEndpoint.Post(HttpContext context) in C:\src\Web\OrdersEndpoint.cs:line 37
   at Microsoft.AspNetCore.Routing.EndpointMiddleware.Invoke(HttpContext httpContext)
--- End of stack trace from previous location ---
   at Microsoft.AspNetCore.Diagnostics.ExceptionHandlerMiddlewareImpl.Invoke(HttpContext context)
2026-10-06 22:46:00.303 +00:00 [INF] HTTP POST /health responded 204 in 3ms user="margaret" trace=5408c591-0001-0002-0304-050607080942
2026-10-06 22:46:01.238 +00:00 [DBG] Cache lookup key="order:537065fd-0001-0002-0304-050607080943" hit=True elapsed=21ms
2026-10-06 22:46:02.309 +00:00 [DBG] Cache lookup key="order:0919757e-0001-0002-0304-050607080944" hit=True elapsed=34ms
2026-10-06 22:46:04.109 +00:00 [INF] HTTP PUT /api/orders/{id} responded 201 in 340ms user="linus" trace=5bd3fe66-0001-0002-0304-050607080945
2026-10-06 22:46:06.411 +00:00 [INF] HTTP POST /api/orders/{id} responded 200 in 518ms user="edsger" trace=1a1489b2-0001-0002-0304-050607080946
2026-10-06 22:46:08.597 +00:00 [DBG] Cache lookup key="order:1dddeb5b-0001-0002-0304-050607080947" hit=True elapsed=33ms
2026-10-06 22:46:09.745 +00:00 [INF] HTTP GET /api/search responded 201 in 496ms user="barbara" trace=6bdcf58f-0001-0002-0304-050607080948
2026-10-06 22:46:10.002 +00:00 [ERR] Payment failed for order 2af24545-0001-0002-0304-050607080949 user="alan" amount=204.87 attempt=3
System.Net.Http.HttpRequestException: Response status code does not indicate success: 502 (Bad Gateway).
   at Contoso.Orders.PaymentGateway.ChargeAsync(Order order, CancellationToken token) in C:\src\Orders\PaymentGateway.cs:line 118
   at Contoso.Orders.OrderService.CompleteAsync(Guid orderId) in C:\src\Orders\OrderService.cs:line 64
   at Contoso.Web.Endpoints.OrdersEndpoint.Post(HttpContext context) in C:\src\Web\OrdersEndpoint.cs:line 37
   at Microsoft.AspNetCore.Routing.EndpointMiddleware.Invoke(HttpContext httpContext)
--- End of stack trace from previous location ---
   at Microsoft.AspNetCore.Diagnostics.ExceptionHandlerMiddlewareImpl.Invoke(HttpContext context)
2026-10-06 22:46:11.460 +00:00 [WRN] Slow request /api/customers/{id} took 2036ms (threshold 1000ms) user="alan"
2026-10-06 22:46:11.562 +00:00 [INF] HTTP GET /api/payments responded 200 in 350ms user="edsger" trace=3542f369-0001-0002-0304-05060708094b
2026-10-06 22:46:12.566 +00:00 [INF] HTTP GET /api/payments responded 404 in 305ms user="edsger" trace=5212ba4a-0001-0002-0304-05060708094c
2026-10-06 22:46:12.928 +00:00 [INF] HTTP PUT /api/customers/{id} responded 200 in 410ms user="barbara" trace=52fff862-0001-0002-0304-05060708094d
2026-10-06 22:46:13.689 +00:00 [DBG] Cache lookup key="order:26534a77-0001-0002-0304-05060708094e" hit=False elapsed=32ms
2026-10-06 22:46:14.226 +00:00 [INF] HTTP PUT /api/orders/{id} responded 204 in 93ms user="edsger" trace=383e9437-0001-0002-0304-05060708094f
2026-10-06 22:46:15.991 +00:00 [INF] HTTP POST /api/payments responded 200 in 150ms user="grace" trace=2863d3bd-0001-0002-0304-050607080950
2026-10-06 22:46:16.061 +00:00 [DBG] Cache lookup key="order:0cdee5c3-0001-0002-0304-050607080951" hit=True elapsed=2ms
2026-10-06 22:46:17.376 +00:00 [INF] HTTP GET /api/orders responded 404 in 539ms user="barbara" trace=744c7413-0001-0002-0304-050607080952
2026-10-06 22:46:18.007 +00:00 [WRN] Slow request /api/customers/{id} took 2096ms (threshold 1000ms) user="linus"
2026-10-06 22:46:20.388 +00:00 [INF] HTTP GET /api/orders responded 404 in 315ms user="ada" trace=565b73e2-0001-0002-0304-050607080954
2026-10-06 22:46:21.407 +00:00 [VRB] Dispatching PaymentGateway.Tick sequence=2380
2026-10-06 22:46:21.577 +00:00 [DBG] Cache lookup key="order:7270dd1e-0001-0002-0304-050607080956" hit=False elapsed=34ms
2026-10-06 22:46:22.007 +00:00 [INF] HTTP PUT /api/payments responded 204 in 33ms user="edsger" trace=001e3c3e-0001-0002-0304-050607080957
2026-10-06 22:46:24.014 +00:00 [INF] HTTP PUT /api/orders/{id} responded 204 in 154ms user="grace" trace=7eda8663-0001-0002-0304-050607080958
2026-10-06 22:46:24.398 +00:00 [DBG] Cache lookup key="order:6e590037-0001-0002-0304-050607080959" hit=True elapsed=35ms
2026-10-06 22:46:24.460 +00:00 [INF] HTTP PUT /api/orders responded 201 in 431ms user="ada" trace=17d90789-0001-0002-0304-05060708095a
2026-10-06 22:46:25.729 +00:00 [DBG] Cache lookup key="order:5ee8219f-0001-0002-0304-05060708095b" hit=False elapsed=7ms
2026-10-06 22:46:26.403 +00:00 [INF] HTTP PUT /api/orders/{id} responded 404 in 521ms user="grace" trace=7dc713cf-0001-0002-0304-05060708095c
2026-10-06 22:46:27.053 +00:00 [VRB] Dispatching AuthProvider.Tick sequence=2388
2026-10-06 22:46:29.008 +00:00 [ERR] Payment failed for order 14e9e3a9-0001-0002-0304-05060708095e user="barbara" amount=271.91 attempt=3
System.Net.Http.HttpRequestException: Response status code does not indicate success: 502 (Bad Gateway).
   at Contoso.Orders.PaymentGateway.ChargeAsync(Order order, CancellationToken token) in C:\src\Orders\PaymentGateway.cs:line 118
   at Contoso.Orders.OrderService.CompleteAsync(Guid orderId) in C:\src\Orders\OrderService.cs:line 64
   at Contoso.Web.Endpoints.OrdersEndpoint.Post(HttpContext context) in C:\src\Web\OrdersEndpoint.cs:line 37
   at Microsoft.AspNetCore.Routing.EndpointMiddleware.Invoke(HttpContext httpContext)
--- End of stack trace from previous location ---
   at Microsoft.AspNetCore.Diagnostics.ExceptionHandlerMiddlewareImpl.Invoke(HttpContext context)
2026-10-06 22:46:29.689 +00:00 [INF] HTTP PUT /health responded 404 in 15ms user="grace" trace=75338f12-0001-0002-0304-05060708095f
2026-10-06 22:46:29.977 +00:00 [WRN] Slow request /api/orders took 4384ms (threshold 1000ms) user="alan"
2026-10-06 22:46:30.302 +00:00 [INF] HTTP PUT /api/orders responded 404 in 350ms user="linus" trace=7d0637db-0001-0002-0304-050607080961
2026-10-06 22:46:30.680 +00:00 [DBG] Cache lookup key="order:226f7781-0001-0002-0304-050607080962" hit=False elapsed=28ms
2026-10-06 22:46:31.204 +00:00 [INF] HTTP PUT /api/orders responded 204 in 160ms user="alan" trace=01b6c193-0001-0002-0304-050607080963
2026-10-06 22:46:31.399 +00:00 [INF] HTTP GET /api/orders/{id} responded 404 in 445ms user="barbara" trace=100eee80-0001-0002-0304-050607080964
2026-10-06 22:46:32.103 +00:00 [INF] HTTP PUT /health responded 404 in 337ms user="margaret" trace=091f183f-0001-0002-0304-050607080965
2026-10-06 22:46:33.102 +00:00 [DBG] Cache lookup key="order:59b14ec7-0001-0002-0304-050607080966" hit=True elapsed=38ms
2026-10-06 22:46:33.568 +00:00 [INF] HTTP PUT /api/orders responded 200 in 578ms user="barbara" trace=04ddd5d6-0001-0002-0304-050607080967
2026-10-06 22:46:35.846 +00:00 [DBG] Cache lookup key="order:6f60cadb-0001-0002-0304-050607080968" hit=True elapsed=14ms
2026-10-06 22:46:36.952 +00:00 [INF] HTTP POST /api/search responded 200 in 112ms user="alan" trace=0a764cbc-0001-0002-0304-050607080969
